Time Stamp,ID,Extended,Dir,Bus,LEN,D1,D2,D3,D4,D5,D6,D7,D8
-1778190078112444,00000180,false,Rx,0,8,01,00,01,00,00,00,00,00,
-1778190078111464,00000280,false,Rx,0,8,9C,A6,B9,3E,00,00,00,00,
-1778190078110535,00000281,false,Rx,0,8,51,0B,DC,42,00,00,34,42,
-1778190078109507,00000380,false,Rx,0,8,00,00,00,00,00,00,00,00,
-1778190078108528,00000381,false,Rx,0,8,05,00,80,3F,00,00,00,00,
-1778190078089878,00000180,false,Rx,0,8,01,00,01,00,00,00,00,00,
-1778190078088898,00000280,false,Rx,0,8,9C,A6,B9,3E,00,00,00,00,
-1778190078087966,00000281,false,Rx,0,8,51,0B,DC,42,00,00,34,42,
-1778190078086937,00000380,false,Rx,0,8,00,00,00,00,00,00,00,00,
-1778190078085959,00000381,false,Rx,0,8,05,00,80,3F,00,00,00,00,
-1778190092517404,00000180,false,Rx,0,8,01,00,01,00,00,00,00,00,
-1778190092516432,00000280,false,Rx,0,8,93,95,B9,3E,00,00,00,00,
-1778190092515499,00000281,false,Rx,0,8,51,0B,DC,42,00,00,34,42,
-1778190092514474,00000380,false,Rx,0,8,00,00,00,00,00,00,00,00,
-1778190092513492,00000381,false,Rx,0,8,05,00,80,3F,00,00,00,00,
-1778190092494745,00000180,false,Rx,0,8,01,00,01,00,00,00,00,00,
-1778190092493774,00000280,false,Rx,0,8,93,95,B9,3E,00,00,00,00,
-1778190092492845,00000281,false,Rx,0,8,51,0B,DC,42,00,00,34,42,
-1778190092491816,00000380,false,Rx,0,8,00,00,00,00,00,00,00,00,
-1778190092490837,00000381,false,Rx,0,8,05,00,80,3F,00,00,00,00,
-1778190092474255,00000180,false,Rx,0,8,01,00,01,00,00,00,00,00,
-1778190092473296,00000280,false,Rx,0,8,65,85,B9,3E,00,00,00,00,
-1778190092472363,00000281,false,Rx,0,8,51,0B,DC,42,00,00,34,42,
-1778190092471338,00000380,false,Rx,0,8,00,00,00,00,00,00,00,00,
-1778190092470358,00000381,false,Rx,0,8,05,00,80,3F,00,00,00,00,
-1778190092449184,00000180,false,Rx,0,8,01,00,01,00,00,00,00,00,
-1778190092448322,00000280,false,Rx,0,8,65,85,B9,3E,00,00,00,00,
-1778190092447392,00000281,false,Rx,0,8,51,0B,DC,42,00,00,34,42,
-1778190092446364,00000380,false,Rx,0,8,00,00,00,00,00,00,00,00,
-1778190092445382,00000381,false,Rx,0,8,05,00,80,3F,00,00,00,00,
-1778190092428694,00000180,false,Rx,0,8,01,00,01,00,00,00,00,00,
-1778190092427817,00000280,false,Rx,0,8,06,76,B9,3E,00,00,00,00,
-1778190092426885,00000281,false,Rx,0,8,51,0B,DC,42,00,00,34,42,
-1778190092425858,00000380,false,Rx,0,8,00,00,00,00,00,00,00,00,
-1778190092424878,00000381,false,Rx,0,8,05,00,80,3F,00,00,00,00,
-1778190092406124,00000180,false,Rx,0,8,01,00,01,00,00,00,00,00,
-1778190092405145,00000280,false,Rx,0,8,06,76,B9,3E,00,00,00,00,
-1778190092404211,00000281,false,Rx,0,8,51,0B,DC,42,00,00,34,42,
-1778190092403186,00000380,false,Rx,0,8,00,00,00,00,00,00,00,00,
-1778190092402208,00000381,false,Rx,0,8,05,00,80,3F,00,00,00,00,
-1778190092383546,00000180,false,Rx,0,8,01,00,01,00,00,00,00,00,
-1778190092382568,00000280,false,Rx,0,8,06,76,B9,3E,00,00,00,00,
-1778190092381635,00000281,false,Rx,0,8,51,0B,DC,42,00,00,34,42,
-1778190092380609,00000380,false,Rx,0,8,00,00,00,00,00,00,00,00,
-1778190092379631,00000381,false,Rx,0,8,05,00,80,3F,00,00,00,00,
-1778190092363064,00000180,false,Rx,0,8,01,00,01,00,00,00,00,00,
-1778190092362093,00000280,false,Rx,0,8,6B,67,B9,3E,00,00,00,00,
-1778190092361164,00000281,false,Rx,0,8,51,0B,DC,42,00,00,34,42,
-1778190092360135,00000380,false,Rx,0,8,00,00,00,00,00,00,00,00,
-1778190092359156,00000381,false,Rx,0,8,05,00,80,3F,00,00,00,00,
-1778190092340418,00000180,false,Rx,0,8,01,00,01,00,00,00,00,00,
-1778190092339447,00000280,false,Rx,0,8,6B,67,B9,3E,00,00,00,00,
-1778190092338514,00000281,false,Rx,0,8,51,0B,DC,42,00,00,34,42,
-1778190092337489,00000380,false,Rx,0,8,00,00,00,00,00,00,00,00,
-1778190092336510,00000381,false,Rx,0,8,05,00,80,3F,00,00,00,00,
-1778190092319920,00000180,false,Rx,0,8,01,00,01,00,00,00,00,00,
-1778190092318942,00000280,false,Rx,0,8,8B,59,B9,3E,00,00,00,00,
-1778190092318013,00000281,false,Rx,0,8,51,0B,DC,42,00,00,34,42,
-1778190092316983,00000380,false,Rx,0,8,00,00,00,00,00,00,00,00,
-1778190092316005,00000381,false,Rx,0,8,05,00,80,3F,00,00,00,00,
-1778190092294841,00000180,false,Rx,0,8,01,00,01,00,00,00,00,00,
-1778190092293862,00000280,false,Rx,0,8,8B,59,B9,3E,00,00,00,00,
-1778190092292929,00000281,false,Rx,0,8,51,0B,DC,42,00,00,34,42,
-1778190092291904,00000380,false,Rx,0,8,00,00,00,00,00,00,00,00,
-1778190092290925,00000381,false,Rx,0,8,05,00,80,3F,00,00,00,00,
-1778190092274374,00000180,false,Rx,0,8,01,00,01,00,00,00,00,00,
-1778190092273410,00000280,false,Rx,0,8,5D,4C,B9,3E,00,00,00,00,
-1778190092272482,00000281,false,Rx,0,8,51,0B,DC,42,00,00,34,42,
-1778190092271453,00000380,false,Rx,0,8,00,00,00,00,00,00,00,00,
-1778190092270473,00000381,false,Rx,0,8,05,00,80,3F,00,00,00,00,
-1778190092254209,00000180,false,Rx,0,8,01,00,01,00,00,00,00,00,
-1778190092253245,00000280,false,Rx,0,8,5D,4C,B9,3E,00,00,00,00,
-1778190092252316,00000281,false,Rx,0,8,51,0B,DC,42,00,00,34,42,
-1778190092251287,00000380,false,Rx,0,8,00,00,00,00,00,00,00,00,
-1778190092250308,00000381,false,Rx,0,8,05,00,80,3F,00,00,00,00,
-1778190092231539,00000180,false,Rx,0,8,01,00,01,00,00,00,00,00,
-1778190092230576,00000280,false,Rx,0,8,5D,4C,B9,3E,00,00,00,00,
-1778190092229642,00000281,false,Rx,0,8,51,0B,DC,42,00,00,34,42,
-1778190092228715,00000380,false,Rx,0,8,00,00,00,00,00,00,00,00,
-1778190092227735,00000381,false,Rx,0,8,05,00,80,3F,00,00,00,00,
-1778190092211057,00000180,false,Rx,0,8,01,00,01,00,00,00,00,00,
-1778190092210074,00000280,false,Rx,0,8,D7,3F,B9,3E,00,00,00,00,
-1778190092209146,00000281,false,Rx,0,8,51,0B,DC,42,00,00,34,42,
-1778190092208215,00000380,false,Rx,0,8,00,00,00,00,00,00,00,00,
-1778190092207238,00000381,false,Rx,0,8,05,00,80,3F,00,00,00,00,
-1778190092188504,00000180,false,Rx,0,8,01,00,01,00,00,00,00,00,
-1778190092187529,00000280,false,Rx,0,8,D7,3F,B9,3E,00,00,00,00,
-1778190092186595,00000281,false,Rx,0,8,51,0B,DC,42,00,00,34,42,
-1778190092185566,00000380,false,Rx,0,8,00,00,00,00,00,00,00,00,
-1778190092184591,00000381,false,Rx,0,8,05,00,80,3F,00,00,00,00,
-1778190092168010,00000180,false,Rx,0,8,01,00,01,00,00,00,00,00,
-1778190092167046,00000280,false,Rx,0,8,F2,33,B9,3E,00,00,00,00,
-1778190092166117,00000281,false,Rx,0,8,51,0B,DC,42,00,00,34,42,
-1778190092165088,00000380,false,Rx,0,8,00,00,00,00,00,00,00,00,
-1778190092164110,00000381,false,Rx,0,8,05,00,80,3F,00,00,00,00,
-1778190092143122,00000180,false,Rx,0,8,01,00,01,00,00,00,00,00,
-1778190092142159,00000280,false,Rx,0,8,F2,33,B9,3E,00,00,00,00,
-1778190092141227,00000281,false,Rx,0,8,51,0B,DC,42,00,00,34,42,
-1778190092140202,00000380,false,Rx,0,8,00,00,00,00,00,00,00,00,
-1778190092139222,00000381,false,Rx,0,8,05,00,80,3F,00,00,00,00,
-1778190092120555,00000180,false,Rx,0,8,01,00,01,00,00,00,00,00,
-1778190092119591,00000280,false,Rx,0,8,F2,33,B9,3E,00,00,00,00,
-1778190092118658,00000281,false,Rx,0,8,51,0B,DC,42,00,00,34,42,
-1778190092117633,00000380,false,Rx,0,8,00,00,00,00,00,00,00,00,
-1778190092116654,00000381,false,Rx,0,8,05,00,80,3F,00,00,00,00,
-1778190092100080,00000180,false,Rx,0,8,01,00,01,00,00,00,00,00,
-1778190092099109,00000280,false,Rx,0,8,A5,28,B9,3E,00,00,00,00,
-1778190092098180,00000281,false,Rx,0,8,51,0B,DC,42,00,00,34,42,
-1778190092097152,00000380,false,Rx,0,8,00,00,00,00,00,00,00,00,
-1778190092096172,00000381,false,Rx,0,8,05,00,80,3F,00,00,00,00,
-1778190092077427,00000180,false,Rx,0,8,01,00,01,00,00,00,00,00,
-1778190092076455,00000280,false,Rx,0,8,A5,28,B9,3E,00,00,00,00,
-1778190092075523,00000281,false,Rx,0,8,51,0B,DC,42,00,00,34,42,
-1778190092074498,00000380,false,Rx,0,8,00,00,00,00,00,00,00,00,
-1778190092073519,00000381,false,Rx,0,8,05,00,80,3F,00,00,00,00,
-1778190092056937,00000180,false,Rx,0,8,01,00,01,00,00,00,00,00,
-1778190092055959,00000280,false,Rx,0,8,E9,1D,B9,3E,00,00,00,00,
-1778190092055026,00000281,false,Rx,0,8,51,0B,DC,42,00,00,34,42,
-1778190092054000,00000380,false,Rx,0,8,00,00,00,00,00,00,00,00,
-1778190092053018,00000381,false,Rx,0,8,05,00,80,3F,00,00,00,00,
-1778190092034279,00000180,false,Rx,0,8,01,00,01,00,00,00,00,00,
-1778190092033300,00000280,false,Rx,0,8,E9,1D,B9,3E,00,00,00,00,
-1778190092032368,00000281,false,Rx,0,8,51,0B,DC,42,00,00,34,42,
-1778190092031343,00000380,false,Rx,0,8,00,00,00,00,00,00,00,00,
-1778190092030363,00000381,false,Rx,0,8,05,00,80,3F,00,00,00,00,
-1778190092013790,00000180,false,Rx,0,8,01,00,01,00,00,00,00,00,
-1778190092012819,00000280,false,Rx,0,8,B6,13,B9,3E,00,00,00,00,
-1778190092011890,00000281,false,Rx,0,8,51,0B,DC,42,00,00,34,42,
-1778190092010861,00000380,false,Rx,0,8,00,00,00,00,00,00,00,00,
-1778190092009882,00000381,false,Rx,0,8,05,00,80,3F,00,00,00,00,
-1778190091990898,00000180,false,Rx,0,8,01,00,01,00,00,00,00,00,
-1778190091989927,00000280,false,Rx,0,8,B6,13,B9,3E,00,00,00,00,
-1778190091988994,00000281,false,Rx,0,8,51,0B,DC,42,00,00,34,42,
-1778190091987866,00000380,false,Rx,0,8,00,00,00,00,00,00,00,00,
-1778190091986889,00000381,false,Rx,0,8,05,00,80,3F,00,00,00,00,
-1778190091965441,00000180,false,Rx,0,8,01,00,01,00,00,00,00,00,
-1778190091964470,00000280,false,Rx,0,8,B6,13,B9,3E,00,00,00,00,
-1778190091963541,00000281,false,Rx,0,8,51,0B,DC,42,00,00,34,42,
-1778190091962512,00000380,false,Rx,0,8,00,00,00,00,00,00,00,00,
-1778190091961533,00000381,false,Rx,0,8,05,00,80,3F,00,00,00,00,
-1778190091944755,00000180,false,Rx,0,8,01,00,01,00,00,00,00,00,
-1778190091943760,00000280,false,Rx,0,8,06,0A,B9,3E,00,00,00,00,
-1778190091942828,00000281,false,Rx,0,8,51,0B,DC,42,00,00,34,42,
-1778190091941803,00000380,false,Rx,0,8,00,00,00,00,00,00,00,00,
-1778190091940823,00000381,false,Rx,0,8,05,00,80,3F,00,00,00,00,
-1778190091921867,00000180,false,Rx,0,8,01,00,01,00,00,00,00,00,
-1778190091920872,00000280,false,Rx,0,8,06,0A,B9,3E,00,00,00,00,
-1778190091919939,00000281,false,Rx,0,8,51,0B,DC,42,00,00,34,42,
-1778190091918915,00000380,false,Rx,0,8,00,00,00,00,00,00,00,00,
-1778190091917936,00000381,false,Rx,0,8,05,00,80,3F,00,00,00,00,
-1778190091901208,00000180,false,Rx,0,8,01,00,01,00,00,00,00,00,
-1778190091900229,00000280,false,Rx,0,8,D2,00,B9,3E,00,00,00,00,
-1778190091899301,00000281,false,Rx,0,8,51,0B,DC,42,00,00,34,42,
-1778190091898271,00000380,false,Rx,0,8,00,00,00,00,00,00,00,00,
-1778190091897292,00000381,false,Rx,0,8,05,00,80,3F,00,00,00,00,
-1778190091878346,00000180,false,Rx,0,8,01,00,01,00,00,00,00,00,
-1778190091877364,00000280,false,Rx,0,8,D2,00,B9,3E,00,00,00,00,
-1778190091876435,00000281,false,Rx,0,8,51,0B,DC,42,00,00,34,42,
-1778190091875406,00000380,false,Rx,0,8,00,00,00,00,00,00,00,00,
-1778190091874427,00000381,false,Rx,0,8,05,00,80,3F,00,00,00,00,
-1778190091857665,00000180,false,Rx,0,8,01,00,01,00,00,00,00,00,
-1778190091856670,00000280,false,Rx,0,8,13,F8,B8,3E,00,00,00,00,
-1778190091855737,00000281,false,Rx,0,8,51,0B,DC,42,00,00,34,42,
-1778190091854713,00000380,false,Rx,0,8,00,00,00,00,00,00,00,00,
-1778190091853734,00000381,false,Rx,0,8,05,00,80,3F,00,00,00,00,
-1778190091834791,00000180,false,Rx,0,8,01,00,01,00,00,00,00,00,
-1778190091833797,00000280,false,Rx,0,8,13,F8,B8,3E,00,00,00,00,
-1778190091832868,00000281,false,Rx,0,8,51,0B,DC,42,00,00,34,42,
-1778190091831839,00000380,false,Rx,0,8,00,00,00,00,00,00,00,00,
-1778190091830860,00000381,false,Rx,0,8,05,00,80,3F,00,00,00,00,
-1778190091809624,00000180,false,Rx,0,8,01,00,01,00,00,00,00,00,
-1778190091808630,00000280,false,Rx,0,8,13,F8,B8,3E,00,00,00,00,
-1778190091807697,00000281,false,Rx,0,8,51,0B,DC,42,00,00,34,42,
-1778190091806569,00000380,false,Rx,0,8,00,00,00,00,00,00,00,00,
-1778190091805591,00000381,false,Rx,0,8,05,00,80,3F,00,00,00,00,
-1778190091788928,00000180,false,Rx,0,8,01,00,01,00,00,00,00,00,
-1778190091787940,00000280,false,Rx,0,8,C5,EF,B8,3E,00,00,00,00,
-1778190091786908,00000281,false,Rx,0,8,51,0B,DC,42,00,00,34,42,
-1778190091785883,00000380,false,Rx,0,8,00,00,00,00,00,00,00,00,
-1778190091784903,00000381,false,Rx,0,8,05,00,80,3F,00,00,00,00,
-1778190091765966,00000180,false,Rx,0,8,01,00,01,00,00,00,00,00,
-1778190091764978,00000280,false,Rx,0,8,C5,EF,B8,3E,00,00,00,00,
-1778190091764046,00000281,false,Rx,0,8,51,0B,DC,42,00,00,34,42,
-1778190091763017,00000380,false,Rx,0,8,00,00,00,00,00,00,00,00,
-1778190091762037,00000381,false,Rx,0,8,05,00,80,3F,00,00,00,00,
-1778190091745276,00000180,false,Rx,0,8,01,00,01,00,00,00,00,00,
-1778190091744296,00000280,false,Rx,0,8,E1,E7,B8,3E,00,00,00,00,
-1778190091743363,00000281,false,Rx,0,8,51,0B,DC,42,00,00,34,42,
-1778190091742338,00000380,false,Rx,0,8,00,00,00,00,00,00,00,00,
-1778190091741359,00000381,false,Rx,0,8,05,00,80,3F,00,00,00,00,
-1778190091722418,00000180,false,Rx,0,8,01,00,01,00,00,00,00,00,
-1778190091721438,00000280,false,Rx,0,8,E1,E7,B8,3E,00,00,00,00,
-1778190091720506,00000281,false,Rx,0,8,51,0B,DC,42,00,00,34,42,
-1778190091719481,00000380,false,Rx,0,8,00,00,00,00,00,00,00,00,
-1778190091718502,00000381,false,Rx,0,8,05,00,80,3F,00,00,00,00,
-1778190091701720,00000180,false,Rx,0,8,01,00,01,00,00,00,00,00,
-1778190091700742,00000280,false,Rx,0,8,62,E0,B8,3E,00,00,00,00,
-1778190091699813,00000281,false,Rx,0,8,51,0B,DC,42,00,00,34,42,
-1778190091698783,00000380,false,Rx,0,8,00,00,00,00,00,00,00,00,
-1778190091697805,00000381,false,Rx,0,8,05,00,80,3F,00,00,00,00,
-1778190091681361,00000180,false,Rx,0,8,01,00,01,00,00,00,00,00,
-1778190091680383,00000280,false,Rx,0,8,62,E0,B8,3E,00,00,00,00,
-1778190091679454,00000281,false,Rx,0,8,51,0B,DC,42,00,00,34,42,
-1778190091678424,00000380,false,Rx,0,8,00,00,00,00,00,00,00,00,
-1778190091677446,00000381,false,Rx,0,8,05,00,80,3F,00,00,00,00,
-1778190091656275,00000180,false,Rx,0,8,01,00,01,00,00,00,00,00,
-1778190091655295,00000280,false,Rx,0,8,62,E0,B8,3E,00,00,00,00,
-1778190091654363,00000281,false,Rx,0,8,51,0B,DC,42,00,00,34,42,
-1778190091653338,00000380,false,Rx,0,8,00,00,00,00,00,00,00,00,
-1778190091652359,00000381,false,Rx,0,8,05,00,80,3F,00,00,00,00,
-1778190091635611,00000180,false,Rx,0,8,01,00,01,00,00,00,00,00,
-1778190091634612,00000280,false,Rx,0,8,42,D9,B8,3E,00,00,00,00,
-1778190091633683,00000281,false,Rx,0,8,51,0B,DC,42,00,00,34,42,
-1778190091632655,00000380,false,Rx,0,8,00,00,00,00,00,00,00,00,
-1778190091631676,00000381,false,Rx,0,8,05,00,80,3F,00,00,00,00,
-1778190091612761,00000180,false,Rx,0,8,01,00,01,00,00,00,00,00,
-1778190091611766,00000280,false,Rx,0,8,42,D9,B8,3E,00,00,00,00,
-1778190091610834,00000281,false,Rx,0,8,51,0B,DC,42,00,00,34,42,
-1778190091609809,00000380,false,Rx,0,8,00,00,00,00,00,00,00,00,
-1778190091608830,00000381,false,Rx,0,8,05,00,80,3F,00,00,00,00,
-1778190091592056,00000180,false,Rx,0,8,01,00,01,00,00,00,00,00,
-1778190091591068,00000280,false,Rx,0,8,7E,D2,B8,3E,00,00,00,00,
-1778190091590139,00000281,false,Rx,0,8,51,0B,DC,42,00,00,34,42,
-1778190091589111,00000380,false,Rx,0,8,00,00,00,00,00,00,00,00,
-1778190091588132,00000381,false,Rx,0,8,05,00,80,3F,00,00,00,00,
-1778190091569205,00000180,false,Rx,0,8,01,00,01,00,00,00,00,00,
-1778190091568219,00000280,false,Rx,0,8,7E,D2,B8,3E,00,00,00,00,
-1778190091567290,00000281,false,Rx,0,8,51,0B,DC,42,00,00,34,42,
-1778190091566261,00000380,false,Rx,0,8,00,00,00,00,00,00,00,00,
-1778190091565183,00000381,false,Rx,0,8,05,00,80,3F,00,00,00,00,
-1778190091546420,00000180,false,Rx,0,8,01,00,01,00,00,00,00,00,
-1778190091545434,00000280,false,Rx,0,8,7E,D2,B8,3E,00,00,00,00,
-1778190091544404,00000281,false,Rx,0,8,51,0B,DC,42,00,00,34,42,
-1778190091543379,00000380,false,Rx,0,8,00,00,00,00,00,00,00,00,
-1778190091542399,00000381,false,Rx,0,8,05,00,80,3F,00,00,00,00,
-1778190091525733,00000180,false,Rx,0,8,01,00,01,00,00,00,00,00,
-1778190091524647,00000280,false,Rx,0,8,11,CC,B8,3E,00,00,00,00,
-1778190091523715,00000281,false,Rx,0,8,51,0B,DC,42,00,00,34,42,
-1778190091522689,00000380,false,Rx,0,8,00,00,00,00,00,00,00,00,
-1778190091521708,00000381,false,Rx,0,8,05,00,80,3F,00,00,00,00,
-1778190091502777,00000180,false,Rx,0,8,01,00,01,00,00,00,00,00,
-1778190091501790,00000280,false,Rx,0,8,11,CC,B8,3E,00,00,00,00,
-1778190091500858,00000281,false,Rx,0,8,51,0B,DC,42,00,00,34,42,
-1778190091499832,00000380,false,Rx,0,8,00,00,00,00,00,00,00,00,
-1778190091498853,00000381,false,Rx,0,8,05,00,80,3F,00,00,00,00,
-1778190091479479,00000180,false,Rx,0,8,01,00,01,00,00,00,00,00,
-1778190091478508,00000280,false,Rx,0,8,F6,C5,B8,3E,00,00,00,00,
-1778190091477575,00000281,false,Rx,0,8,51,0B,DC,42,00,00,34,42,
-1778190091476550,00000380,false,Rx,0,8,00,00,00,00,00,00,00,00,
-1778190091475571,00000381,false,Rx,0,8,05,00,80,3F,00,00,00,00,
-1778190091456629,00000180,false,Rx,0,8,01,00,01,00,00,00,00,00,
-1778190091455658,00000280,false,Rx,0,8,F6,C5,B8,3E,00,00,00,00,
-1778190091454730,00000281,false,Rx,0,8,51,0B,DC,42,00,00,34,42,
-1778190091453700,00000380,false,Rx,0,8,00,00,00,00,00,00,00,00,
-1778190091452721,00000381,false,Rx,0,8,05,00,80,3F,00,00,00,00,
-1778190091435935,00000180,false,Rx,0,8,01,00,01,00,00,00,00,00,
-1778190091434948,00000280,false,Rx,0,8,29,C0,B8,3E,00,00,00,00,
-1778190091434015,00000281,false,Rx,0,8,51,0B,DC,42,00,00,34,42,
-1778190091432986,00000380,false,Rx,0,8,00,00,00,00,00,00,00,00,
-1778190091432007,00000381,false,Rx,0,8,05,00,80,3F,00,00,00,00,
-1778190091413083,00000180,false,Rx,0,8,01,00,01,00,00,00,00,00,
-1778190091412097,00000280,false,Rx,0,8,29,C0,B8,3E,00,00,00,00,
-1778190091411164,00000281,false,Rx,0,8,51,0B,DC,42,00,00,34,42,
-1778190091410140,00000380,false,Rx,0,8,00,00,00,00,00,00,00,00,
-1778190091409160,00000381,false,Rx,0,8,05,00,80,3F,00,00,00,00,
-1778190091390291,00000180,false,Rx,0,8,01,00,01,00,00,00,00,00,
-1778190091389305,00000280,false,Rx,0,8,29,C0,B8,3E,00,00,00,00,
-1778190091388372,00000281,false,Rx,0,8,51,0B,DC,42,00,00,34,42,
-1778190091387346,00000380,false,Rx,0,8,00,00,00,00,00,00,00,00,
-1778190091386368,00000381,false,Rx,0,8,05,00,80,3F,00,00,00,00,
-1778190091369601,00000180,false,Rx,0,8,01,00,01,00,00,00,00,00,
-1778190091368634,00000280,false,Rx,0,8,A6,BA,B8,3E,00,00,00,00,
-1778190091367701,00000281,false,Rx,0,8,51,0B,DC,42,00,00,34,42,
-1778190091366672,00000380,false,Rx,0,8,00,00,00,00,00,00,00,00,
-1778190091365693,00000381,false,Rx,0,8,05,00,80,3F,00,00,00,00,
-1778190091346705,00000180,false,Rx,0,8,01,00,01,00,00,00,00,00,
-1778190091345734,00000280,false,Rx,0,8,A6,BA,B8,3E,00,00,00,00,
-1778190091344805,00000281,false,Rx,0,8,51,0B,DC,42,00,00,34,42,
-1778190091343776,00000380,false,Rx,0,8,00,00,00,00,00,00,00,00,
-1778190091342696,00000381,false,Rx,0,8,05,00,80,3F,00,00,00,00,
-1778190091323656,00000180,false,Rx,0,8,01,00,01,00,00,00,00,00,
-1778190091322578,00000280,false,Rx,0,8,6A,B5,B8,3E,00,00,00,00,
-1778190091321646,00000281,false,Rx,0,8,51,0B,DC,42,00,00,34,42,
-1778190091320619,00000380,false,Rx,0,8,00,00,00,00,00,00,00,00,
-1778190091319639,00000381,false,Rx,0,8,05,00,80,3F,00,00,00,00,
-1778190091300692,00000180,false,Rx,0,8,01,00,01,00,00,00,00,00,
-1778190091299712,00000280,false,Rx,0,8,6A,B5,B8,3E,00,00,00,00,
-1778190091298780,00000281,false,Rx,0,8,51,0B,DC,42,00,00,34,42,
-1778190091297755,00000380,false,Rx,0,8,00,00,00,00,00,00,00,00,
-1778190091296775,00000381,false,Rx,0,8,05,00,80,3F,00,00,00,00,
-1778190091280008,00000180,false,Rx,0,8,01,00,01,00,00,00,00,00,
-1778190091279029,00000280,false,Rx,0,8,71,B0,B8,3E,00,00,00,00,
-1778190091278101,00000281,false,Rx,0,8,51,0B,DC,42,00,00,34,42,
-1778190091277071,00000380,false,Rx,0,8,00,00,00,00,00,00,00,00,
-1778190091276092,00000381,false,Rx,0,8,05,00,80,3F,00,00,00,00,
-1778190091259642,00000180,false,Rx,0,8,01,00,01,00,00,00,00,00,
-1778190091258660,00000280,false,Rx,0,8,71,B0,B8,3E,00,00,00,00,
-1778190091257731,00000281,false,Rx,0,8,51,0B,DC,42,00,00,34,42,
-1778190091256701,00000380,false,Rx,0,8,00,00,00,00,00,00,00,00,
-1778190091255723,00000381,false,Rx,0,8,05,00,80,3F,00,00,00,00,
-1778190091236767,00000180,false,Rx,0,8,01,00,01,00,00,00,00,00,
-1778190091235789,00000280,false,Rx,0,8,71,B0,B8,3E,00,00,00,00,
-1778190091234856,00000281,false,Rx,0,8,51,0B,DC,42,00,00,34,42,
-1778190091233831,00000380,false,Rx,0,8,00,00,00,00,00,00,00,00,
-1778190091232852,00000381,false,Rx,0,8,05,00,80,3F,00,00,00,00,
-1778190091216085,00000180,false,Rx,0,8,01,00,01,00,00,00,00,00,
-1778190091215107,00000280,false,Rx,0,8,B7,AB,B8,3E,00,00,00,00,
-1778190091214174,00000281,false,Rx,0,8,51,0B,DC,42,00,00,34,42,
-1778190091213148,00000380,false,Rx,0,8,00,00,00,00,00,00,00,00,
-1778190091212170,00000381,false,Rx,0,8,05,00,80,3F,00,00,00,00,
-1778190091193212,00000180,false,Rx,0,8,01,00,01,00,00,00,00,00,
-1778190091192233,00000280,false,Rx,0,8,B7,AB,B8,3E,00,00,00,00,
-1778190091191304,00000281,false,Rx,0,8,51,0B,DC,42,00,00,34,42,
-1778190091190275,00000380,false,Rx,0,8,00,00,00,00,00,00,00,00,
-1778190091189296,00000381,false,Rx,0,8,05,00,80,3F,00,00,00,00,
-1778190091170334,00000180,false,Rx,0,8,01,00,01,00,00,00,00,00,
-1778190091169343,00000280,false,Rx,0,8,3A,A7,B8,3E,00,00,00,00,
-1778190091168414,00000281,false,Rx,0,8,51,0B,DC,42,00,00,34,42,
-1778190091167386,00000380,false,Rx,0,8,00,00,00,00,00,00,00,00,
-1778190091166406,00000381,false,Rx,0,8,05,00,80,3F,00,00,00,00,
-1778190091147449,00000180,false,Rx,0,8,01,00,01,00,00,00,00,00,
-1778190091146462,00000280,false,Rx,0,8,3A,A7,B8,3E,00,00,00,00,
-1778190091145533,00000281,false,Rx,0,8,51,0B,DC,42,00,00,34,42,
-1778190091144505,00000380,false,Rx,0,8,00,00,00,00,00,00,00,00,
-1778190091143525,00000381,false,Rx,0,8,05,00,80,3F,00,00,00,00,
-1778190091124698,00000180,false,Rx,0,8,01,00,01,00,00,00,00,00,
-1778190091123712,00000280,false,Rx,0,8,3A,A7,B8,3E,00,00,00,00,
-1778190091122779,00000281,false,Rx,0,8,51,0B,DC,42,00,00,34,42,
-1778190091121753,00000380,false,Rx,0,8,00,00,00,00,00,00,00,00,
-1778190091120675,00000381,false,Rx,0,8,05,00,80,3F,00,00,00,00,
-1778190091104007,00000180,false,Rx,0,8,01,00,01,00,00,00,00,00,
-1778190091103035,00000280,false,Rx,0,8,F6,A2,B8,3E,00,00,00,00,
-1778190091102107,00000281,false,Rx,0,8,51,0B,DC,42,00,00,34,42,
-1778190091100980,00000380,false,Rx,0,8,00,00,00,00,00,00,00,00,
-1778190091099999,00000381,false,Rx,0,8,05,00,80,3F,00,00,00,00,
-1778190091081041,00000180,false,Rx,0,8,01,00,01,00,00,00,00,00,
-1778190091080071,00000280,false,Rx,0,8,F6,A2,B8,3E,00,00,00,00,
-1778190091079141,00000281,false,Rx,0,8,51,0B,DC,42,00,00,34,42,
-1778190091078111,00000380,false,Rx,0,8,00,00,00,00,00,00,00,00,
-1778190091077135,00000381,false,Rx,0,8,05,00,80,3F,00,00,00,00,
-1778190091060360,00000180,false,Rx,0,8,01,00,01,00,00,00,00,00,
-1778190091059391,00000280,false,Rx,0,8,E9,9E,B8,3E,00,00,00,00,
-1778190091058458,00000281,false,Rx,0,8,51,0B,DC,42,00,00,34,42,
-1778190091057433,00000380,false,Rx,0,8,00,00,00,00,00,00,00,00,
-1778190091056454,00000381,false,Rx,0,8,05,00,80,3F,00,00,00,00,
-1778190091037480,00000180,false,Rx,0,8,01,00,01,00,00,00,00,00,
-1778190091036509,00000280,false,Rx,0,8,E9,9E,B8,3E,00,00,00,00,
-1778190091035580,00000281,false,Rx,0,8,51,0B,DC,42,00,00,34,42,
-1778190091034550,00000380,false,Rx,0,8,00,00,00,00,00,00,00,00,
-1778190091033572,00000381,false,Rx,0,8,05,00,80,3F,00,00,00,00,
-1778190091016805,00000180,false,Rx,0,8,01,00,01,00,00,00,00,00,
-1778190091015825,00000280,false,Rx,0,8,10,9B,B8,3E,00,00,00,00,
-1778190091014897,00000281,false,Rx,0,8,51,0B,DC,42,00,00,34,42,
-1778190091013868,00000380,false,Rx,0,8,00,00,00,00,00,00,00,00,
-1778190091012889,00000381,false,Rx,0,8,05,00,80,3F,00,00,00,00,
-1778190090991717,00000180,false,Rx,0,8,01,00,01,00,00,00,00,00,
-1778190090990739,00000280,false,Rx,0,8,10,9B,B8,3E,00,00,00,00,
-1778190090989806,00000281,false,Rx,0,8,51,0B,DC,42,00,00,34,42,
-1778190090988780,00000380,false,Rx,0,8,00,00,00,00,00,00,00,00,
-1778190090987801,00000381,false,Rx,0,8,05,00,80,3F,00,00,00,00,
-1778190090969148,00000180,false,Rx,0,8,01,00,01,00,00,00,00,00,
-1778190090968168,00000280,false,Rx,0,8,10,9B,B8,3E,00,00,00,00,
-1778190090967239,00000281,false,Rx,0,8,51,0B,DC,42,00,00,34,42,
-1778190090966211,00000380,false,Rx,0,8,00,00,00,00,00,00,00,00,
-1778190090965231,00000381,false,Rx,0,8,05,00,80,3F,00,00,00,00,
-1778190090948668,00000180,false,Rx,0,8,01,00,01,00,00,00,00,00,
-1778190090947678,00000280,false,Rx,0,8,68,97,B8,3E,00,00,00,00,
-1778190090946750,00000281,false,Rx,0,8,51,0B,DC,42,00,00,34,42,
-1778190090945720,00000380,false,Rx,0,8,00,00,00,00,00,00,00,00,
-1778190090944741,00000381,false,Rx,0,8,05,00,80,3F,00,00,00,00,
-1778190090926002,00000180,false,Rx,0,8,01,00,01,00,00,00,00,00,
-1778190090925012,00000280,false,Rx,0,8,68,97,B8,3E,00,00,00,00,
-1778190090924083,00000281,false,Rx,0,8,51,0B,DC,42,00,00,34,42,
-1778190090923053,00000380,false,Rx,0,8,00,00,00,00,00,00,00,00,
-1778190090922075,00000381,false,Rx,0,8,05,00,80,3F,00,00,00,00,
-1778190090905519,00000180,false,Rx,0,8,01,00,01,00,00,00,00,00,
-1778190090904539,00000280,false,Rx,0,8,EF,93,B8,3E,00,00,00,00,
-1778190090903607,00000281,false,Rx,0,8,51,0B,DC,42,00,00,34,42,
-1778190090902582,00000380,false,Rx,0,8,00,00,00,00,00,00,00,00,
-1778190090901603,00000381,false,Rx,0,8,05,00,80,3F,00,00,00,00,
-1778190090882872,00000180,false,Rx,0,8,01,00,01,00,00,00,00,00,
-1778190090881892,00000280,false,Rx,0,8,EF,93,B8,3E,00,00,00,00,
-1778190090880960,00000281,false,Rx,0,8,51,0B,DC,42,00,00,34,42,
-1778190090880035,00000380,false,Rx,0,8,00,00,00,00,00,00,00,00,
-1778190090879054,00000381,false,Rx,0,8,05,00,80,3F,00,00,00,00,
-1778190090862374,00000180,false,Rx,0,8,01,00,01,00,00,00,00,00,
-1778190090861403,00000280,false,Rx,0,8,A2,90,B8,3E,00,00,00,00,
-1778190090860570,00000281,false,Rx,0,8,51,0B,DC,42,00,00,34,42,
-1778190090859544,00000380,false,Rx,0,8,00,00,00,00,00,00,00,00,
-1778190090858565,00000381,false,Rx,0,8,05,00,80,3F,00,00,00,00,
-1778190090837399,00000180,false,Rx,0,8,01,00,01,00,00,00,00,00,
-1778190090836428,00000280,false,Rx,0,8,A2,90,B8,3E,00,00,00,00,
-1778190090835495,00000281,false,Rx,0,8,51,0B,DC,42,00,00,34,42,
-1778190090834470,00000380,false,Rx,0,8,00,00,00,00,00,00,00,00,
-1778190090833491,00000381,false,Rx,0,8,05,00,80,3F,00,00,00,00,
-1778190090814822,00000180,false,Rx,0,8,01,00,01,00,00,00,00,00,
-1778190090813851,00000280,false,Rx,0,8,A2,90,B8,3E,00,00,00,00,
-1778190090812922,00000281,false,Rx,0,8,51,0B,DC,42,00,00,34,42,
-1778190090811893,00000380,false,Rx,0,8,00,00,00,00,00,00,00,00,
-1778190090810914,00000381,false,Rx,0,8,05,00,80,3F,00,00,00,00,
-1778190090794339,00000180,false,Rx,0,8,01,00,01,00,00,00,00,00,
-1778190090793361,00000280,false,Rx,0,8,7F,8D,B8,3E,00,00,00,00,
-1778190090792432,00000281,false,Rx,0,8,51,0B,DC,42,00,00,34,42,
-1778190090791402,00000380,false,Rx,0,8,00,00,00,00,00,00,00,00,
-1778190090790424,00000381,false,Rx,0,8,05,00,80,3F,00,00,00,00,
-1778190090771674,00000180,false,Rx,0,8,01,00,01,00,00,00,00,00,
-1778190090770694,00000280,false,Rx,0,8,7F,8D,B8,3E,00,00,00,00,
-1778190090769765,00000281,false,Rx,0,8,51,0B,DC,42,00,00,34,42,
-1778190090768737,00000380,false,Rx,0,8,00,00,00,00,00,00,00,00,
-1778190090767757,00000381,false,Rx,0,8,05,00,80,3F,00,00,00,00,
-1778190090751194,00000180,false,Rx,0,8,01,00,01,00,00,00,00,00,
-1778190090750216,00000280,false,Rx,0,8,85,8A,B8,3E,00,00,00,00,
-1778190090749283,00000281,false,Rx,0,8,51,0B,DC,42,00,00,34,42,
-1778190090748257,00000380,false,Rx,0,8,00,00,00,00,00,00,00,00,
-1778190090747279,00000381,false,Rx,0,8,05,00,80,3F,00,00,00,00,
-1778190090728544,00000180,false,Rx,0,8,01,00,01,00,00,00,00,00,
-1778190090727565,00000280,false,Rx,0,8,85,8A,B8,3E,00,00,00,00,
-1778190090726636,00000281,false,Rx,0,8,51,0B,DC,42,00,00,34,42,
-1778190090725607,00000380,false,Rx,0,8,00,00,00,00,00,00,00,00,
-1778190090724628,00000381,false,Rx,0,8,05,00,80,3F,00,00,00,00,
-1778190090708046,00000180,false,Rx,0,8,01,00,01,00,00,00,00,00,
-1778190090707075,00000280,false,Rx,0,8,B1,87,B8,3E,00,00,00,00,
-1778190090706146,00000281,false,Rx,0,8,51,0B,DC,42,00,00,34,42,
-1778190090705116,00000380,false,Rx,0,8,00,00,00,00,00,00,00,00,
-1778190090704138,00000381,false,Rx,0,8,05,00,80,3F,00,00,00,00,
-1778190090685469,00000180,false,Rx,0,8,01,00,01,00,00,00,00,00,
-1778190090684498,00000280,false,Rx,0,8,B1,87,B8,3E,00,00,00,00,
-1778190090683569,00000281,false,Rx,0,8,51,0B,DC,42,00,00,34,42,
-1778190090682539,00000380,false,Rx,0,8,00,00,00,00,00,00,00,00,
-1778190090681561,00000381,false,Rx,0,8,05,00,80,3F,00,00,00,00,
-1778190090662787,00000180,false,Rx,0,8,01,00,01,00,00,00,00,00,
-1778190090661816,00000280,false,Rx,0,8,B1,87,B8,3E,00,00,00,00,
-1778190090660989,00000281,false,Rx,0,8,51,0B,DC,42,00,00,34,42,
-1778190090659959,00000380,false,Rx,0,8,00,00,00,00,00,00,00,00,
-1778190090658980,00000381,false,Rx,0,8,05,00,80,3F,00,00,00,00,
-1778190090642322,00000180,false,Rx,0,8,01,00,01,00,00,00,00,00,
-1778190090641335,00000280,false,Rx,0,8,01,85,B8,3E,00,00,00,00,
-1778190090640506,00000281,false,Rx,0,8,51,0B,DC,42,00,00,34,42,
-1778190090639476,00000380,false,Rx,0,8,00,00,00,00,00,00,00,00,
-1778190090638497,00000381,false,Rx,0,8,05,00,80,3F,00,00,00,00,
-1778190090619758,00000180,false,Rx,0,8,01,00,01,00,00,00,00,00,
-1778190090618771,00000280,false,Rx,0,8,01,85,B8,3E,00,00,00,00,
-1778190090617842,00000281,false,Rx,0,8,51,0B,DC,42,00,00,34,42,
-1778190090616813,00000380,false,Rx,0,8,00,00,00,00,00,00,00,00,
-1778190090615834,00000381,false,Rx,0,8,05,00,80,3F,00,00,00,00,
-1778190090599275,00000180,false,Rx,0,8,01,00,01,00,00,00,00,00,
-1778190090598296,00000280,false,Rx,0,8,73,82,B8,3E,00,00,00,00,
-1778190090597367,00000281,false,Rx,0,8,51,0B,DC,42,00,00,34,42,
-1778190090596339,00000380,false,Rx,0,8,00,00,00,00,00,00,00,00,
-1778190090595359,00000381,false,Rx,0,8,05,00,80,3F,00,00,00,00,
-1778190090576586,00000180,false,Rx,0,8,01,00,01,00,00,00,00,00,
-1778190090575608,00000280,false,Rx,0,8,73,82,B8,3E,00,00,00,00,
-1778190090574678,00000281,false,Rx,0,8,51,0B,DC,42,00,00,34,42,
-1778190090573649,00000380,false,Rx,0,8,00,00,00,00,00,00,00,00,
-1778190090572671,00000381,false,Rx,0,8,05,00,80,3F,00,00,00,00,
-1778190090554021,00000180,false,Rx,0,8,01,00,01,00,00,00,00,00,
-1778190090553038,00000280,false,Rx,0,8,73,82,B8,3E,00,00,00,00,
-1778190090552109,00000281,false,Rx,0,8,51,0B,DC,42,00,00,34,42,
-1778190090551080,00000380,false,Rx,0,8,00,00,00,00,00,00,00,00,
-1778190090550102,00000381,false,Rx,0,8,05,00,80,3F,00,00,00,00,
-1778190090533546,00000180,false,Rx,0,8,01,00,01,00,00,00,00,00,
-1778190090532551,00000280,false,Rx,0,8,06,80,B8,3E,00,00,00,00,
-1778190090531619,00000281,false,Rx,0,8,51,0B,DC,42,00,00,34,42,
-1778190090530590,00000380,false,Rx,0,8,00,00,00,00,00,00,00,00,
-1778190090529610,00000381,false,Rx,0,8,05,00,80,3F,00,00,00,00,
-1778190090508656,00000180,false,Rx,0,8,01,00,01,00,00,00,00,00,
-1778190090507660,00000280,false,Rx,0,8,06,80,B8,3E,00,00,00,00,
-1778190090506732,00000281,false,Rx,0,8,51,0B,DC,42,00,00,34,42,
-1778190090505703,00000380,false,Rx,0,8,00,00,00,00,00,00,00,00,
-1778190090504724,00000381,false,Rx,0,8,05,00,80,3F,00,00,00,00,
-1778190090488184,00000180,false,Rx,0,8,01,00,01,00,00,00,00,00,
-1778190090487197,00000280,false,Rx,0,8,B8,7D,B8,3E,00,00,00,00,
-1778190090486264,00000281,false,Rx,0,8,51,0B,DC,42,00,00,34,42,
-1778190090485239,00000380,false,Rx,0,8,00,00,00,00,00,00,00,00,
-1778190090484261,00000381,false,Rx,0,8,05,00,80,3F,00,00,00,00,
-1778190090465511,00000180,false,Rx,0,8,01,00,01,00,00,00,00,00,
-1778190090464524,00000280,false,Rx,0,8,B8,7D,B8,3E,00,00,00,00,
-1778190090463592,00000281,false,Rx,0,8,51,0B,DC,42,00,00,34,42,
-1778190090462567,00000380,false,Rx,0,8,00,00,00,00,00,00,00,00,
-1778190090461587,00000381,false,Rx,0,8,05,00,80,3F,00,00,00,00,
-1778190090445038,00000180,false,Rx,0,8,01,00,01,00,00,00,00,00,
-1778190090444067,00000280,false,Rx,0,8,88,7B,B8,3E,00,00,00,00,
-1778190090443134,00000281,false,Rx,0,8,51,0B,DC,42,00,00,34,42,
-1778190090442109,00000380,false,Rx,0,8,00,00,00,00,00,00,00,00,
-1778190090441226,00000381,false,Rx,0,8,05,00,80,3F,00,00,00,00,
-1778190090422379,00000180,false,Rx,0,8,01,00,01,00,00,00,00,00,
-1778190090421511,00000280,false,Rx,0,8,88,7B,B8,3E,00,00,00,00,
-1778190090420578,00000281,false,Rx,0,8,51,0B,DC,42,00,00,34,42,
-1778190090419552,00000380,false,Rx,0,8,00,00,00,00,00,00,00,00,
-1778190090418574,00000381,false,Rx,0,8,05,00,80,3F,00,00,00,00,
-1778190090399905,00000180,false,Rx,0,8,01,00,01,00,00,00,00,00,
-1778190090398934,00000280,false,Rx,0,8,88,7B,B8,3E,00,00,00,00,
-1778190090398001,00000281,false,Rx,0,8,51,0B,DC,42,00,00,34,42,
-1778190090396975,00000380,false,Rx,0,8,00,00,00,00,00,00,00,00,
-1778190090395997,00000381,false,Rx,0,8,05,00,80,3F,00,00,00,00,
-1778190090379414,00000180,false,Rx,0,8,01,00,01,00,00,00,00,00,
-1778190090378443,00000280,false,Rx,0,8,74,79,B8,3E,00,00,00,00,
-1778190090377511,00000281,false,Rx,0,8,51,0B,DC,42,00,00,34,42,
-1778190090376485,00000380,false,Rx,0,8,00,00,00,00,00,00,00,00,
-1778190090375506,00000381,false,Rx,0,8,05,00,80,3F,00,00,00,00,
-1778190090354366,00000180,false,Rx,0,8,01,00,01,00,00,00,00,00,
-1778190090353395,00000280,false,Rx,0,8,74,79,B8,3E,00,00,00,00,
-1778190090352462,00000281,false,Rx,0,8,51,0B,DC,42,00,00,34,42,
-1778190090351437,00000380,false,Rx,0,8,00,00,00,00,00,00,00,00,
-1778190090350458,00000381,false,Rx,0,8,05,00,80,3F,00,00,00,00,
-1778190090333868,00000180,false,Rx,0,8,01,00,01,00,00,00,00,00,
-1778190090332881,00000280,false,Rx,0,8,7A,77,B8,3E,00,00,00,00,
-1778190090331953,00000281,false,Rx,0,8,51,0B,DC,42,00,00,34,42,
-1778190090330923,00000380,false,Rx,0,8,00,00,00,00,00,00,00,00,
-1778190090329944,00000381,false,Rx,0,8,05,00,80,3F,00,00,00,00,
-1778190090311195,00000180,false,Rx,0,8,01,00,01,00,00,00,00,00,
-1778190090310209,00000280,false,Rx,0,8,7A,77,B8,3E,00,00,00,00,
-1778190090309276,00000281,false,Rx,0,8,51,0B,DC,42,00,00,34,42,
-1778190090308251,00000380,false,Rx,0,8,00,00,00,00,00,00,00,00,
-1778190090307272,00000381,false,Rx,0,8,05,00,80,3F,00,00,00,00,
-1778190090290721,00000180,false,Rx,0,8,01,00,01,00,00,00,00,00,
-1778190090289742,00000280,false,Rx,0,8,9A,75,B8,3E,00,00,00,00,
-1778190090288813,00000281,false,Rx,0,8,51,0B,DC,42,00,00,34,42,
-1778190090287783,00000380,false,Rx,0,8,00,00,00,00,00,00,00,00,
-1778190090286804,00000381,false,Rx,0,8,05,00,80,3F,00,00,00,00,
-1778190090268040,00000180,false,Rx,0,8,01,00,01,00,00,00,00,00,
-1778190090267061,00000280,false,Rx,0,8,9A,75,B8,3E,00,00,00,00,
-1778190090266132,00000281,false,Rx,0,8,51,0B,DC,42,00,00,34,42,
-1778190090265103,00000380,false,Rx,0,8,00,00,00,00,00,00,00,00,
-1778190090264124,00000381,false,Rx,0,8,05,00,80,3F,00,00,00,00,
-1778190090245467,00000180,false,Rx,0,8,01,00,01,00,00,00,00,00,
-1778190090244485,00000280,false,Rx,0,8,9A,75,B8,3E,00,00,00,00,
-1778190090243556,00000281,false,Rx,0,8,51,0B,DC,42,00,00,34,42,
-1778190090242527,00000380,false,Rx,0,8,00,00,00,00,00,00,00,00,
-1778190090241649,00000381,false,Rx,0,8,05,00,80,3F,00,00,00,00,
-1778190090224993,00000180,false,Rx,0,8,01,00,01,00,00,00,00,00,
-1778190090224021,00000280,false,Rx,0,8,D2,73,B8,3E,00,00,00,00,
-1778190090223088,00000281,false,Rx,0,8,51,0B,DC,42,00,00,34,42,
-1778190090222064,00000380,false,Rx,0,8,00,00,00,00,00,00,00,00,
-1778190090221182,00000381,false,Rx,0,8,05,00,80,3F,00,00,00,00,
-1778190090200011,00000180,false,Rx,0,8,01,00,01,00,00,00,00,00,
-1778190090199039,00000280,false,Rx,0,8,D2,73,B8,3E,00,00,00,00,
-1778190090198111,00000281,false,Rx,0,8,51,0B,DC,42,00,00,34,42,
-1778190090197082,00000380,false,Rx,0,8,00,00,00,00,00,00,00,00,
-1778190090196102,00000381,false,Rx,0,8,05,00,80,3F,00,00,00,00,
-1778190090179532,00000180,false,Rx,0,8,01,00,01,00,00,00,00,00,
-1778190090178546,00000280,false,Rx,0,8,20,72,B8,3E,00,00,00,00,
-1778190090177613,00000281,false,Rx,0,8,51,0B,DC,42,00,00,34,42,
-1778190090176584,00000380,false,Rx,0,8,00,00,00,00,00,00,00,00,
-1778190090175605,00000381,false,Rx,0,8,05,00,80,3F,00,00,00,00,
-1778190090156859,00000180,false,Rx,0,8,01,00,01,00,00,00,00,00,
-1778190090155873,00000280,false,Rx,0,8,20,72,B8,3E,00,00,00,00,
-1778190090154939,00000281,false,Rx,0,8,51,0B,DC,42,00,00,34,42,
-1778190090153911,00000380,false,Rx,0,8,00,00,00,00,00,00,00,00,
-1778190090152932,00000381,false,Rx,0,8,05,00,80,3F,00,00,00,00,
-1778190090136384,00000180,false,Rx,0,8,01,00,01,00,00,00,00,00,
-1778190090135413,00000280,false,Rx,0,8,84,70,B8,3E,00,00,00,00,
-1778190090134481,00000281,false,Rx,0,8,51,0B,DC,42,00,00,34,42,
-1778190090133456,00000380,false,Rx,0,8,00,00,00,00,00,00,00,00,
-1778190090132476,00000381,false,Rx,0,8,05,00,80,3F,00,00,00,00,
-1778190090116215,00000180,false,Rx,0,8,01,00,01,00,00,00,00,00,
-1778190090115243,00000280,false,Rx,0,8,84,70,B8,3E,00,00,00,00,
-1778190090114315,00000281,false,Rx,0,8,51,0B,DC,42,00,00,34,42,
-1778190090113286,00000380,false,Rx,0,8,00,00,00,00,00,00,00,00,
-1778190090112307,00000381,false,Rx,0,8,05,00,80,3F,00,00,00,00,
-1778190090093554,00000180,false,Rx,0,8,01,00,01,00,00,00,00,00,
-1778190090092584,00000280,false,Rx,0,8,84,70,B8,3E,00,00,00,00,
-1778190090091650,00000281,false,Rx,0,8,51,0B,DC,42,00,00,34,42,
-1778190090090625,00000380,false,Rx,0,8,00,00,00,00,00,00,00,00,
-1778190090089646,00000381,false,Rx,0,8,05,00,80,3F,00,00,00,00,
-1778190090073072,00000180,false,Rx,0,8,01,00,01,00,00,00,00,00,
-1778190090072093,00000280,false,Rx,0,8,FD,6E,B8,3E,00,00,00,00,
-1778190090071160,00000281,false,Rx,0,8,51,0B,DC,42,00,00,34,42,
-1778190090070135,00000380,false,Rx,0,8,00,00,00,00,00,00,00,00,
-1778190090069156,00000381,false,Rx,0,8,05,00,80,3F,00,00,00,00,
-1778190090050399,00000180,false,Rx,0,8,01,00,01,00,00,00,00,00,
-1778190090049420,00000280,false,Rx,0,8,FD,6E,B8,3E,00,00,00,00,
-1778190090048488,00000281,false,Rx,0,8,51,0B,DC,42,00,00,34,42,
-1778190090047463,00000380,false,Rx,0,8,00,00,00,00,00,00,00,00,
-1778190090046483,00000381,false,Rx,0,8,05,00,80,3F,00,00,00,00,
-1778190090027325,00000180,false,Rx,0,8,01,00,01,00,00,00,00,00,
-1778190090026346,00000280,false,Rx,0,8,89,6D,B8,3E,00,00,00,00,
-1778190090025417,00000281,false,Rx,0,8,51,0B,DC,42,00,00,34,42,
-1778190090024389,00000380,false,Rx,0,8,00,00,00,00,00,00,00,00,
-1778190090023409,00000381,false,Rx,0,8,05,00,80,3F,00,00,00,00,
-1778190090004637,00000180,false,Rx,0,8,01,00,01,00,00,00,00,00,
-1778190090003658,00000280,false,Rx,0,8,89,6D,B8,3E,00,00,00,00,
-1778190090002729,00000281,false,Rx,0,8,51,0B,DC,42,00,00,34,42,
-1778190090001799,00000380,false,Rx,0,8,00,00,00,00,00,00,00,00,
-1778190090000821,00000381,false,Rx,0,8,05,00,80,3F,00,00,00,00,
-1778190089982184,00000180,false,Rx,0,8,01,00,01,00,00,00,00,00,
-1778190089981208,00000280,false,Rx,0,8,89,6D,B8,3E,00,00,00,00,
-1778190089980277,00000281,false,Rx,0,8,51,0B,DC,42,00,00,34,42,
-1778190089979247,00000380,false,Rx,0,8,00,00,00,00,00,00,00,00,
-1778190089978268,00000381,false,Rx,0,8,05,00,80,3F,00,00,00,00,
-1778190089961691,00000180,false,Rx,0,8,01,00,01,00,00,00,00,00,
-1778190089960711,00000280,false,Rx,0,8,28,6C,B8,3E,00,00,00,00,
-1778190089959778,00000281,false,Rx,0,8,51,0B,DC,42,00,00,34,42,
-1778190089958753,00000380,false,Rx,0,8,00,00,00,00,00,00,00,00,
-1778190089957774,00000381,false,Rx,0,8,05,00,80,3F,00,00,00,00,
-1778190089938817,00000180,false,Rx,0,8,01,00,01,00,00,00,00,00,
-1778190089937838,00000280,false,Rx,0,8,28,6C,B8,3E,00,00,00,00,
-1778190089936909,00000281,false,Rx,0,8,51,0B,DC,42,00,00,34,42,
-1778190089935880,00000380,false,Rx,0,8,00,00,00,00,00,00,00,00,
-1778190089934901,00000381,false,Rx,0,8,05,00,80,3F,00,00,00,00,
-1778190089918155,00000180,false,Rx,0,8,01,00,01,00,00,00,00,00,
-1778190089917175,00000280,false,Rx,0,8,D9,6A,B8,3E,00,00,00,00,
-1778190089916242,00000281,false,Rx,0,8,51,0B,DC,42,00,00,34,42,
-1778190089915217,00000380,false,Rx,0,8,00,00,00,00,00,00,00,00,
-1778190089914238,00000381,false,Rx,0,8,05,00,80,3F,00,00,00,00,
-1778190089895282,00000180,false,Rx,0,8,01,00,01,00,00,00,00,00,
-1778190089894303,00000280,false,Rx,0,8,D9,6A,B8,3E,00,00,00,00,
-1778190089893369,00000281,false,Rx,0,8,51,0B,DC,42,00,00,34,42,
-1778190089892341,00000380,false,Rx,0,8,00,00,00,00,00,00,00,00,
-1778190089891362,00000381,false,Rx,0,8,05,00,80,3F,00,00,00,00,
-1778190089872192,00000180,false,Rx,0,8,01,00,01,00,00,00,00,00,
-1778190089871221,00000280,false,Rx,0,8,9A,69,B8,3E,00,00,00,00,
-1778190089870289,00000281,false,Rx,0,8,51,0B,DC,42,00,00,34,42,
-1778190089869264,00000380,false,Rx,0,8,00,00,00,00,00,00,00,00,
-1778190089868284,00000381,false,Rx,0,8,05,00,80,3F,00,00,00,00,
-1778190089849327,00000180,false,Rx,0,8,01,00,01,00,00,00,00,00,
-1778190089848356,00000280,false,Rx,0,8,9A,69,B8,3E,00,00,00,00,
-1778190089847424,00000281,false,Rx,0,8,51,0B,DC,42,00,00,34,42,
-1778190089846399,00000380,false,Rx,0,8,00,00,00,00,00,00,00,00,
-1778190089845419,00000381,false,Rx,0,8,05,00,80,3F,00,00,00,00,
-1778190089826574,00000180,false,Rx,0,8,01,00,01,00,00,00,00,00,
-1778190089825603,00000280,false,Rx,0,8,9A,69,B8,3E,00,00,00,00,
-1778190089824674,00000281,false,Rx,0,8,51,0B,DC,42,00,00,34,42,
-1778190089823645,00000380,false,Rx,0,8,00,00,00,00,00,00,00,00,
-1778190089822666,00000381,false,Rx,0,8,05,00,80,3F,00,00,00,00,
-1778190089805876,00000180,false,Rx,0,8,01,00,01,00,00,00,00,00,
-1778190089804905,00000280,false,Rx,0,8,6B,68,B8,3E,00,00,00,00,
-1778190089803977,00000281,false,Rx,0,8,51,0B,DC,42,00,00,34,42,
-1778190089802948,00000380,false,Rx,0,8,00,00,00,00,00,00,00,00,
-1778190089801968,00000381,false,Rx,0,8,05,00,80,3F,00,00,00,00,
-1778190089783016,00000180,false,Rx,0,8,01,00,01,00,00,00,00,00,
-1778190089782044,00000280,false,Rx,0,8,6B,68,B8,3E,00,00,00,00,
-1778190089781111,00000281,false,Rx,0,8,51,0B,DC,42,00,00,34,42,
-1778190089779986,00000380,false,Rx,0,8,00,00,00,00,00,00,00,00,
-1778190089779009,00000381,false,Rx,0,8,05,00,80,3F,00,00,00,00,
-1778190089762326,00000180,false,Rx,0,8,01,00,01,00,00,00,00,00,
-1778190089761347,00000280,false,Rx,0,8,4B,67,B8,3E,00,00,00,00,
-1778190089760317,00000281,false,Rx,0,8,51,0B,DC,42,00,00,34,42,
-1778190089759287,00000380,false,Rx,0,8,00,00,00,00,00,00,00,00,
-1778190089758308,00000381,false,Rx,0,8,05,00,80,3F,00,00,00,00,
-1778190089739377,00000180,false,Rx,0,8,01,00,01,00,00,00,00,00,
-1778190089738399,00000280,false,Rx,0,8,4B,67,B8,3E,00,00,00,00,
-1778190089737466,00000281,false,Rx,0,8,51,0B,DC,42,00,00,34,42,
-1778190089736440,00000380,false,Rx,0,8,00,00,00,00,00,00,00,00,
-1778190089735461,00000381,false,Rx,0,8,05,00,80,3F,00,00,00,00,
-1778190089716272,00000180,false,Rx,0,8,01,00,01,00,00,00,00,00,
-1778190089715286,00000280,false,Rx,0,8,3A,66,B8,3E,00,00,00,00,
-1778190089714353,00000281,false,Rx,0,8,51,0B,DC,42,00,00,34,42,
-1778190089713328,00000380,false,Rx,0,8,00,00,00,00,00,00,00,00,
-1778190089712349,00000381,false,Rx,0,8,05,00,80,3F,00,00,00,00,
-1778190089695904,00000180,false,Rx,0,8,01,00,01,00,00,00,00,00,
-1778190089694916,00000280,false,Rx,0,8,3A,66,B8,3E,00,00,00,00,
-1778190089693987,00000281,false,Rx,0,8,51,0B,DC,42,00,00,34,42,
-1778190089692959,00000380,false,Rx,0,8,00,00,00,00,00,00,00,00,
-1778190089691980,00000381,false,Rx,0,8,05,00,80,3F,00,00,00,00,
-1778190089673050,00000180,false,Rx,0,8,01,00,01,00,00,00,00,00,
-1778190089672062,00000280,false,Rx,0,8,3A,66,B8,3E,00,00,00,00,
-1778190089671130,00000281,false,Rx,0,8,51,0B,DC,42,00,00,34,42,
-1778190089670101,00000380,false,Rx,0,8,00,00,00,00,00,00,00,00,
-1778190089669122,00000381,false,Rx,0,8,05,00,80,3F,00,00,00,00,
-1778190089652359,00000180,false,Rx,0,8,01,00,01,00,00,00,00,00,
-1778190089651381,00000280,false,Rx,0,8,36,65,B8,3E,00,00,00,00,
-1778190089650447,00000281,false,Rx,0,8,51,0B,DC,42,00,00,34,42,
-1778190089649422,00000380,false,Rx,0,8,00,00,00,00,00,00,00,00,
-1778190089648443,00000381,false,Rx,0,8,05,00,80,3F,00,00,00,00,
-1778190089629486,00000180,false,Rx,0,8,01,00,01,00,00,00,00,00,
-1778190089628507,00000280,false,Rx,0,8,36,65,B8,3E,00,00,00,00,
-1778190089627577,00000281,false,Rx,0,8,51,0B,DC,42,00,00,34,42,
-1778190089626549,00000380,false,Rx,0,8,00,00,00,00,00,00,00,00,
-1778190089625570,00000381,false,Rx,0,8,05,00,80,3F,00,00,00,00,
-1778190089608815,00000180,false,Rx,0,8,01,00,01,00,00,00,00,00,
-1778190089607836,00000280,false,Rx,0,8,D7,D2,CA,3E,00,00,00,00,
-1778190089606904,00000281,false,Rx,0,8,51,0B,DC,42,00,00,34,42,
-1778190089605878,00000380,false,Rx,0,8,00,00,00,00,00,00,00,00,
-1778190089604899,00000381,false,Rx,0,8,05,00,80,3F,00,00,00,00,
-1778190089585942,00000180,false,Rx,0,8,01,00,01,00,00,00,00,00,
-1778190089584963,00000280,false,Rx,0,8,D7,D2,CA,3E,00,00,00,00,
-1778190089584029,00000281,false,Rx,0,8,51,0B,DC,42,00,00,34,42,
-1778190089583005,00000380,false,Rx,0,8,00,00,00,00,00,00,00,00,
-1778190089582026,00000381,false,Rx,0,8,05,00,80,3F,00,00,00,00,
-1778190089565036,00000180,false,Rx,0,8,01,00,01,00,00,00,00,00,
-1778190089564065,00000280,false,Rx,0,8,FE,E5,C9,3E,00,00,00,00,
-1778190089563132,00000281,false,Rx,0,8,51,0B,DC,42,00,00,34,42,
-1778190089562106,00000380,false,Rx,0,8,00,00,00,00,00,00,00,00,
-1778190089561124,00000381,false,Rx,0,8,05,00,80,3F,00,00,00,00,
-1778190089542483,00000180,false,Rx,0,8,01,00,01,00,00,00,00,00,
-1778190089541512,00000280,false,Rx,0,8,FE,E5,C9,3E,00,00,00,00,
-1778190089540580,00000281,false,Rx,0,8,51,0B,DC,42,00,00,34,42,
-1778190089539554,00000380,false,Rx,0,8,00,00,00,00,00,00,00,00,
-1778190089538475,00000381,false,Rx,0,8,05,00,80,3F,00,00,00,00,
-1778190089519597,00000180,false,Rx,0,8,01,00,01,00,00,00,00,00,
-1778190089518524,00000280,false,Rx,0,8,FE,E5,C9,3E,00,00,00,00,
-1778190089517594,00000281,false,Rx,0,8,51,0B,DC,42,00,00,34,42,
-1778190089516565,00000380,false,Rx,0,8,00,00,00,00,00,00,00,00,
-1778190089515588,00000381,false,Rx,0,8,05,00,80,3F,00,00,00,00,
-1778190089498928,00000180,false,Rx,0,8,01,00,01,00,00,00,00,00,
-1778190089497836,00000280,false,Rx,0,8,FE,04,C9,3E,00,00,00,00,
-1778190089496904,00000281,false,Rx,0,8,51,0B,DC,42,00,00,34,42,
-1778190089495874,00000380,false,Rx,0,8,00,00,00,00,00,00,00,00,
-1778190089494894,00000381,false,Rx,0,8,05,00,80,3F,00,00,00,00,
-1778190089475931,00000180,false,Rx,0,8,01,00,01,00,00,00,00,00,
-1778190089474936,00000280,false,Rx,0,8,FE,04,C9,3E,00,00,00,00,
-1778190089474004,00000281,false,Rx,0,8,51,0B,DC,42,00,00,34,42,
-1778190089472979,00000380,false,Rx,0,8,00,00,00,00,00,00,00,00,
-1778190089471999,00000381,false,Rx,0,8,05,00,80,3F,00,00,00,00,
-1778190089455292,00000180,false,Rx,0,8,01,00,01,00,00,00,00,00,
-1778190089454289,00000280,false,Rx,0,8,3E,2F,C8,3E,00,00,00,00,
-1778190089453356,00000281,false,Rx,0,8,51,0B,DC,42,00,00,34,42,
-1778190089452331,00000380,false,Rx,0,8,00,00,00,00,00,00,00,00,
-1778190089451353,00000381,false,Rx,0,8,05,00,80,3F,00,00,00,00,
-1778190089432437,00000180,false,Rx,0,8,01,00,01,00,00,00,00,00,
-1778190089431430,00000280,false,Rx,0,8,3E,2F,C8,3E,00,00,00,00,
-1778190089430502,00000281,false,Rx,0,8,51,0B,DC,42,00,00,34,42,
-1778190089429473,00000380,false,Rx,0,8,00,00,00,00,00,00,00,00,
-1778190089428493,00000381,false,Rx,0,8,05,00,80,3F,00,00,00,00,
-1778190089409640,00000180,false,Rx,0,8,01,00,01,00,00,00,00,00,
-1778190089408638,00000280,false,Rx,0,8,3E,2F,C8,3E,00,00,00,00,
-1778190089407709,00000281,false,Rx,0,8,51,0B,DC,42,00,00,34,42,
-1778190089406680,00000380,false,Rx,0,8,00,00,00,00,00,00,00,00,
-1778190089405701,00000381,false,Rx,0,8,05,00,80,3F,00,00,00,00,
-1778190089386559,00000180,false,Rx,0,8,01,00,01,00,00,00,00,00,
-1778190089385588,00000280,false,Rx,0,8,2E,64,C7,3E,00,00,00,00,
-1778190089384659,00000281,false,Rx,0,8,51,0B,DC,42,00,00,34,42,
-1778190089383630,00000380,false,Rx,0,8,00,00,00,00,00,00,00,00,
-1778190089382650,00000381,false,Rx,0,8,05,00,80,3F,00,00,00,00,
-1778190089363705,00000180,false,Rx,0,8,01,00,01,00,00,00,00,00,
-1778190089362734,00000280,false,Rx,0,8,2E,64,C7,3E,00,00,00,00,
-1778190089361801,00000281,false,Rx,0,8,51,0B,DC,42,00,00,34,42,
-1778190089360776,00000380,false,Rx,0,8,00,00,00,00,00,00,00,00,
-1778190089359797,00000381,false,Rx,0,8,05,00,80,3F,00,00,00,00,
-1778190089343015,00000180,false,Rx,0,8,01,00,01,00,00,00,00,00,
-1778190089342044,00000280,false,Rx,0,8,45,A3,C6,3E,00,00,00,00,
-1778190089341110,00000281,false,Rx,0,8,51,0B,DC,42,00,00,34,42,
-1778190089340086,00000380,false,Rx,0,8,00,00,00,00,00,00,00,00,
-1778190089339103,00000381,false,Rx,0,8,05,00,80,3F,00,00,00,00,
-1778190089320149,00000180,false,Rx,0,8,01,00,01,00,00,00,00,00,
-1778190089319178,00000280,false,Rx,0,8,45,A3,C6,3E,00,00,00,00,
-1778190089318245,00000281,false,Rx,0,8,51,0B,DC,42,00,00,34,42,
-1778190089317220,00000380,false,Rx,0,8,00,00,00,00,00,00,00,00,
-1778190089316139,00000381,false,Rx,0,8,05,00,80,3F,00,00,00,00,
-1778190089299460,00000180,false,Rx,0,8,01,00,01,00,00,00,00,00,
-1778190089298474,00000280,false,Rx,0,8,01,EC,C5,3E,00,00,00,00,
-1778190089297541,00000281,false,Rx,0,8,51,0B,DC,42,00,00,34,42,
-1778190089296415,00000380,false,Rx,0,8,00,00,00,00,00,00,00,00,
-1778190089295434,00000381,false,Rx,0,8,05,00,80,3F,00,00,00,00,
-1778190089276511,00000180,false,Rx,0,8,01,00,01,00,00,00,00,00,
-1778190089275523,00000280,false,Rx,0,8,01,EC,C5,3E,00,00,00,00,
-1778190089274593,00000281,false,Rx,0,8,51,0B,DC,42,00,00,34,42,
-1778190089273565,00000380,false,Rx,0,8,00,00,00,00,00,00,00,00,
-1778190089272587,00000381,false,Rx,0,8,05,00,80,3F,00,00,00,00,
-1778190089253726,00000180,false,Rx,0,8,01,00,01,00,00,00,00,00,
-1778190089252738,00000280,false,Rx,0,8,01,EC,C5,3E,00,00,00,00,
-1778190089251806,00000281,false,Rx,0,8,51,0B,DC,42,00,00,34,42,
-1778190089250781,00000380,false,Rx,0,8,00,00,00,00,00,00,00,00,
-1778190089249801,00000381,false,Rx,0,8,05,00,80,3F,00,00,00,00,
-1778190089230619,00000180,false,Rx,0,8,01,00,01,00,00,00,00,00,
-1778190089229648,00000280,false,Rx,0,8,E6,3D,C5,3E,00,00,00,00,
-1778190089228720,00000281,false,Rx,0,8,51,0B,DC,42,00,00,34,42,
-1778190089227690,00000380,false,Rx,0,8,00,00,00,00,00,00,00,00,
-1778190089226711,00000381,false,Rx,0,8,05,00,80,3F,00,00,00,00,
-1778190089207789,00000180,false,Rx,0,8,01,00,01,00,00,00,00,00,
-1778190089206817,00000280,false,Rx,0,8,E6,3D,C5,3E,00,00,00,00,
-1778190089205885,00000281,false,Rx,0,8,51,0B,DC,42,00,00,34,42,
-1778190089204860,00000380,false,Rx,0,8,00,00,00,00,00,00,00,00,
-1778190089203876,00000381,false,Rx,0,8,05,00,80,3F,00,00,00,00,
-1778190089187071,00000180,false,Rx,0,8,01,00,01,00,00,00,00,00,
-1778190089186100,00000280,false,Rx,0,8,80,98,C4,3E,00,00,00,00,
-1778190089185172,00000281,false,Rx,0,8,51,0B,DC,42,00,00,34,42,
-1778190089184142,00000380,false,Rx,0,8,00,00,00,00,00,00,00,00,
-1778190089183163,00000381,false,Rx,0,8,05,00,80,3F,00,00,00,00,
-1778190089164198,00000180,false,Rx,0,8,01,00,01,00,00,00,00,00,
-1778190089163226,00000280,false,Rx,0,8,80,98,C4,3E,00,00,00,00,
-1778190089162298,00000281,false,Rx,0,8,51,0B,DC,42,00,00,34,42,
-1778190089161269,00000380,false,Rx,0,8,00,00,00,00,00,00,00,00,
-1778190089160289,00000381,false,Rx,0,8,05,00,80,3F,00,00,00,00,
-1778190089143526,00000180,false,Rx,0,8,01,00,01,00,00,00,00,00,
-1778190089142547,00000280,false,Rx,0,8,5F,FB,C3,3E,00,00,00,00,
-1778190089141615,00000281,false,Rx,0,8,51,0B,DC,42,00,00,34,42,
-1778190089140589,00000380,false,Rx,0,8,00,00,00,00,00,00,00,00,
-1778190089139610,00000381,false,Rx,0,8,05,00,80,3F,00,00,00,00,
-1778190089123159,00000180,false,Rx,0,8,01,00,01,00,00,00,00,00,
-1778190089122181,00000280,false,Rx,0,8,5F,FB,C3,3E,00,00,00,00,
-1778190089121248,00000281,false,Rx,0,8,51,0B,DC,42,00,00,34,42,
-1778190089120222,00000380,false,Rx,0,8,00,00,00,00,00,00,00,00,
-1778190089119244,00000381,false,Rx,0,8,05,00,80,3F,00,00,00,00,
-1778190089100286,00000180,false,Rx,0,8,01,00,01,00,00,00,00,00,
-1778190089099307,00000280,false,Rx,0,8,5F,FB,C3,3E,00,00,00,00,
-1778190089098375,00000281,false,Rx,0,8,51,0B,DC,42,00,00,34,42,
-1778190089097349,00000380,false,Rx,0,8,00,00,00,00,00,00,00,00,
-1778190089096370,00000381,false,Rx,0,8,05,00,80,3F,00,00,00,00,
-1778190089079611,00000180,false,Rx,0,8,01,00,01,00,00,00,00,00,
-1778190089078632,00000280,false,Rx,0,8,1A,66,C3,3E,00,00,00,00,
-1778190089077702,00000281,false,Rx,0,8,51,0B,DC,42,00,00,34,42,
-1778190089076674,00000380,false,Rx,0,8,00,00,00,00,00,00,00,00,
-1778190089075695,00000381,false,Rx,0,8,05,00,80,3F,00,00,00,00,
-1778190089054416,00000180,false,Rx,0,8,01,00,01,00,00,00,00,00,
-1778190089053436,00000280,false,Rx,0,8,1A,66,C3,3E,00,00,00,00,
-1778190089052506,00000281,false,Rx,0,8,51,0B,DC,42,00,00,34,42,
-1778190089051478,00000380,false,Rx,0,8,00,00,00,00,00,00,00,00,
-1778190089050498,00000381,false,Rx,0,8,05,00,80,3F,00,00,00,00,
-1778190089033751,00000180,false,Rx,0,8,01,00,01,00,00,00,00,00,
-1778190089032780,00000280,false,Rx,0,8,4B,D8,C2,3E,00,00,00,00,
-1778190089031847,00000281,false,Rx,0,8,51,0B,DC,42,00,00,34,42,
-1778190089030821,00000380,false,Rx,0,8,00,00,00,00,00,00,00,00,
-1778190089029842,00000381,false,Rx,0,8,05,00,80,3F,00,00,00,00,
-1778190089010892,00000180,false,Rx,0,8,01,00,01,00,00,00,00,00,
-1778190089009921,00000280,false,Rx,0,8,4B,D8,C2,3E,00,00,00,00,
-1778190089008988,00000281,false,Rx,0,8,51,0B,DC,42,00,00,34,42,
-1778190089007963,00000380,false,Rx,0,8,00,00,00,00,00,00,00,00,
-1778190089006984,00000381,false,Rx,0,8,05,00,80,3F,00,00,00,00,
-1778190088988100,00000180,false,Rx,0,8,01,00,01,00,00,00,00,00,
-1778190088987128,00000280,false,Rx,0,8,4B,D8,C2,3E,00,00,00,00,
-1778190088986196,00000281,false,Rx,0,8,51,0B,DC,42,00,00,34,42,
-1778190088985171,00000380,false,Rx,0,8,00,00,00,00,00,00,00,00,
-1778190088984192,00000381,false,Rx,0,8,05,00,80,3F,00,00,00,00,
-1778190088967424,00000180,false,Rx,0,8,01,00,01,00,00,00,00,00,
-1778190088966461,00000280,false,Rx,0,8,93,51,C2,3E,00,00,00,00,
-1778190088965532,00000281,false,Rx,0,8,51,0B,DC,42,00,00,34,42,
-1778190088964502,00000380,false,Rx,0,8,00,00,00,00,00,00,00,00,
-1778190088963524,00000381,false,Rx,0,8,05,00,80,3F,00,00,00,00,
-1778190088944577,00000180,false,Rx,0,8,01,00,01,00,00,00,00,00,
-1778190088943614,00000280,false,Rx,0,8,93,51,C2,3E,00,00,00,00,
-1778190088942681,00000281,false,Rx,0,8,51,0B,DC,42,00,00,34,42,
-1778190088941657,00000380,false,Rx,0,8,00,00,00,00,00,00,00,00,
-1778190088940673,00000381,false,Rx,0,8,05,00,80,3F,00,00,00,00,
-1778190088923879,00000180,false,Rx,0,8,01,00,01,00,00,00,00,00,
-1778190088922899,00000280,false,Rx,0,8,98,D1,C1,3E,00,00,00,00,
-1778190088921967,00000281,false,Rx,0,8,51,0B,DC,42,00,00,34,42,
-1778190088920938,00000380,false,Rx,0,8,00,00,00,00,00,00,00,00,
-1778190088919960,00000381,false,Rx,0,8,05,00,80,3F,00,00,00,00,
-1778190088899029,00000180,false,Rx,0,8,01,00,01,00,00,00,00,00,
-1778190088898050,00000280,false,Rx,0,8,98,D1,C1,3E,00,00,00,00,
-1778190088897118,00000281,false,Rx,0,8,51,0B,DC,42,00,00,34,42,
-1778190088896093,00000380,false,Rx,0,8,00,00,00,00,00,00,00,00,
-1778190088895113,00000381,false,Rx,0,8,05,00,80,3F,00,00,00,00,
-1778190088878523,00000180,false,Rx,0,8,01,00,01,00,00,00,00,00,
-1778190088877536,00000280,false,Rx,0,8,03,58,C1,3E,00,00,00,00,
-1778190088876607,00000281,false,Rx,0,8,51,0B,DC,42,00,00,34,42,
-1778190088875578,00000380,false,Rx,0,8,00,00,00,00,00,00,00,00,
-1778190088874600,00000381,false,Rx,0,8,05,00,80,3F,00,00,00,00,
-1778190088855865,00000180,false,Rx,0,8,01,00,01,00,00,00,00,00,
-1778190088854879,00000280,false,Rx,0,8,03,58,C1,3E,00,00,00,00,
-1778190088853949,00000281,false,Rx,0,8,51,0B,DC,42,00,00,34,42,
-1778190088853019,00000380,false,Rx,0,8,00,00,00,00,00,00,00,00,
-1778190088852041,00000381,false,Rx,0,8,05,00,80,3F,00,00,00,00,
-1778190088833387,00000180,false,Rx,0,8,01,00,01,00,00,00,00,00,
-1778190088832400,00000280,false,Rx,0,8,03,58,C1,3E,00,00,00,00,
-1778190088831469,00000281,false,Rx,0,8,51,0B,DC,42,00,00,34,42,
-1778190088830443,00000380,false,Rx,0,8,00,00,00,00,00,00,00,00,
-1778190088829464,00000381,false,Rx,0,8,05,00,80,3F,00,00,00,00,
-1778190088812898,00000180,false,Rx,0,8,01,00,01,00,00,00,00,00,
-1778190088811919,00000280,false,Rx,0,8,82,E4,C0,3E,00,00,00,00,
-1778190088810989,00000281,false,Rx,0,8,51,0B,DC,42,00,00,34,42,
-1778190088809961,00000380,false,Rx,0,8,00,00,00,00,00,00,00,00,
-1778190088808982,00000381,false,Rx,0,8,05,00,80,3F,00,00,00,00,
-1778190088790251,00000180,false,Rx,0,8,01,00,01,00,00,00,00,00,
-1778190088789273,00000280,false,Rx,0,8,82,E4,C0,3E,00,00,00,00,
-1778190088788340,00000281,false,Rx,0,8,51,0B,DC,42,00,00,34,42,
-1778190088787314,00000380,false,Rx,0,8,00,00,00,00,00,00,00,00,
-1778190088786332,00000381,false,Rx,0,8,05,00,80,3F,00,00,00,00,
-1778190088769753,00000180,false,Rx,0,8,01,00,01,00,00,00,00,00,
-1778190088768781,00000280,false,Rx,0,8,C7,76,C0,3E,00,00,00,00,
-1778190088767848,00000281,false,Rx,0,8,51,0B,DC,42,00,00,34,42,
-1778190088766824,00000380,false,Rx,0,8,00,00,00,00,00,00,00,00,
-1778190088765844,00000381,false,Rx,0,8,05,00,80,3F,00,00,00,00,
-1778190088744646,00000180,false,Rx,0,8,01,00,01,00,00,00,00,00,
-1778190088743674,00000280,false,Rx,0,8,C7,76,C0,3E,00,00,00,00,
-1778190088742745,00000281,false,Rx,0,8,51,0B,DC,42,00,00,34,42,
-1778190088741717,00000380,false,Rx,0,8,00,00,00,00,00,00,00,00,
-1778190088740738,00000381,false,Rx,0,8,05,00,80,3F,00,00,00,00,
-1778190088724197,00000180,false,Rx,0,8,01,00,01,00,00,00,00,00,
-1778190088723218,00000280,false,Rx,0,8,89,0E,C0,3E,00,00,00,00,
-1778190088722289,00000281,false,Rx,0,8,51,0B,DC,42,00,00,34,42,
-1778190088721261,00000380,false,Rx,0,8,00,00,00,00,00,00,00,00,
-1778190088720281,00000381,false,Rx,0,8,05,00,80,3F,00,00,00,00,
-1778190088701540,00000180,false,Rx,0,8,01,00,01,00,00,00,00,00,
-1778190088700560,00000280,false,Rx,0,8,89,0E,C0,3E,00,00,00,00,
-1778190088699631,00000281,false,Rx,0,8,51,0B,DC,42,00,00,34,42,
-1778190088698603,00000380,false,Rx,0,8,00,00,00,00,00,00,00,00,
-1778190088697624,00000381,false,Rx,0,8,05,00,80,3F,00,00,00,00,
-1778190088678946,00000180,false,Rx,0,8,01,00,01,00,00,00,00,00,
-1778190088677967,00000280,false,Rx,0,8,89,0E,C0,3E,00,00,00,00,
-1778190088677035,00000281,false,Rx,0,8,51,0B,DC,42,00,00,34,42,
-1778190088676009,00000380,false,Rx,0,8,00,00,00,00,00,00,00,00,
-1778190088675030,00000381,false,Rx,0,8,05,00,80,3F,00,00,00,00,
-1778190088658468,00000180,false,Rx,0,8,01,00,01,00,00,00,00,00,
-1778190088657481,00000280,false,Rx,0,8,82,AB,BF,3E,00,00,00,00,
-1778190088656549,00000281,false,Rx,0,8,51,0B,DC,42,00,00,34,42,
-1778190088655519,00000380,false,Rx,0,8,00,00,00,00,00,00,00,00,
-1778190088654541,00000381,false,Rx,0,8,05,00,80,3F,00,00,00,00,
-1778190088635803,00000180,false,Rx,0,8,01,00,01,00,00,00,00,00,
-1778190088634813,00000280,false,Rx,0,8,82,AB,BF,3E,00,00,00,00,
-1778190088633983,00000281,false,Rx,0,8,51,0B,DC,42,00,00,34,42,
-1778190088632954,00000380,false,Rx,0,8,00,00,00,00,00,00,00,00,
-1778190088631974,00000381,false,Rx,0,8,05,00,80,3F,00,00,00,00,
-1778190088615320,00000180,false,Rx,0,8,01,00,01,00,00,00,00,00,
-1778190088614349,00000280,false,Rx,0,8,6E,4D,BF,3E,00,00,00,00,
-1778190088613519,00000281,false,Rx,0,8,51,0B,DC,42,00,00,34,42,
-1778190088612489,00000380,false,Rx,0,8,00,00,00,00,00,00,00,00,
-1778190088611510,00000381,false,Rx,0,8,05,00,80,3F,00,00,00,00,
-1778190088592756,00000180,false,Rx,0,8,01,00,01,00,00,00,00,00,
-1778190088591784,00000280,false,Rx,0,8,6E,4D,BF,3E,00,00,00,00,
-1778190088590851,00000281,false,Rx,0,8,51,0B,DC,42,00,00,34,42,
-1778190088589823,00000380,false,Rx,0,8,00,00,00,00,00,00,00,00,
-1778190088588847,00000381,false,Rx,0,8,05,00,80,3F,00,00,00,00,
-1778190088569858,00000180,false,Rx,0,8,01,00,01,00,00,00,00,00,
-1778190088568879,00000280,false,Rx,0,8,0E,F4,BE,3E,00,00,00,00,
-1778190088567946,00000281,false,Rx,0,8,51,0B,DC,42,00,00,34,42,
-1778190088566917,00000380,false,Rx,0,8,00,00,00,00,00,00,00,00,
-1778190088565938,00000381,false,Rx,0,8,05,00,80,3F,00,00,00,00,
-1778190088549688,00000180,false,Rx,0,8,01,00,01,00,00,00,00,00,
-1778190088548709,00000280,false,Rx,0,8,0E,F4,BE,3E,00,00,00,00,
-1778190088547777,00000281,false,Rx,0,8,51,0B,DC,42,00,00,34,42,
-1778190088546751,00000380,false,Rx,0,8,00,00,00,00,00,00,00,00,
-1778190088545772,00000381,false,Rx,0,8,05,00,80,3F,00,00,00,00,
-1778190088527030,00000180,false,Rx,0,8,01,00,01,00,00,00,00,00,
-1778190088526050,00000280,false,Rx,0,8,0E,F4,BE,3E,00,00,00,00,
-1778190088525118,00000281,false,Rx,0,8,51,0B,DC,42,00,00,34,42,
-1778190088524093,00000380,false,Rx,0,8,00,00,00,00,00,00,00,00,
-1778190088523114,00000381,false,Rx,0,8,05,00,80,3F,00,00,00,00,
-1778190088506540,00000180,false,Rx,0,8,01,00,01,00,00,00,00,00,
-1778190088505545,00000280,false,Rx,0,8,26,9F,BE,3E,00,00,00,00,
-1778190088504613,00000281,false,Rx,0,8,51,0B,DC,42,00,00,34,42,
-1778190088503588,00000380,false,Rx,0,8,00,00,00,00,00,00,00,00,
-1778190088502608,00000381,false,Rx,0,8,05,00,80,3F,00,00,00,00,
-1778190088483886,00000180,false,Rx,0,8,01,00,01,00,00,00,00,00,
-1778190088482888,00000280,false,Rx,0,8,26,9F,BE,3E,00,00,00,00,
-1778190088481959,00000281,false,Rx,0,8,51,0B,DC,42,00,00,34,42,
-1778190088480929,00000380,false,Rx,0,8,00,00,00,00,00,00,00,00,
-1778190088479950,00000381,false,Rx,0,8,05,00,80,3F,00,00,00,00,
-1778190088463395,00000180,false,Rx,0,8,01,00,01,00,00,00,00,00,
-1778190088462417,00000280,false,Rx,0,8,7D,4E,BE,3E,00,00,00,00,
-1778190088461484,00000281,false,Rx,0,8,51,0B,DC,42,00,00,34,42,
-1778190088460458,00000380,false,Rx,0,8,00,00,00,00,00,00,00,00,
-1778190088459480,00000381,false,Rx,0,8,05,00,80,3F,00,00,00,00,
-1778190088440738,00000180,false,Rx,0,8,01,00,01,00,00,00,00,00,
-1778190088439759,00000280,false,Rx,0,8,7D,4E,BE,3E,00,00,00,00,
-1778190088438826,00000281,false,Rx,0,8,51,0B,DC,42,00,00,34,42,
-1778190088437801,00000380,false,Rx,0,8,00,00,00,00,00,00,00,00,
-1778190088436823,00000381,false,Rx,0,8,05,00,80,3F,00,00,00,00,
-1778190088415954,00000180,false,Rx,0,8,01,00,01,00,00,00,00,00,
-1778190088414975,00000280,false,Rx,0,8,7D,4E,BE,3E,00,00,00,00,
-1778190088414143,00000281,false,Rx,0,8,51,0B,DC,42,00,00,34,42,
-1778190088413117,00000380,false,Rx,0,8,00,00,00,00,00,00,00,00,
-1778190088412138,00000381,false,Rx,0,8,05,00,80,3F,00,00,00,00,
-1778190088395472,00000180,false,Rx,0,8,01,00,01,00,00,00,00,00,
-1778190088394576,00000280,false,Rx,0,8,DC,01,BE,3E,00,00,00,00,
-1778190088393645,00000281,false,Rx,0,8,51,0B,DC,42,00,00,34,42,
-1778190088392616,00000380,false,Rx,0,8,00,00,00,00,00,00,00,00,
-1778190088391638,00000381,false,Rx,0,8,05,00,80,3F,00,00,00,00,
-1778190088372907,00000180,false,Rx,0,8,01,00,01,00,00,00,00,00,
-1778190088371913,00000280,false,Rx,0,8,DC,01,BE,3E,00,00,00,00,
-1778190088370981,00000281,false,Rx,0,8,51,0B,DC,42,00,00,34,42,
-1778190088369955,00000380,false,Rx,0,8,00,00,00,00,00,00,00,00,
-1778190088368972,00000381,false,Rx,0,8,05,00,80,3F,00,00,00,00,
-1778190088352425,00000180,false,Rx,0,8,01,00,01,00,00,00,00,00,
-1778190088351439,00000280,false,Rx,0,8,10,B9,BD,3E,00,00,00,00,
-1778190088350506,00000281,false,Rx,0,8,51,0B,DC,42,00,00,34,42,
-1778190088349480,00000380,false,Rx,0,8,00,00,00,00,00,00,00,00,
-1778190088348502,00000381,false,Rx,0,8,05,00,80,3F,00,00,00,00,
-1778190088329771,00000180,false,Rx,0,8,01,00,01,00,00,00,00,00,
-1778190088328785,00000280,false,Rx,0,8,10,B9,BD,3E,00,00,00,00,
-1778190088327851,00000281,false,Rx,0,8,51,0B,DC,42,00,00,34,42,
-1778190088326823,00000380,false,Rx,0,8,00,00,00,00,00,00,00,00,
-1778190088325844,00000381,false,Rx,0,8,05,00,80,3F,00,00,00,00,
-1778190088309274,00000180,false,Rx,0,8,01,00,01,00,00,00,00,00,
-1778190088308303,00000280,false,Rx,0,8,E8,73,BD,3E,00,00,00,00,
-1778190088307370,00000281,false,Rx,0,8,51,0B,DC,42,00,00,34,42,
-1778190088306344,00000380,false,Rx,0,8,00,00,00,00,00,00,00,00,
-1778190088305362,00000381,false,Rx,0,8,05,00,80,3F,00,00,00,00,
-1778190088286609,00000180,false,Rx,0,8,01,00,01,00,00,00,00,00,
-1778190088285638,00000280,false,Rx,0,8,E8,73,BD,3E,00,00,00,00,
-1778190088284704,00000281,false,Rx,0,8,51,0B,DC,42,00,00,34,42,
-1778190088283679,00000380,false,Rx,0,8,00,00,00,00,00,00,00,00,
-1778190088282697,00000381,false,Rx,0,8,05,00,80,3F,00,00,00,00,
-1778190088261641,00000180,false,Rx,0,8,01,00,01,00,00,00,00,00,
-1778190088260670,00000280,false,Rx,0,8,E8,73,BD,3E,00,00,00,00,
-1778190088259737,00000281,false,Rx,0,8,51,0B,DC,42,00,00,34,42,
-1778190088258707,00000380,false,Rx,0,8,00,00,00,00,00,00,00,00,
-1778190088257729,00000381,false,Rx,0,8,05,00,80,3F,00,00,00,00,
-1778190088241132,00000180,false,Rx,0,8,01,00,01,00,00,00,00,00,
-1778190088240153,00000280,false,Rx,0,8,36,32,BD,3E,00,00,00,00,
-1778190088239224,00000281,false,Rx,0,8,51,0B,DC,42,00,00,34,42,
-1778190088238194,00000380,false,Rx,0,8,00,00,00,00,00,00,00,00,
-1778190088237216,00000381,false,Rx,0,8,05,00,80,3F,00,00,00,00,
-1778190088218462,00000180,false,Rx,0,8,01,00,01,00,00,00,00,00,
-1778190088217479,00000280,false,Rx,0,8,36,32,BD,3E,00,00,00,00,
-1778190088216550,00000281,false,Rx,0,8,51,0B,DC,42,00,00,34,42,
-1778190088215521,00000380,false,Rx,0,8,00,00,00,00,00,00,00,00,
-1778190088214642,00000381,false,Rx,0,8,05,00,80,3F,00,00,00,00,
-1778190088197986,00000180,false,Rx,0,8,01,00,01,00,00,00,00,00,
-1778190088197023,00000280,false,Rx,0,8,CC,F3,BC,3E,00,00,00,00,
-1778190088196094,00000281,false,Rx,0,8,51,0B,DC,42,00,00,34,42,
-1778190088195064,00000380,false,Rx,0,8,00,00,00,00,00,00,00,00,
-1778190088194185,00000381,false,Rx,0,8,05,00,80,3F,00,00,00,00,
-1778190088175307,00000180,false,Rx,0,8,01,00,01,00,00,00,00,00,
-1778190088174446,00000280,false,Rx,0,8,CC,F3,BC,3E,00,00,00,00,
-1778190088173514,00000281,false,Rx,0,8,51,0B,DC,42,00,00,34,42,
-1778190088172487,00000380,false,Rx,0,8,00,00,00,00,00,00,00,00,
-1778190088171507,00000381,false,Rx,0,8,05,00,80,3F,00,00,00,00,
-1778190088154942,00000180,false,Rx,0,8,01,00,01,00,00,00,00,00,
-1778190088153970,00000280,false,Rx,0,8,81,B8,BC,3E,00,00,00,00,
-1778190088153039,00000281,false,Rx,0,8,51,0B,DC,42,00,00,34,42,
-1778190088152014,00000380,false,Rx,0,8,00,00,00,00,00,00,00,00,
-1778190088151034,00000381,false,Rx,0,8,05,00,80,3F,00,00,00,00,
-1778190088132292,00000180,false,Rx,0,8,01,00,01,00,00,00,00,00,
-1778190088131320,00000280,false,Rx,0,8,81,B8,BC,3E,00,00,00,00,
-1778190088130392,00000281,false,Rx,0,8,51,0B,DC,42,00,00,34,42,
-1778190088129363,00000380,false,Rx,0,8,00,00,00,00,00,00,00,00,
-1778190088128383,00000381,false,Rx,0,8,05,00,80,3F,00,00,00,00,
-1778190088109716,00000180,false,Rx,0,8,01,00,01,00,00,00,00,00,
-1778190088108745,00000280,false,Rx,0,8,81,B8,BC,3E,00,00,00,00,
-1778190088107815,00000281,false,Rx,0,8,51,0B,DC,42,00,00,34,42,
-1778190088106787,00000380,false,Rx,0,8,00,00,00,00,00,00,00,00,
-1778190088105808,00000381,false,Rx,0,8,05,00,80,3F,00,00,00,00,
-1778190088086611,00000180,false,Rx,0,8,01,00,01,00,00,00,00,00,
-1778190088085632,00000280,false,Rx,0,8,2D,80,BC,3E,00,00,00,00,
-1778190088084700,00000281,false,Rx,0,8,51,0B,DC,42,00,00,34,42,
-1778190088083675,00000380,false,Rx,0,8,00,00,00,00,00,00,00,00,
-1778190088082695,00000381,false,Rx,0,8,05,00,80,3F,00,00,00,00,
-1778190088063938,00000180,false,Rx,0,8,01,00,01,00,00,00,00,00,
-1778190088062959,00000280,false,Rx,0,8,2D,80,BC,3E,00,00,00,00,
-1778190088062030,00000281,false,Rx,0,8,51,0B,DC,42,00,00,34,42,
-1778190088061002,00000380,false,Rx,0,8,00,00,00,00,00,00,00,00,
-1778190088060022,00000381,false,Rx,0,8,05,00,80,3F,00,00,00,00,
-1778190088043457,00000180,false,Rx,0,8,01,00,01,00,00,00,00,00,
-1778190088042478,00000280,false,Rx,0,8,AA,4A,BC,3E,00,00,00,00,
-1778190088041549,00000281,false,Rx,0,8,51,0B,DC,42,00,00,34,42,
-1778190088040520,00000380,false,Rx,0,8,00,00,00,00,00,00,00,00,
-1778190088039541,00000381,false,Rx,0,8,05,00,80,3F,00,00,00,00,
-1778190088020795,00000180,false,Rx,0,8,01,00,01,00,00,00,00,00,
-1778190088019816,00000280,false,Rx,0,8,AA,4A,BC,3E,00,00,00,00,
-1778190088018887,00000281,false,Rx,0,8,51,0B,DC,42,00,00,34,42,
-1778190088017858,00000380,false,Rx,0,8,00,00,00,00,00,00,00,00,
-1778190088016879,00000381,false,Rx,0,8,05,00,80,3F,00,00,00,00,
-1778190088000282,00000180,false,Rx,0,8,01,00,01,00,00,00,00,00,
-1778190087999311,00000280,false,Rx,0,8,D4,17,BC,3E,00,00,00,00,
-1778190087998378,00000281,false,Rx,0,8,51,0B,DC,42,00,00,34,42,
-1778190087997353,00000380,false,Rx,0,8,00,00,00,00,00,00,00,00,
-1778190087996374,00000381,false,Rx,0,8,05,00,80,3F,00,00,00,00,
-1778190087980154,00000180,false,Rx,0,8,01,00,01,00,00,00,00,00,
-1778190087979183,00000280,false,Rx,0,8,D4,17,BC,3E,00,00,00,00,
-1778190087978251,00000281,false,Rx,0,8,51,0B,DC,42,00,00,34,42,
-1778190087977225,00000380,false,Rx,0,8,00,00,00,00,00,00,00,00,
-1778190087976246,00000381,false,Rx,0,8,05,00,80,3F,00,00,00,00,
-1778190087957505,00000180,false,Rx,0,8,01,00,01,00,00,00,00,00,
-1778190087956534,00000280,false,Rx,0,8,D4,17,BC,3E,00,00,00,00,
-1778190087955601,00000281,false,Rx,0,8,51,0B,DC,42,00,00,34,42,
-1778190087954674,00000380,false,Rx,0,8,00,00,00,00,00,00,00,00,
-1778190087953696,00000381,false,Rx,0,8,05,00,80,3F,00,00,00,00,
-1778190087934901,00000180,false,Rx,0,8,01,00,01,00,00,00,00,00,
-1778190087933936,00000280,false,Rx,0,8,89,E7,BB,3E,00,00,00,00,
-1778190087933009,00000281,false,Rx,0,8,51,0B,DC,42,00,00,34,42,
-1778190087931979,00000380,false,Rx,0,8,00,00,00,00,00,00,00,00,
-1778190087931000,00000381,false,Rx,0,8,05,00,80,3F,00,00,00,00,
-1778190087912255,00000180,false,Rx,0,8,01,00,01,00,00,00,00,00,
-1778190087911291,00000280,false,Rx,0,8,89,E7,BB,3E,00,00,00,00,
-1778190087910359,00000281,false,Rx,0,8,51,0B,DC,42,00,00,34,42,
-1778190087909333,00000380,false,Rx,0,8,00,00,00,00,00,00,00,00,
-1778190087908350,00000381,false,Rx,0,8,05,00,80,3F,00,00,00,00,
-1778190087891557,00000180,false,Rx,0,8,01,00,01,00,00,00,00,00,
-1778190087890593,00000280,false,Rx,0,8,A8,B9,BB,3E,00,00,00,00,
-1778190087889661,00000281,false,Rx,0,8,51,0B,DC,42,00,00,34,42,
-1778190087888636,00000380,false,Rx,0,8,00,00,00,00,00,00,00,00,
-1778190087887652,00000381,false,Rx,0,8,05,00,80,3F,00,00,00,00,
-1778190087868684,00000180,false,Rx,0,8,01,00,01,00,00,00,00,00,
-1778190087867720,00000280,false,Rx,0,8,A8,B9,BB,3E,00,00,00,00,
-1778190087866787,00000281,false,Rx,0,8,51,0B,DC,42,00,00,34,42,
-1778190087865763,00000380,false,Rx,0,8,00,00,00,00,00,00,00,00,
-1778190087864784,00000381,false,Rx,0,8,05,00,80,3F,00,00,00,00,
-1778190087845916,00000180,false,Rx,0,8,01,00,01,00,00,00,00,00,
-1778190087844952,00000280,false,Rx,0,8,A8,B9,BB,3E,00,00,00,00,
-1778190087844024,00000281,false,Rx,0,8,51,0B,DC,42,00,00,34,42,
-1778190087842994,00000380,false,Rx,0,8,00,00,00,00,00,00,00,00,
-1778190087842015,00000381,false,Rx,0,8,05,00,80,3F,00,00,00,00,
-1778190087825226,00000180,false,Rx,0,8,01,00,01,00,00,00,00,00,
-1778190087824254,00000280,false,Rx,0,8,AB,FC,CD,3E,00,00,00,00,
-1778190087823325,00000281,false,Rx,0,8,51,0B,DC,42,00,00,34,42,
-1778190087822296,00000380,false,Rx,0,8,00,00,00,00,00,00,00,00,
-1778190087821318,00000381,false,Rx,0,8,05,00,80,3F,00,00,00,00,
-1778190087802345,00000180,false,Rx,0,8,01,00,01,00,00,00,00,00,
-1778190087801374,00000280,false,Rx,0,8,AB,FC,CD,3E,00,00,00,00,
-1778190087800445,00000281,false,Rx,0,8,51,0B,DC,42,00,00,34,42,
-1778190087799416,00000380,false,Rx,0,8,00,00,00,00,00,00,00,00,
-1778190087798437,00000381,false,Rx,0,8,05,00,80,3F,00,00,00,00,
-1778190087779271,00000180,false,Rx,0,8,01,00,01,00,00,00,00,00,
-1778190087778304,00000280,false,Rx,0,8,55,E7,CC,3E,00,00,00,00,
-1778190087777372,00000281,false,Rx,0,8,51,0B,DC,42,00,00,34,42,
-1778190087776343,00000380,false,Rx,0,8,00,00,00,00,00,00,00,00,
-1778190087775363,00000381,false,Rx,0,8,05,00,80,3F,00,00,00,00,
-1778190087756418,00000180,false,Rx,0,8,01,00,01,00,00,00,00,00,
-1778190087755447,00000280,false,Rx,0,8,55,E7,CC,3E,00,00,00,00,
-1778190087754515,00000281,false,Rx,0,8,51,0B,DC,42,00,00,34,42,
-1778190087753387,00000380,false,Rx,0,8,00,00,00,00,00,00,00,00,
-1778190087752409,00000381,false,Rx,0,8,05,00,80,3F,00,00,00,00,
-1778190087735719,00000180,false,Rx,0,8,01,00,01,00,00,00,00,00,
-1778190087734748,00000280,false,Rx,0,8,DD,DF,CB,3E,00,00,00,00,
-1778190087733715,00000281,false,Rx,0,8,51,0B,DC,42,00,00,34,42,
-1778190087732690,00000380,false,Rx,0,8,00,00,00,00,00,00,00,00,
-1778190087731711,00000381,false,Rx,0,8,05,00,80,3F,00,00,00,00,
-1778190087712756,00000180,false,Rx,0,8,01,00,01,00,00,00,00,00,
-1778190087711785,00000280,false,Rx,0,8,DD,DF,CB,3E,00,00,00,00,
-1778190087710853,00000281,false,Rx,0,8,51,0B,DC,42,00,00,34,42,
-1778190087709827,00000380,false,Rx,0,8,00,00,00,00,00,00,00,00,
-1778190087708848,00000381,false,Rx,0,8,05,00,80,3F,00,00,00,00,
-1778190087689972,00000180,false,Rx,0,8,01,00,01,00,00,00,00,00,
-1778190087689001,00000280,false,Rx,0,8,DD,DF,CB,3E,00,00,00,00,
-1778190087688069,00000281,false,Rx,0,8,51,0B,DC,42,00,00,34,42,
-1778190087687043,00000380,false,Rx,0,8,00,00,00,00,00,00,00,00,
-1778190087686060,00000381,false,Rx,0,8,05,00,80,3F,00,00,00,00,
-1778190087669306,00000180,false,Rx,0,8,01,00,01,00,00,00,00,00,
-1778190087668334,00000280,false,Rx,0,8,91,E5,CA,3E,00,00,00,00,
-1778190087667405,00000281,false,Rx,0,8,51,0B,DC,42,00,00,34,42,
-1778190087666376,00000380,false,Rx,0,8,00,00,00,00,00,00,00,00,
-1778190087665398,00000381,false,Rx,0,8,05,00,80,3F,00,00,00,00,
-1778190087646440,00000180,false,Rx,0,8,01,00,01,00,00,00,00,00,
-1778190087645468,00000280,false,Rx,0,8,91,E5,CA,3E,00,00,00,00,
-1778190087644540,00000281,false,Rx,0,8,51,0B,DC,42,00,00,34,42,
-1778190087643511,00000380,false,Rx,0,8,00,00,00,00,00,00,00,00,
-1778190087642532,00000381,false,Rx,0,8,05,00,80,3F,00,00,00,00,
-1778190087625761,00000180,false,Rx,0,8,01,00,01,00,00,00,00,00,
-1778190087624775,00000280,false,Rx,0,8,C9,F7,C9,3E,00,00,00,00,
-1778190087623841,00000281,false,Rx,0,8,51,0B,DC,42,00,00,34,42,
-1778190087622816,00000380,false,Rx,0,8,00,00,00,00,00,00,00,00,
-1778190087621837,00000381,false,Rx,0,8,05,00,80,3F,00,00,00,00,
-1778190087600482,00000180,false,Rx,0,8,01,00,01,00,00,00,00,00,
-1778190087599491,00000280,false,Rx,0,8,C9,F7,C9,3E,00,00,00,00,
-1778190087598562,00000281,false,Rx,0,8,51,0B,DC,42,00,00,34,42,
-1778190087597533,00000380,false,Rx,0,8,00,00,00,00,00,00,00,00,
-1778190087596555,00000381,false,Rx,0,8,05,00,80,3F,00,00,00,00,
-1778190087579800,00000180,false,Rx,0,8,01,00,01,00,00,00,00,00,
-1778190087578828,00000280,false,Rx,0,8,E5,15,C9,3E,00,00,00,00,
-1778190087577895,00000281,false,Rx,0,8,51,0B,DC,42,00,00,34,42,
-1778190087576870,00000380,false,Rx,0,8,00,00,00,00,00,00,00,00,
-1778190087575891,00000381,false,Rx,0,8,05,00,80,3F,00,00,00,00,
-1778190087559429,00000180,false,Rx,0,8,01,00,01,00,00,00,00,00,
-1778190087558458,00000280,false,Rx,0,8,E5,15,C9,3E,00,00,00,00,
-1778190087557529,00000281,false,Rx,0,8,51,0B,DC,42,00,00,34,42,
-1778190087556500,00000380,false,Rx,0,8,00,00,00,00,00,00,00,00,
-1778190087555521,00000381,false,Rx,0,8,05,00,80,3F,00,00,00,00,
-1778190087536572,00000180,false,Rx,0,8,01,00,01,00,00,00,00,00,
-1778190087535605,00000280,false,Rx,0,8,E5,15,C9,3E,00,00,00,00,
-1778190087534672,00000281,false,Rx,0,8,51,0B,DC,42,00,00,34,42,
-1778190087533643,00000380,false,Rx,0,8,00,00,00,00,00,00,00,00,
-1778190087532664,00000381,false,Rx,0,8,05,00,80,3F,00,00,00,00,
-1778190087515877,00000180,false,Rx,0,8,01,00,01,00,00,00,00,00,
-1778190087514891,00000280,false,Rx,0,8,4C,3F,C8,3E,00,00,00,00,
-1778190087513958,00000281,false,Rx,0,8,51,0B,DC,42,00,00,34,42,
-1778190087512932,00000380,false,Rx,0,8,00,00,00,00,00,00,00,00,
-1778190087511851,00000381,false,Rx,0,8,05,00,80,3F,00,00,00,00,
-1778190087493027,00000180,false,Rx,0,8,01,00,01,00,00,00,00,00,
-1778190087492041,00000280,false,Rx,0,8,4C,3F,C8,3E,00,00,00,00,
-1778190087491008,00000281,false,Rx,0,8,51,0B,DC,42,00,00,34,42,
-1778190087489982,00000380,false,Rx,0,8,00,00,00,00,00,00,00,00,
-1778190087489003,00000381,false,Rx,0,8,05,00,80,3F,00,00,00,00,
-1778190087472337,00000180,false,Rx,0,8,01,00,01,00,00,00,00,00,
-1778190087471266,00000280,false,Rx,0,8,6E,73,C7,3E,00,00,00,00,
-1778190087470338,00000281,false,Rx,0,8,51,0B,DC,42,00,00,34,42,
-1778190087469307,00000380,false,Rx,0,8,00,00,00,00,00,00,00,00,
-1778190087468331,00000381,false,Rx,0,8,05,00,80,3F,00,00,00,00,
-1778190087447142,00000180,false,Rx,0,8,01,00,01,00,00,00,00,00,
-1778190087446171,00000280,false,Rx,0,8,6E,73,C7,3E,00,00,00,00,
-1778190087445239,00000281,false,Rx,0,8,51,0B,DC,42,00,00,34,42,
-1778190087444214,00000380,false,Rx,0,8,00,00,00,00,00,00,00,00,
-1778190087443234,00000381,false,Rx,0,8,05,00,80,3F,00,00,00,00,
-1778190087424381,00000180,false,Rx,0,8,01,00,01,00,00,00,00,00,
-1778190087423409,00000280,false,Rx,0,8,6E,73,C7,3E,00,00,00,00,
-1778190087422480,00000281,false,Rx,0,8,51,0B,DC,42,00,00,34,42,
-1778190087421452,00000380,false,Rx,0,8,00,00,00,00,00,00,00,00,
-1778190087420472,00000381,false,Rx,0,8,05,00,80,3F,00,00,00,00,
-1778190087403699,00000180,false,Rx,0,8,01,00,01,00,00,00,00,00,
-1778190087402735,00000280,false,Rx,0,8,C2,B1,C6,3E,00,00,00,00,
-1778190087401806,00000281,false,Rx,0,8,51,0B,DC,42,00,00,34,42,
-1778190087400777,00000380,false,Rx,0,8,00,00,00,00,00,00,00,00,
-1778190087399798,00000381,false,Rx,0,8,05,00,80,3F,00,00,00,00,
-1778190087380829,00000180,false,Rx,0,8,01,00,01,00,00,00,00,00,
-1778190087379865,00000280,false,Rx,0,8,C2,B1,C6,3E,00,00,00,00,
-1778190087378933,00000281,false,Rx,0,8,51,0B,DC,42,00,00,34,42,
-1778190087377906,00000380,false,Rx,0,8,00,00,00,00,00,00,00,00,
-1778190087376928,00000381,false,Rx,0,8,05,00,80,3F,00,00,00,00,
-1778190087360154,00000180,false,Rx,0,8,01,00,01,00,00,00,00,00,
-1778190087359167,00000280,false,Rx,0,8,C4,F9,C5,3E,00,00,00,00,
-1778190087358239,00000281,false,Rx,0,8,51,0B,DC,42,00,00,34,42,
-1778190087357209,00000380,false,Rx,0,8,00,00,00,00,00,00,00,00,
-1778190087356230,00000381,false,Rx,0,8,05,00,80,3F,00,00,00,00,
-1778190087337281,00000180,false,Rx,0,8,01,00,01,00,00,00,00,00,
-1778190087336295,00000280,false,Rx,0,8,C4,F9,C5,3E,00,00,00,00,
-1778190087335361,00000281,false,Rx,0,8,51,0B,DC,42,00,00,34,42,
-1778190087334336,00000380,false,Rx,0,8,00,00,00,00,00,00,00,00,
-1778190087333358,00000381,false,Rx,0,8,05,00,80,3F,00,00,00,00,
-1778190087316610,00000180,false,Rx,0,8,01,00,01,00,00,00,00,00,
-1778190087315626,00000280,false,Rx,0,8,FA,4A,C5,3E,00,00,00,00,
-1778190087314698,00000281,false,Rx,0,8,51,0B,DC,42,00,00,34,42,
-1778190087313669,00000380,false,Rx,0,8,00,00,00,00,00,00,00,00,
-1778190087312690,00000381,false,Rx,0,8,05,00,80,3F,00,00,00,00,
-1778190087291527,00000180,false,Rx,0,8,01,00,01,00,00,00,00,00,
-1778190087290548,00000280,false,Rx,0,8,FA,4A,C5,3E,00,00,00,00,
-1778190087289519,00000281,false,Rx,0,8,51,0B,DC,42,00,00,34,42,
-1778190087288489,00000380,false,Rx,0,8,00,00,00,00,00,00,00,00,
-1778190087287510,00000381,false,Rx,0,8,05,00,80,3F,00,00,00,00,
-1778190087268666,00000180,false,Rx,0,8,01,00,01,00,00,00,00,00,
-1778190087267688,00000280,false,Rx,0,8,FA,4A,C5,3E,00,00,00,00,
-1778190087266754,00000281,false,Rx,0,8,51,0B,DC,42,00,00,34,42,
-1778190087265729,00000380,false,Rx,0,8,00,00,00,00,00,00,00,00,
-1778190087264751,00000381,false,Rx,0,8,05,00,80,3F,00,00,00,00,
-1778190087247976,00000180,false,Rx,0,8,01,00,01,00,00,00,00,00,
-1778190087247004,00000280,false,Rx,0,8,ED,A4,C4,3E,00,00,00,00,
-1778190087246076,00000281,false,Rx,0,8,51,0B,DC,42,00,00,34,42,
-1778190087245047,00000380,false,Rx,0,8,00,00,00,00,00,00,00,00,
-1778190087244068,00000381,false,Rx,0,8,05,00,80,3F,00,00,00,00,
-1778190087225121,00000180,false,Rx,0,8,01,00,01,00,00,00,00,00,
-1778190087224150,00000280,false,Rx,0,8,ED,A4,C4,3E,00,00,00,00,
-1778190087223221,00000281,false,Rx,0,8,51,0B,DC,42,00,00,34,42,
-1778190087222192,00000380,false,Rx,0,8,00,00,00,00,00,00,00,00,
-1778190087221213,00000381,false,Rx,0,8,05,00,80,3F,00,00,00,00,
-1778190087204431,00000180,false,Rx,0,8,01,00,01,00,00,00,00,00,
-1778190087203437,00000280,false,Rx,0,8,2D,07,C4,3E,00,00,00,00,
-1778190087202504,00000281,false,Rx,0,8,51,0B,DC,42,00,00,34,42,
-1778190087201479,00000380,false,Rx,0,8,00,00,00,00,00,00,00,00,
-1778190087200500,00000381,false,Rx,0,8,05,00,80,3F,00,00,00,00,
-1778190087181550,00000180,false,Rx,0,8,01,00,01,00,00,00,00,00,
-1778190087180556,00000280,false,Rx,0,8,2D,07,C4,3E,00,00,00,00,
-1778190087179623,00000281,false,Rx,0,8,51,0B,DC,42,00,00,34,42,
-1778190087178598,00000380,false,Rx,0,8,00,00,00,00,00,00,00,00,
-1778190087177619,00000381,false,Rx,0,8,05,00,80,3F,00,00,00,00,
-1778190087160875,00000180,false,Rx,0,8,01,00,01,00,00,00,00,00,
-1778190087159896,00000280,false,Rx,0,8,50,71,C3,3E,00,00,00,00,
-1778190087158967,00000281,false,Rx,0,8,51,0B,DC,42,00,00,34,42,
-1778190087157938,00000380,false,Rx,0,8,00,00,00,00,00,00,00,00,
-1778190087156959,00000381,false,Rx,0,8,05,00,80,3F,00,00,00,00,
-1778190087138021,00000180,false,Rx,0,8,01,00,01,00,00,00,00,00,
-1778190087137041,00000280,false,Rx,0,8,50,71,C3,3E,00,00,00,00,
-1778190087136109,00000281,false,Rx,0,8,51,0B,DC,42,00,00,34,42,
-1778190087135084,00000380,false,Rx,0,8,00,00,00,00,00,00,00,00,
-1778190087134104,00000381,false,Rx,0,8,05,00,80,3F,00,00,00,00,
-1778190087112817,00000180,false,Rx,0,8,01,00,01,00,00,00,00,00,
-1778190087111838,00000280,false,Rx,0,8,50,71,C3,3E,00,00,00,00,
-1778190087110910,00000281,false,Rx,0,8,51,0B,DC,42,00,00,34,42,
-1778190087109880,00000380,false,Rx,0,8,00,00,00,00,00,00,00,00,
-1778190087108902,00000381,false,Rx,0,8,05,00,80,3F,00,00,00,00,
-1778190087092145,00000180,false,Rx,0,8,01,00,01,00,00,00,00,00,
-1778190087091166,00000280,false,Rx,0,8,F2,E2,C2,3E,00,00,00,00,
-1778190087090233,00000281,false,Rx,0,8,51,0B,DC,42,00,00,34,42,
-1778190087089208,00000380,false,Rx,0,8,00,00,00,00,00,00,00,00,
-1778190087088131,00000381,false,Rx,0,8,05,00,80,3F,00,00,00,00,
-1778190087069271,00000180,false,Rx,0,8,01,00,01,00,00,00,00,00,
-1778190087068194,00000280,false,Rx,0,8,F2,E2,C2,3E,00,00,00,00,
-1778190087067262,00000281,false,Rx,0,8,51,0B,DC,42,00,00,34,42,
-1778190087066235,00000380,false,Rx,0,8,00,00,00,00,00,00,00,00,
-1778190087065255,00000381,false,Rx,0,8,05,00,80,3F,00,00,00,00,
-1778190087048593,00000180,false,Rx,0,8,01,00,01,00,00,00,00,00,
-1778190087047513,00000280,false,Rx,0,8,B2,5B,C2,3E,00,00,00,00,
-1778190087046581,00000281,false,Rx,0,8,51,0B,DC,42,00,00,34,42,
-1778190087045555,00000380,false,Rx,0,8,00,00,00,00,00,00,00,00,
-1778190087044574,00000381,false,Rx,0,8,05,00,80,3F,00,00,00,00,
-1778190087025627,00000180,false,Rx,0,8,01,00,01,00,00,00,00,00,
-1778190087024648,00000280,false,Rx,0,8,B2,5B,C2,3E,00,00,00,00,
-1778190087023714,00000281,false,Rx,0,8,51,0B,DC,42,00,00,34,42,
-1778190087022689,00000380,false,Rx,0,8,00,00,00,00,00,00,00,00,
-1778190087021707,00000381,false,Rx,0,8,05,00,80,3F,00,00,00,00,
-1778190087004943,00000180,false,Rx,0,8,01,00,01,00,00,00,00,00,
-1778190087003949,00000280,false,Rx,0,8,35,DB,C1,3E,00,00,00,00,
-1778190087003017,00000281,false,Rx,0,8,51,0B,DC,42,00,00,34,42,
-1778190087001987,00000380,false,Rx,0,8,00,00,00,00,00,00,00,00,
-1778190087001008,00000381,false,Rx,0,8,05,00,80,3F,00,00,00,00,
-1778190086984573,00000180,false,Rx,0,8,01,00,01,00,00,00,00,00,
-1778190086983579,00000280,false,Rx,0,8,35,DB,C1,3E,00,00,00,00,
-1778190086982647,00000281,false,Rx,0,8,51,0B,DC,42,00,00,34,42,
-1778190086981621,00000380,false,Rx,0,8,00,00,00,00,00,00,00,00,
-1778190086980642,00000381,false,Rx,0,8,05,00,80,3F,00,00,00,00,
-1778190086959520,00000180,false,Rx,0,8,01,00,01,00,00,00,00,00,
-1778190086958522,00000280,false,Rx,0,8,35,DB,C1,3E,00,00,00,00,
-1778190086957593,00000281,false,Rx,0,8,51,0B,DC,42,00,00,34,42,
-1778190086956564,00000380,false,Rx,0,8,00,00,00,00,00,00,00,00,
-1778190086955585,00000381,false,Rx,0,8,05,00,80,3F,00,00,00,00,
-1778190086938818,00000180,false,Rx,0,8,01,00,01,00,00,00,00,00,
-1778190086937832,00000280,false,Rx,0,8,25,61,C1,3E,00,00,00,00,
-1778190086936903,00000281,false,Rx,0,8,51,0B,DC,42,00,00,34,42,
-1778190086935873,00000380,false,Rx,0,8,00,00,00,00,00,00,00,00,
-1778190086934895,00000381,false,Rx,0,8,05,00,80,3F,00,00,00,00,
-1778190086915944,00000180,false,Rx,0,8,01,00,01,00,00,00,00,00,
-1778190086914957,00000280,false,Rx,0,8,25,61,C1,3E,00,00,00,00,
-1778190086914029,00000281,false,Rx,0,8,51,0B,DC,42,00,00,34,42,
-1778190086912999,00000380,false,Rx,0,8,00,00,00,00,00,00,00,00,
-1778190086912020,00000381,false,Rx,0,8,05,00,80,3F,00,00,00,00,
-1778190086895273,00000180,false,Rx,0,8,01,00,01,00,00,00,00,00,
-1778190086894287,00000280,false,Rx,0,8,2F,ED,C0,3E,00,00,00,00,
-1778190086893353,00000281,false,Rx,0,8,51,0B,DC,42,00,00,34,42,
-1778190086892328,00000380,false,Rx,0,8,00,00,00,00,00,00,00,00,
-1778190086891350,00000381,false,Rx,0,8,05,00,80,3F,00,00,00,00,
-1778190086872418,00000180,false,Rx,0,8,01,00,01,00,00,00,00,00,
-1778190086871427,00000280,false,Rx,0,8,2F,ED,C0,3E,00,00,00,00,
-1778190086870498,00000281,false,Rx,0,8,51,0B,DC,42,00,00,34,42,
-1778190086869469,00000380,false,Rx,0,8,00,00,00,00,00,00,00,00,
-1778190086868490,00000381,false,Rx,0,8,05,00,80,3F,00,00,00,00,
-1778190086849821,00000180,false,Rx,0,8,01,00,01,00,00,00,00,00,
-1778190086848835,00000280,false,Rx,0,8,2F,ED,C0,3E,00,00,00,00,
-1778190086847902,00000281,false,Rx,0,8,51,0B,DC,42,00,00,34,42,
-1778190086846876,00000380,false,Rx,0,8,00,00,00,00,00,00,00,00,
-1778190086845997,00000381,false,Rx,0,8,05,00,80,3F,00,00,00,00,
-1778190086829349,00000180,false,Rx,0,8,01,00,01,00,00,00,00,00,
-1778190086828354,00000280,false,Rx,0,8,06,7F,C0,3E,00,00,00,00,
-1778190086827421,00000281,false,Rx,0,8,51,0B,DC,42,00,00,34,42,
-1778190086826497,00000380,false,Rx,0,8,00,00,00,00,00,00,00,00,
-1778190086825516,00000381,false,Rx,0,8,05,00,80,3F,00,00,00,00,
-1778190086804594,00000180,false,Rx,0,8,01,00,01,00,00,00,00,00,
-1778190086803596,00000280,false,Rx,0,8,06,7F,C0,3E,00,00,00,00,
-1778190086802667,00000281,false,Rx,0,8,51,0B,DC,42,00,00,34,42,
-1778190086801638,00000380,false,Rx,0,8,00,00,00,00,00,00,00,00,
-1778190086800658,00000381,false,Rx,0,8,05,00,80,3F,00,00,00,00,
-1778190086784084,00000180,false,Rx,0,8,01,00,01,00,00,00,00,00,
-1778190086783113,00000280,false,Rx,0,8,5E,16,C0,3E,00,00,00,00,
-1778190086782185,00000281,false,Rx,0,8,51,0B,DC,42,00,00,34,42,
-1778190086781155,00000380,false,Rx,0,8,00,00,00,00,00,00,00,00,
-1778190086780176,00000381,false,Rx,0,8,05,00,80,3F,00,00,00,00,
-1778190086761429,00000180,false,Rx,0,8,01,00,01,00,00,00,00,00,
-1778190086760458,00000280,false,Rx,0,8,5E,16,C0,3E,00,00,00,00,
-1778190086759526,00000281,false,Rx,0,8,51,0B,DC,42,00,00,34,42,
-1778190086758496,00000380,false,Rx,0,8,00,00,00,00,00,00,00,00,
-1778190086757521,00000381,false,Rx,0,8,05,00,80,3F,00,00,00,00,
-1778190086740939,00000180,false,Rx,0,8,01,00,01,00,00,00,00,00,
-1778190086739960,00000280,false,Rx,0,8,F2,B2,BF,3E,00,00,00,00,
-1778190086739027,00000281,false,Rx,0,8,51,0B,DC,42,00,00,34,42,
-1778190086738002,00000380,false,Rx,0,8,00,00,00,00,00,00,00,00,
-1778190086737024,00000381,false,Rx,0,8,05,00,80,3F,00,00,00,00,
-1778190086718265,00000180,false,Rx,0,8,01,00,01,00,00,00,00,00,
-1778190086717287,00000280,false,Rx,0,8,F2,B2,BF,3E,00,00,00,00,
-1778190086716357,00000281,false,Rx,0,8,51,0B,DC,42,00,00,34,42,
-1778190086715328,00000380,false,Rx,0,8,00,00,00,00,00,00,00,00,
-1778190086714350,00000381,false,Rx,0,8,05,00,80,3F,00,00,00,00,
-1778190086695697,00000180,false,Rx,0,8,01,00,01,00,00,00,00,00,
-1778190086694717,00000280,false,Rx,0,8,F2,B2,BF,3E,00,00,00,00,
-1778190086693784,00000281,false,Rx,0,8,51,0B,DC,42,00,00,34,42,
-1778190086692760,00000380,false,Rx,0,8,00,00,00,00,00,00,00,00,
-1778190086691780,00000381,false,Rx,0,8,05,00,80,3F,00,00,00,00,
-1778190086675221,00000180,false,Rx,0,8,01,00,01,00,00,00,00,00,
-1778190086674235,00000280,false,Rx,0,8,7E,54,BF,3E,00,00,00,00,
-1778190086673305,00000281,false,Rx,0,8,51,0B,DC,42,00,00,34,42,
-1778190086672276,00000380,false,Rx,0,8,00,00,00,00,00,00,00,00,
-1778190086671297,00000381,false,Rx,0,8,05,00,80,3F,00,00,00,00,
-1778190086652551,00000180,false,Rx,0,8,01,00,01,00,00,00,00,00,
-1778190086651564,00000280,false,Rx,0,8,7E,54,BF,3E,00,00,00,00,
-1778190086650632,00000281,false,Rx,0,8,51,0B,DC,42,00,00,34,42,
-1778190086649607,00000380,false,Rx,0,8,00,00,00,00,00,00,00,00,
-1778190086648627,00000381,false,Rx,0,8,05,00,80,3F,00,00,00,00,
-1778190086629661,00000180,false,Rx,0,8,01,00,01,00,00,00,00,00,
-1778190086628683,00000280,false,Rx,0,8,C4,FA,BE,3E,00,00,00,00,
-1778190086627750,00000281,false,Rx,0,8,51,0B,DC,42,00,00,34,42,
-1778190086626821,00000380,false,Rx,0,8,00,00,00,00,00,00,00,00,
-1778190086625844,00000381,false,Rx,0,8,05,00,80,3F,00,00,00,00,
-1778190086607117,00000180,false,Rx,0,8,01,00,01,00,00,00,00,00,
-1778190086606139,00000280,false,Rx,0,8,C4,FA,BE,3E,00,00,00,00,
-1778190086605207,00000281,false,Rx,0,8,51,0B,DC,42,00,00,34,42,
-1778190086604181,00000380,false,Rx,0,8,00,00,00,00,00,00,00,00,
-1778190086603204,00000381,false,Rx,0,8,05,00,80,3F,00,00,00,00,
-1778190086586615,00000180,false,Rx,0,8,01,00,01,00,00,00,00,00,
-1778190086585627,00000280,false,Rx,0,8,86,A5,BE,3E,00,00,00,00,
-1778190086584699,00000281,false,Rx,0,8,51,0B,DC,42,00,00,34,42,
-1778190086583669,00000380,false,Rx,0,8,00,00,00,00,00,00,00,00,
-1778190086582690,00000381,false,Rx,0,8,05,00,80,3F,00,00,00,00,
-1778190086563960,00000180,false,Rx,0,8,01,00,01,00,00,00,00,00,
-1778190086562969,00000280,false,Rx,0,8,86,A5,BE,3E,00,00,00,00,
-1778190086562040,00000281,false,Rx,0,8,51,0B,DC,42,00,00,34,42,
-1778190086561011,00000380,false,Rx,0,8,00,00,00,00,00,00,00,00,
-1778190086560032,00000381,false,Rx,0,8,05,00,80,3F,00,00,00,00,
-1778190086541356,00000180,false,Rx,0,8,01,00,01,00,00,00,00,00,
-1778190086540369,00000280,false,Rx,0,8,86,A5,BE,3E,00,00,00,00,
-1778190086539437,00000281,false,Rx,0,8,51,0B,DC,42,00,00,34,42,
-1778190086538411,00000380,false,Rx,0,8,00,00,00,00,00,00,00,00,
-1778190086537432,00000381,false,Rx,0,8,05,00,80,3F,00,00,00,00,
-1778190086520884,00000180,false,Rx,0,8,01,00,01,00,00,00,00,00,
-1778190086519906,00000280,false,Rx,0,8,8B,54,BE,3E,00,00,00,00,
-1778190086518973,00000281,false,Rx,0,8,51,0B,DC,42,00,00,34,42,
-1778190086517947,00000380,false,Rx,0,8,00,00,00,00,00,00,00,00,
-1778190086516968,00000381,false,Rx,0,8,05,00,80,3F,00,00,00,00,
-1778190086498227,00000180,false,Rx,0,8,01,00,01,00,00,00,00,00,
-1778190086497247,00000280,false,Rx,0,8,8B,54,BE,3E,00,00,00,00,
-1778190086496319,00000281,false,Rx,0,8,51,0B,DC,42,00,00,34,42,
-1778190086495290,00000380,false,Rx,0,8,00,00,00,00,00,00,00,00,
-1778190086494311,00000381,false,Rx,0,8,05,00,80,3F,00,00,00,00,
-1778190086475330,00000180,false,Rx,0,8,01,00,01,00,00,00,00,00,
-1778190086474343,00000280,false,Rx,0,8,35,76,D0,3E,00,00,00,00,
-1778190086473410,00000281,false,Rx,0,8,51,0B,DC,42,00,00,34,42,
-1778190086472385,00000380,false,Rx,0,8,00,00,00,00,00,00,00,00,
-1778190086471406,00000381,false,Rx,0,8,05,00,80,3F,00,00,00,00,
-1778190086452656,00000180,false,Rx,0,8,01,00,01,00,00,00,00,00,
-1778190086451670,00000280,false,Rx,0,8,35,76,D0,3E,00,00,00,00,
-1778190086450737,00000281,false,Rx,0,8,51,0B,DC,42,00,00,34,42,
-1778190086449712,00000380,false,Rx,0,8,00,00,00,00,00,00,00,00,
-1778190086448733,00000381,false,Rx,0,8,05,00,80,3F,00,00,00,00,
-1778190086432182,00000180,false,Rx,0,8,01,00,01,00,00,00,00,00,
-1778190086431188,00000280,false,Rx,0,8,32,41,CF,3E,00,00,00,00,
-1778190086430258,00000281,false,Rx,0,8,51,0B,DC,42,00,00,34,42,
-1778190086429230,00000380,false,Rx,0,8,00,00,00,00,00,00,00,00,
-1778190086428251,00000381,false,Rx,0,8,05,00,80,3F,00,00,00,00,
-1778190086412010,00000180,false,Rx,0,8,01,00,01,00,00,00,00,00,
-1778190086411012,00000280,false,Rx,0,8,32,41,CF,3E,00,00,00,00,
-1778190086410082,00000281,false,Rx,0,8,51,0B,DC,42,00,00,34,42,
-1778190086409053,00000380,false,Rx,0,8,00,00,00,00,00,00,00,00,
-1778190086408075,00000381,false,Rx,0,8,05,00,80,3F,00,00,00,00,
-1778190086389335,00000180,false,Rx,0,8,01,00,01,00,00,00,00,00,
-1778190086388341,00000280,false,Rx,0,8,32,41,CF,3E,00,00,00,00,
-1778190086387508,00000281,false,Rx,0,8,51,0B,DC,42,00,00,34,42,
-1778190086386483,00000380,false,Rx,0,8,00,00,00,00,00,00,00,00,
-1778190086385503,00000381,false,Rx,0,8,05,00,80,3F,00,00,00,00,
-1778190086368860,00000180,false,Rx,0,8,01,00,01,00,00,00,00,00,
-1778190086367889,00000280,false,Rx,0,8,A2,1B,CE,3E,00,00,00,00,
-1778190086367057,00000281,false,Rx,0,8,51,0B,DC,42,00,00,34,42,
-1778190086366032,00000380,false,Rx,0,8,00,00,00,00,00,00,00,00,
-1778190086365052,00000381,false,Rx,0,8,05,00,80,3F,00,00,00,00,
-1778190086346305,00000180,false,Rx,0,8,01,00,01,00,00,00,00,00,
-1778190086345334,00000280,false,Rx,0,8,A2,1B,CE,3E,00,00,00,00,
-1778190086344402,00000281,false,Rx,0,8,51,0B,DC,42,00,00,34,42,
-1778190086343376,00000380,false,Rx,0,8,00,00,00,00,00,00,00,00,
-1778190086342397,00000381,false,Rx,0,8,05,00,80,3F,00,00,00,00,
-1778190086323609,00000180,false,Rx,0,8,01,00,01,00,00,00,00,00,
-1778190086322614,00000280,false,Rx,0,8,C0,04,CD,3E,00,00,00,00,
-1778190086321681,00000281,false,Rx,0,8,51,0B,DC,42,00,00,34,42,
-1778190086320653,00000380,false,Rx,0,8,00,00,00,00,00,00,00,00,
-1778190086319674,00000381,false,Rx,0,8,05,00,80,3F,00,00,00,00,
-1778190086300944,00000180,false,Rx,0,8,01,00,01,00,00,00,00,00,
-1778190086299949,00000280,false,Rx,0,8,C0,04,CD,3E,00,00,00,00,
-1778190086299017,00000281,false,Rx,0,8,51,0B,DC,42,00,00,34,42,
-1778190086297988,00000380,false,Rx,0,8,00,00,00,00,00,00,00,00,
-1778190086297008,00000381,false,Rx,0,8,05,00,80,3F,00,00,00,00,
-1778190086278368,00000180,false,Rx,0,8,01,00,01,00,00,00,00,00,
-1778190086277373,00000280,false,Rx,0,8,C0,04,CD,3E,00,00,00,00,
-1778190086276440,00000281,false,Rx,0,8,51,0B,DC,42,00,00,34,42,
-1778190086275415,00000380,false,Rx,0,8,00,00,00,00,00,00,00,00,
-1778190086274435,00000381,false,Rx,0,8,05,00,80,3F,00,00,00,00,
-1778190086257896,00000180,false,Rx,0,8,01,00,01,00,00,00,00,00,
-1778190086256917,00000280,false,Rx,0,8,CF,FB,CB,3E,00,00,00,00,
-1778190086255984,00000281,false,Rx,0,8,51,0B,DC,42,00,00,34,42,
-1778190086254956,00000380,false,Rx,0,8,00,00,00,00,00,00,00,00,
-1778190086253977,00000381,false,Rx,0,8,05,00,80,3F,00,00,00,00,
-1778190086235212,00000180,false,Rx,0,8,01,00,01,00,00,00,00,00,
-1778190086234233,00000280,false,Rx,0,8,CF,FB,CB,3E,00,00,00,00,
-1778190086233304,00000281,false,Rx,0,8,51,0B,DC,42,00,00,34,42,
-1778190086232275,00000380,false,Rx,0,8,00,00,00,00,00,00,00,00,
-1778190086231296,00000381,false,Rx,0,8,05,00,80,3F,00,00,00,00,
-1778190086214741,00000180,false,Rx,0,8,01,00,01,00,00,00,00,00,
-1778190086213761,00000280,false,Rx,0,8,1E,00,CB,3E,00,00,00,00,
-1778190086212828,00000281,false,Rx,0,8,51,0B,DC,42,00,00,34,42,
-1778190086211803,00000380,false,Rx,0,8,00,00,00,00,00,00,00,00,
-1778190086210825,00000381,false,Rx,0,8,05,00,80,3F,00,00,00,00,
-1778190086192083,00000180,false,Rx,0,8,01,00,01,00,00,00,00,00,
-1778190086191104,00000280,false,Rx,0,8,1E,00,CB,3E,00,00,00,00,
-1778190086190171,00000281,false,Rx,0,8,51,0B,DC,42,00,00,34,42,
-1778190086189146,00000380,false,Rx,0,8,00,00,00,00,00,00,00,00,
-1778190086188168,00000381,false,Rx,0,8,05,00,80,3F,00,00,00,00,
-1778190086171595,00000180,false,Rx,0,8,01,00,01,00,00,00,00,00,
-1778190086170624,00000280,false,Rx,0,8,02,11,CA,3E,00,00,00,00,
-1778190086169694,00000281,false,Rx,0,8,51,0B,DC,42,00,00,34,42,
-1778190086168665,00000380,false,Rx,0,8,00,00,00,00,00,00,00,00,
-1778190086167787,00000381,false,Rx,0,8,05,00,80,3F,00,00,00,00,
-1778190086146647,00000180,false,Rx,0,8,01,00,01,00,00,00,00,00,
-1778190086145676,00000280,false,Rx,0,8,02,11,CA,3E,00,00,00,00,
-1778190086144742,00000281,false,Rx,0,8,51,0B,DC,42,00,00,34,42,
-1778190086143718,00000380,false,Rx,0,8,00,00,00,00,00,00,00,00,
-1778190086142739,00000381,false,Rx,0,8,05,00,80,3F,00,00,00,00,
-1778190086124031,00000180,false,Rx,0,8,01,00,01,00,00,00,00,00,
-1778190086123060,00000280,false,Rx,0,8,02,11,CA,3E,00,00,00,00,
-1778190086122131,00000281,false,Rx,0,8,51,0B,DC,42,00,00,34,42,
-1778190086121102,00000380,false,Rx,0,8,00,00,00,00,00,00,00,00,
-1778190086120123,00000381,false,Rx,0,8,05,00,80,3F,00,00,00,00,
-1778190086103556,00000180,false,Rx,0,8,01,00,01,00,00,00,00,00,
-1778190086102597,00000280,false,Rx,0,8,DA,2D,C9,3E,00,00,00,00,
-1778190086101664,00000281,false,Rx,0,8,51,0B,DC,42,00,00,34,42,
-1778190086100635,00000380,false,Rx,0,8,00,00,00,00,00,00,00,00,
-1778190086099656,00000381,false,Rx,0,8,05,00,80,3F,00,00,00,00,
-1778190086080884,00000180,false,Rx,0,8,01,00,01,00,00,00,00,00,
-1778190086079924,00000280,false,Rx,0,8,DA,2D,C9,3E,00,00,00,00,
-1778190086078992,00000281,false,Rx,0,8,51,0B,DC,42,00,00,34,42,
-1778190086077962,00000380,false,Rx,0,8,00,00,00,00,00,00,00,00,
-1778190086076983,00000381,false,Rx,0,8,05,00,80,3F,00,00,00,00,
-1778190086060413,00000180,false,Rx,0,8,01,00,01,00,00,00,00,00,
-1778190086059434,00000280,false,Rx,0,8,0E,56,C8,3E,00,00,00,00,
-1778190086058501,00000281,false,Rx,0,8,51,0B,DC,42,00,00,34,42,
-1778190086057476,00000380,false,Rx,0,8,00,00,00,00,00,00,00,00,
-1778190086056493,00000381,false,Rx,0,8,05,00,80,3F,00,00,00,00,
-1778190086037756,00000180,false,Rx,0,8,01,00,01,00,00,00,00,00,
-1778190086036777,00000280,false,Rx,0,8,0E,56,C8,3E,00,00,00,00,
-1778190086035844,00000281,false,Rx,0,8,51,0B,DC,42,00,00,34,42,
-1778190086034819,00000380,false,Rx,0,8,00,00,00,00,00,00,00,00,
-1778190086033841,00000381,false,Rx,0,8,05,00,80,3F,00,00,00,00,
-1778190086017269,00000180,false,Rx,0,8,01,00,01,00,00,00,00,00,
-1778190086016290,00000280,false,Rx,0,8,0D,89,C7,3E,00,00,00,00,
-1778190086015358,00000281,false,Rx,0,8,51,0B,DC,42,00,00,34,42,
-1778190086014332,00000380,false,Rx,0,8,00,00,00,00,00,00,00,00,
-1778190086013353,00000381,false,Rx,0,8,05,00,80,3F,00,00,00,00,
-1778190085994685,00000180,false,Rx,0,8,01,00,01,00,00,00,00,00,
-1778190085993706,00000280,false,Rx,0,8,0D,89,C7,3E,00,00,00,00,
-1778190085992774,00000281,false,Rx,0,8,51,0B,DC,42,00,00,34,42,
-1778190085991745,00000380,false,Rx,0,8,00,00,00,00,00,00,00,00,
-1778190085990766,00000381,false,Rx,0,8,05,00,80,3F,00,00,00,00,
-1778190085972028,00000180,false,Rx,0,8,01,00,01,00,00,00,00,00,
-1778190085971049,00000280,false,Rx,0,8,0D,89,C7,3E,00,00,00,00,
-1778190085970116,00000281,false,Rx,0,8,51,0B,DC,42,00,00,34,42,
-1778190085969091,00000380,false,Rx,0,8,00,00,00,00,00,00,00,00,
-1778190085968209,00000381,false,Rx,0,8,05,00,80,3F,00,00,00,00,
-1778190085951539,00000180,false,Rx,0,8,01,00,01,00,00,00,00,00,
-1778190085950568,00000280,false,Rx,0,8,4B,C6,C6,3E,00,00,00,00,
-1778190085949635,00000281,false,Rx,0,8,51,0B,DC,42,00,00,34,42,
-1778190085948610,00000380,false,Rx,0,8,00,00,00,00,00,00,00,00,
-1778190085947731,00000381,false,Rx,0,8,05,00,80,3F,00,00,00,00,
-1778190085928873,00000180,false,Rx,0,8,01,00,01,00,00,00,00,00,
-1778190085928003,00000280,false,Rx,0,8,4B,C6,C6,3E,00,00,00,00,
-1778190085927074,00000281,false,Rx,0,8,51,0B,DC,42,00,00,34,42,
-1778190085926044,00000380,false,Rx,0,8,00,00,00,00,00,00,00,00,
-1778190085925067,00000381,false,Rx,0,8,05,00,80,3F,00,00,00,00,
-1778190085908394,00000180,false,Rx,0,8,01,00,01,00,00,00,00,00,
-1778190085907521,00000280,false,Rx,0,8,46,0D,C6,3E,00,00,00,00,
-1778190085906589,00000281,false,Rx,0,8,51,0B,DC,42,00,00,34,42,
-1778190085905563,00000380,false,Rx,0,8,00,00,00,00,00,00,00,00,
-1778190085904583,00000381,false,Rx,0,8,05,00,80,3F,00,00,00,00,
-1778190085885820,00000180,false,Rx,0,8,01,00,01,00,00,00,00,00,
-1778190085884850,00000280,false,Rx,0,8,46,0D,C6,3E,00,00,00,00,
-1778190085883921,00000281,false,Rx,0,8,51,0B,DC,42,00,00,34,42,
-1778190085882891,00000380,false,Rx,0,8,00,00,00,00,00,00,00,00,
-1778190085881912,00000381,false,Rx,0,8,05,00,80,3F,00,00,00,00,
-1778190085863271,00000180,false,Rx,0,8,01,00,01,00,00,00,00,00,
-1778190085862299,00000280,false,Rx,0,8,46,0D,C6,3E,00,00,00,00,
-1778190085861367,00000281,false,Rx,0,8,51,0B,DC,42,00,00,34,42,
-1778190085860342,00000380,false,Rx,0,8,00,00,00,00,00,00,00,00,
-1778190085859363,00000381,false,Rx,0,8,05,00,80,3F,00,00,00,00,
-1778190085840376,00000180,false,Rx,0,8,01,00,01,00,00,00,00,00,
-1778190085839385,00000280,false,Rx,0,8,82,5D,C5,3E,00,00,00,00,
-1778190085838456,00000281,false,Rx,0,8,51,0B,DC,42,00,00,34,42,
-1778190085837427,00000380,false,Rx,0,8,00,00,00,00,00,00,00,00,
-1778190085836449,00000381,false,Rx,0,8,05,00,80,3F,00,00,00,00,
-1778190085817502,00000180,false,Rx,0,8,01,00,01,00,00,00,00,00,
-1778190085816516,00000280,false,Rx,0,8,82,5D,C5,3E,00,00,00,00,
-1778190085815583,00000281,false,Rx,0,8,51,0B,DC,42,00,00,34,42,
-1778190085814554,00000380,false,Rx,0,8,00,00,00,00,00,00,00,00,
-1778190085813575,00000381,false,Rx,0,8,05,00,80,3F,00,00,00,00,
-1778190085796820,00000180,false,Rx,0,8,01,00,01,00,00,00,00,00,
-1778190085795857,00000280,false,Rx,0,8,87,B6,C4,3E,00,00,00,00,
-1778190085794928,00000281,false,Rx,0,8,51,0B,DC,42,00,00,34,42,
-1778190085793899,00000380,false,Rx,0,8,00,00,00,00,00,00,00,00,
-1778190085792920,00000381,false,Rx,0,8,05,00,80,3F,00,00,00,00,
-1778190085773967,00000180,false,Rx,0,8,01,00,01,00,00,00,00,00,
-1778190085773004,00000280,false,Rx,0,8,87,B6,C4,3E,00,00,00,00,
-1778190085772070,00000281,false,Rx,0,8,51,0B,DC,42,00,00,34,42,
-1778190085771045,00000380,false,Rx,0,8,00,00,00,00,00,00,00,00,
-1778190085770063,00000381,false,Rx,0,8,05,00,80,3F,00,00,00,00,
-1778190085753277,00000180,false,Rx,0,8,01,00,01,00,00,00,00,00,
-1778190085752298,00000280,false,Rx,0,8,E6,17,C4,3E,00,00,00,00,
-1778190085751366,00000281,false,Rx,0,8,51,0B,DC,42,00,00,34,42,
-1778190085750336,00000380,false,Rx,0,8,00,00,00,00,00,00,00,00,
-1778190085749358,00000381,false,Rx,0,8,05,00,80,3F,00,00,00,00,
-1778190085730401,00000180,false,Rx,0,8,01,00,01,00,00,00,00,00,
-1778190085729422,00000280,false,Rx,0,8,E6,17,C4,3E,00,00,00,00,
-1778190085728493,00000281,false,Rx,0,8,51,0B,DC,42,00,00,34,42,
-1778190085727363,00000380,false,Rx,0,8,00,00,00,00,00,00,00,00,
-1778190085726385,00000381,false,Rx,0,8,05,00,80,3F,00,00,00,00,
-1778190085707612,00000180,false,Rx,0,8,01,00,01,00,00,00,00,00,
-1778190085706533,00000280,false,Rx,0,8,E6,17,C4,3E,00,00,00,00,
-1778190085705601,00000281,false,Rx,0,8,51,0B,DC,42,00,00,34,42,
-1778190085704575,00000380,false,Rx,0,8,00,00,00,00,00,00,00,00,
-1778190085703595,00000381,false,Rx,0,8,05,00,80,3F,00,00,00,00,
-1778190085686854,00000180,false,Rx,0,8,01,00,01,00,00,00,00,00,
-1778190085685860,00000280,false,Rx,0,8,33,81,C3,3E,00,00,00,00,
-1778190085684928,00000281,false,Rx,0,8,51,0B,DC,42,00,00,34,42,
-1778190085683901,00000380,false,Rx,0,8,00,00,00,00,00,00,00,00,
-1778190085682921,00000381,false,Rx,0,8,05,00,80,3F,00,00,00,00,
-1778190085661573,00000180,false,Rx,0,8,01,00,01,00,00,00,00,00,
-1778190085660579,00000280,false,Rx,0,8,33,81,C3,3E,00,00,00,00,
-1778190085659650,00000281,false,Rx,0,8,51,0B,DC,42,00,00,34,42,
-1778190085658620,00000380,false,Rx,0,8,00,00,00,00,00,00,00,00,
-1778190085657642,00000381,false,Rx,0,8,05,00,80,3F,00,00,00,00,
-1778190085640894,00000180,false,Rx,0,8,01,00,01,00,00,00,00,00,
-1778190085639908,00000280,false,Rx,0,8,0A,F2,C2,3E,00,00,00,00,
-1778190085638975,00000281,false,Rx,0,8,51,0B,DC,42,00,00,34,42,
-1778190085637951,00000380,false,Rx,0,8,00,00,00,00,00,00,00,00,
-1778190085636971,00000381,false,Rx,0,8,05,00,80,3F,00,00,00,00,
-1778190085618020,00000180,false,Rx,0,8,01,00,01,00,00,00,00,00,
-1778190085617034,00000280,false,Rx,0,8,0A,F2,C2,3E,00,00,00,00,
-1778190085616105,00000281,false,Rx,0,8,51,0B,DC,42,00,00,34,42,
-1778190085615076,00000380,false,Rx,0,8,00,00,00,00,00,00,00,00,
-1778190085614097,00000381,false,Rx,0,8,05,00,80,3F,00,00,00,00,
-1778190085597351,00000180,false,Rx,0,8,01,00,01,00,00,00,00,00,
-1778190085596380,00000280,false,Rx,0,8,09,6A,C2,3E,00,00,00,00,
-1778190085595446,00000281,false,Rx,0,8,51,0B,DC,42,00,00,34,42,
-1778190085594417,00000380,false,Rx,0,8,00,00,00,00,00,00,00,00,
-1778190085593439,00000381,false,Rx,0,8,05,00,80,3F,00,00,00,00,
-1778190085574474,00000180,false,Rx,0,8,01,00,01,00,00,00,00,00,
-1778190085573502,00000280,false,Rx,0,8,09,6A,C2,3E,00,00,00,00,
-1778190085572573,00000281,false,Rx,0,8,51,0B,DC,42,00,00,34,42,
-1778190085571544,00000380,false,Rx,0,8,00,00,00,00,00,00,00,00,
-1778190085570569,00000381,false,Rx,0,8,05,00,80,3F,00,00,00,00,
-1778190085551716,00000180,false,Rx,0,8,01,00,01,00,00,00,00,00,
-1778190085550745,00000280,false,Rx,0,8,09,6A,C2,3E,00,00,00,00,
-1778190085549817,00000281,false,Rx,0,8,51,0B,DC,42,00,00,34,42,
-1778190085548787,00000380,false,Rx,0,8,00,00,00,00,00,00,00,00,
-1778190085547808,00000381,false,Rx,0,8,05,00,80,3F,00,00,00,00,
-1778190085531019,00000180,false,Rx,0,8,01,00,01,00,00,00,00,00,
-1778190085530048,00000280,false,Rx,0,8,D5,E8,C1,3E,00,00,00,00,
-1778190085529119,00000281,false,Rx,0,8,51,0B,DC,42,00,00,34,42,
-1778190085528089,00000380,false,Rx,0,8,00,00,00,00,00,00,00,00,
-1778190085527111,00000381,false,Rx,0,8,05,00,80,3F,00,00,00,00,
-1778190085505754,00000180,false,Rx,0,8,01,00,01,00,00,00,00,00,
-1778190085504685,00000280,false,Rx,0,8,D5,E8,C1,3E,00,00,00,00,
-1778190085503752,00000281,false,Rx,0,8,51,0B,DC,42,00,00,34,42,
-1778190085502725,00000380,false,Rx,0,8,00,00,00,00,00,00,00,00,
-1778190085501745,00000381,false,Rx,0,8,05,00,80,3F,00,00,00,00,
-1778190085484973,00000180,false,Rx,0,8,01,00,01,00,00,00,00,00,
-1778190085483987,00000280,false,Rx,0,8,16,6E,C1,3E,00,00,00,00,
-1778190085483055,00000281,false,Rx,0,8,51,0B,DC,42,00,00,34,42,
-1778190085482028,00000380,false,Rx,0,8,00,00,00,00,00,00,00,00,
-1778190085481049,00000381,false,Rx,0,8,05,00,80,3F,00,00,00,00,
-1778190085462118,00000180,false,Rx,0,8,01,00,01,00,00,00,00,00,
-1778190085461132,00000280,false,Rx,0,8,16,6E,C1,3E,00,00,00,00,
-1778190085460199,00000281,false,Rx,0,8,51,0B,DC,42,00,00,34,42,
-1778190085459174,00000380,false,Rx,0,8,00,00,00,00,00,00,00,00,
-1778190085458195,00000381,false,Rx,0,8,05,00,80,3F,00,00,00,00,
-1778190085441428,00000180,false,Rx,0,8,01,00,01,00,00,00,00,00,
-1778190085440450,00000280,false,Rx,0,8,7A,F9,C0,3E,00,00,00,00,
-1778190085439517,00000281,false,Rx,0,8,51,0B,DC,42,00,00,34,42,
-1778190085438491,00000380,false,Rx,0,8,00,00,00,00,00,00,00,00,
-1778190085437513,00000381,false,Rx,0,8,05,00,80,3F,00,00,00,00,
-1778190085421061,00000180,false,Rx,0,8,01,00,01,00,00,00,00,00,
-1778190085420079,00000280,false,Rx,0,8,7A,F9,C0,3E,00,00,00,00,
-1778190085419150,00000281,false,Rx,0,8,51,0B,DC,42,00,00,34,42,
-1778190085418120,00000380,false,Rx,0,8,00,00,00,00,00,00,00,00,
-1778190085417142,00000381,false,Rx,0,8,05,00,80,3F,00,00,00,00,
-1778190085398193,00000180,false,Rx,0,8,01,00,01,00,00,00,00,00,
-1778190085397214,00000280,false,Rx,0,8,7A,F9,C0,3E,00,00,00,00,
-1778190085396285,00000281,false,Rx,0,8,51,0B,DC,42,00,00,34,42,
-1778190085395256,00000380,false,Rx,0,8,00,00,00,00,00,00,00,00,
-1778190085394277,00000381,false,Rx,0,8,05,00,80,3F,00,00,00,00,
-1778190085377506,00000180,false,Rx,0,8,01,00,01,00,00,00,00,00,
-1778190085376527,00000280,false,Rx,0,8,B3,8A,C0,3E,00,00,00,00,
-1778190085375595,00000281,false,Rx,0,8,51,0B,DC,42,00,00,34,42,
-1778190085374569,00000380,false,Rx,0,8,00,00,00,00,00,00,00,00,
-1778190085373590,00000381,false,Rx,0,8,05,00,80,3F,00,00,00,00,
-1778190085352442,00000180,false,Rx,0,8,01,00,01,00,00,00,00,00,
-1778190085351463,00000280,false,Rx,0,8,B3,8A,C0,3E,00,00,00,00,
-1778190085350530,00000281,false,Rx,0,8,51,0B,DC,42,00,00,34,42,
-1778190085349506,00000380,false,Rx,0,8,00,00,00,00,00,00,00,00,
-1778190085348526,00000381,false,Rx,0,8,05,00,80,3F,00,00,00,00,
-1778190085331752,00000180,false,Rx,0,8,01,00,01,00,00,00,00,00,
-1778190085330773,00000280,false,Rx,0,8,76,21,C0,3E,00,00,00,00,
-1778190085329841,00000281,false,Rx,0,8,51,0B,DC,42,00,00,34,42,
-1778190085328816,00000380,false,Rx,0,8,00,00,00,00,00,00,00,00,
-1778190085327836,00000381,false,Rx,0,8,05,00,80,3F,00,00,00,00,
-1778190085308886,00000180,false,Rx,0,8,01,00,01,00,00,00,00,00,
-1778190085307911,00000280,false,Rx,0,8,76,21,C0,3E,00,00,00,00,
-1778190085306979,00000281,false,Rx,0,8,51,0B,DC,42,00,00,34,42,
-1778190085305949,00000380,false,Rx,0,8,00,00,00,00,00,00,00,00,
-1778190085304971,00000381,false,Rx,0,8,05,00,80,3F,00,00,00,00,
-1778190085286121,00000180,false,Rx,0,8,01,00,01,00,00,00,00,00,
-1778190085285143,00000280,false,Rx,0,8,76,21,C0,3E,00,00,00,00,
-1778190085284210,00000281,false,Rx,0,8,51,0B,DC,42,00,00,34,42,
-1778190085283083,00000380,false,Rx,0,8,00,00,00,00,00,00,00,00,
-1778190085282102,00000381,false,Rx,0,8,05,00,80,3F,00,00,00,00,
-1778190085265422,00000180,false,Rx,0,8,01,00,01,00,00,00,00,00,
-1778190085264443,00000280,false,Rx,0,8,7C,BD,BF,3E,00,00,00,00,
-1778190085263412,00000281,false,Rx,0,8,51,0B,DC,42,00,00,34,42,
-1778190085262383,00000380,false,Rx,0,8,00,00,00,00,00,00,00,00,
-1778190085261404,00000381,false,Rx,0,8,05,00,80,3F,00,00,00,00,
-1778190085242441,00000180,false,Rx,0,8,01,00,01,00,00,00,00,00,
-1778190085241462,00000280,false,Rx,0,8,7C,BD,BF,3E,00,00,00,00,
-1778190085240530,00000281,false,Rx,0,8,51,0B,DC,42,00,00,34,42,
-1778190085239505,00000380,false,Rx,0,8,00,00,00,00,00,00,00,00,
-1778190085238525,00000381,false,Rx,0,8,05,00,80,3F,00,00,00,00,
-1778190085221785,00000180,false,Rx,0,8,01,00,01,00,00,00,00,00,
-1778190085220795,00000280,false,Rx,0,8,82,5E,BF,3E,00,00,00,00,
-1778190085219866,00000281,false,Rx,0,8,51,0B,DC,42,00,00,34,42,
-1778190085218840,00000380,false,Rx,0,8,00,00,00,00,00,00,00,00,
-1778190085217861,00000381,false,Rx,0,8,05,00,80,3F,00,00,00,00,
-1778190085198920,00000180,false,Rx,0,8,01,00,01,00,00,00,00,00,
-1778190085197933,00000280,false,Rx,0,8,82,5E,BF,3E,00,00,00,00,
-1778190085197000,00000281,false,Rx,0,8,51,0B,DC,42,00,00,34,42,
-1778190085195975,00000380,false,Rx,0,8,00,00,00,00,00,00,00,00,
-1778190085194996,00000381,false,Rx,0,8,05,00,80,3F,00,00,00,00,
-1778190085176031,00000180,false,Rx,0,8,01,00,01,00,00,00,00,00,
-1778190085175033,00000280,false,Rx,0,8,47,04,BF,3E,00,00,00,00,
-1778190085174104,00000281,false,Rx,0,8,51,0B,DC,42,00,00,34,42,
-1778190085173075,00000380,false,Rx,0,8,00,00,00,00,00,00,00,00,
-1778190085172096,00000381,false,Rx,0,8,05,00,80,3F,00,00,00,00,
-1778190085153165,00000180,false,Rx,0,8,01,00,01,00,00,00,00,00,
-1778190085152170,00000280,false,Rx,0,8,47,04,BF,3E,00,00,00,00,
-1778190085151238,00000281,false,Rx,0,8,51,0B,DC,42,00,00,34,42,
-1778190085150213,00000380,false,Rx,0,8,00,00,00,00,00,00,00,00,
-1778190085149234,00000381,false,Rx,0,8,05,00,80,3F,00,00,00,00,
-1778190085130373,00000180,false,Rx,0,8,01,00,01,00,00,00,00,00,
-1778190085129379,00000280,false,Rx,0,8,47,04,BF,3E,00,00,00,00,
-1778190085128446,00000281,false,Rx,0,8,51,0B,DC,42,00,00,34,42,
-1778190085127421,00000380,false,Rx,0,8,00,00,00,00,00,00,00,00,
-1778190085126441,00000381,false,Rx,0,8,05,00,80,3F,00,00,00,00,
-1778190085109689,00000180,false,Rx,0,8,01,00,01,00,00,00,00,00,
-1778190085108703,00000280,false,Rx,0,8,8F,AE,BE,3E,00,00,00,00,
-1778190085107774,00000281,false,Rx,0,8,51,0B,DC,42,00,00,34,42,
-1778190085106744,00000380,false,Rx,0,8,00,00,00,00,00,00,00,00,
-1778190085105766,00000381,false,Rx,0,8,05,00,80,3F,00,00,00,00,
-1778190085086832,00000180,false,Rx,0,8,01,00,01,00,00,00,00,00,
-1778190085085845,00000280,false,Rx,0,8,8F,AE,BE,3E,00,00,00,00,
-1778190085084916,00000281,false,Rx,0,8,51,0B,DC,42,00,00,34,42,
-1778190085083887,00000380,false,Rx,0,8,00,00,00,00,00,00,00,00,
-1778190085082908,00000381,false,Rx,0,8,05,00,80,3F,00,00,00,00,
-1778190085066144,00000180,false,Rx,0,8,01,00,01,00,00,00,00,00,
-1778190085065142,00000280,false,Rx,0,8,21,5D,BE,3E,00,00,00,00,
-1778190085064210,00000281,false,Rx,0,8,51,0B,DC,42,00,00,34,42,
-1778190085063184,00000380,false,Rx,0,8,00,00,00,00,00,00,00,00,
-1778190085062205,00000381,false,Rx,0,8,05,00,80,3F,00,00,00,00,
-1778190085043273,00000180,false,Rx,0,8,01,00,01,00,00,00,00,00,
-1778190085042266,00000280,false,Rx,0,8,21,5D,BE,3E,00,00,00,00,
-1778190085041238,00000281,false,Rx,0,8,51,0B,DC,42,00,00,34,42,
-1778190085040209,00000380,false,Rx,0,8,00,00,00,00,00,00,00,00,
-1778190085039229,00000381,false,Rx,0,8,05,00,80,3F,00,00,00,00,
-1778190085020089,00000180,false,Rx,0,8,01,00,01,00,00,00,00,00,
-1778190085019095,00000280,false,Rx,0,8,C5,0F,BE,3E,00,00,00,00,
-1778190085018161,00000281,false,Rx,0,8,51,0B,DC,42,00,00,34,42,
-1778190085017136,00000380,false,Rx,0,8,00,00,00,00,00,00,00,00,
-1778190085016157,00000381,false,Rx,0,8,05,00,80,3F,00,00,00,00,
-1778190084997242,00000180,false,Rx,0,8,01,00,01,00,00,00,00,00,
-1778190084996247,00000280,false,Rx,0,8,C5,0F,BE,3E,00,00,00,00,
-1778190084995315,00000281,false,Rx,0,8,51,0B,DC,42,00,00,34,42,
-1778190084994290,00000380,false,Rx,0,8,00,00,00,00,00,00,00,00,
-1778190084993306,00000381,false,Rx,0,8,05,00,80,3F,00,00,00,00,
-1778190084974442,00000180,false,Rx,0,8,01,00,01,00,00,00,00,00,
-1778190084973444,00000280,false,Rx,0,8,C5,0F,BE,3E,00,00,00,00,
-1778190084972514,00000281,false,Rx,0,8,51,0B,DC,42,00,00,34,42,
-1778190084971486,00000380,false,Rx,0,8,00,00,00,00,00,00,00,00,
-1778190084970507,00000381,false,Rx,0,8,05,00,80,3F,00,00,00,00,
-1778190084953774,00000180,false,Rx,0,8,01,00,01,00,00,00,00,00,
-1778190084952802,00000280,false,Rx,0,8,47,C6,BD,3E,00,00,00,00,
-1778190084951870,00000281,false,Rx,0,8,51,0B,DC,42,00,00,34,42,
-1778190084950845,00000380,false,Rx,0,8,00,00,00,00,00,00,00,00,
-1778190084949865,00000381,false,Rx,0,8,05,00,80,3F,00,00,00,00,
-1778190084930886,00000180,false,Rx,0,8,01,00,01,00,00,00,00,00,
-1778190084929913,00000280,false,Rx,0,8,47,C6,BD,3E,00,00,00,00,
-1778190084928981,00000281,false,Rx,0,8,51,0B,DC,42,00,00,34,42,
-1778190084927956,00000380,false,Rx,0,8,00,00,00,00,00,00,00,00,
-1778190084926978,00000381,false,Rx,0,8,05,00,80,3F,00,00,00,00,
-1778190084910217,00000180,false,Rx,0,8,01,00,01,00,00,00,00,00,
-1778190084909250,00000280,false,Rx,0,8,76,80,BD,3E,00,00,00,00,
-1778190084908317,00000281,false,Rx,0,8,51,0B,DC,42,00,00,34,42,
-1778190084907288,00000380,false,Rx,0,8,00,00,00,00,00,00,00,00,
-1778190084906309,00000381,false,Rx,0,8,05,00,80,3F,00,00,00,00,
-1778190084887355,00000180,false,Rx,0,8,01,00,01,00,00,00,00,00,
-1778190084886384,00000280,false,Rx,0,8,76,80,BD,3E,00,00,00,00,
-1778190084885451,00000281,false,Rx,0,8,51,0B,DC,42,00,00,34,42,
-1778190084884423,00000380,false,Rx,0,8,00,00,00,00,00,00,00,00,
-1778190084883443,00000381,false,Rx,0,8,05,00,80,3F,00,00,00,00,
-1778190084864257,00000180,false,Rx,0,8,01,00,01,00,00,00,00,00,
-1778190084863259,00000280,false,Rx,0,8,22,3E,BD,3E,00,00,00,00,
-1778190084862330,00000281,false,Rx,0,8,51,0B,DC,42,00,00,34,42,
-1778190084861301,00000380,false,Rx,0,8,00,00,00,00,00,00,00,00,
-1778190084860323,00000381,false,Rx,0,8,05,00,80,3F,00,00,00,00,
-1778190084843888,00000180,false,Rx,0,8,01,00,01,00,00,00,00,00,
-1778190084842891,00000280,false,Rx,0,8,22,3E,BD,3E,00,00,00,00,
-1778190084841962,00000281,false,Rx,0,8,51,0B,DC,42,00,00,34,42,
-1778190084840932,00000380,false,Rx,0,8,00,00,00,00,00,00,00,00,
-1778190084839855,00000381,false,Rx,0,8,05,00,80,3F,00,00,00,00,
-1778190084821023,00000180,false,Rx,0,8,01,00,01,00,00,00,00,00,
-1778190084820029,00000280,false,Rx,0,8,22,3E,BD,3E,00,00,00,00,
-1778190084818996,00000281,false,Rx,0,8,51,0B,DC,42,00,00,34,42,
-1778190084817970,00000380,false,Rx,0,8,00,00,00,00,00,00,00,00,
-1778190084816991,00000381,false,Rx,0,8,05,00,80,3F,00,00,00,00,
-1778190084800340,00000180,false,Rx,0,8,01,00,01,00,00,00,00,00,
-1778190084799455,00000280,false,Rx,0,8,1F,FF,BC,3E,00,00,00,00,
-1778190084798522,00000281,false,Rx,0,8,51,0B,DC,42,00,00,34,42,
-1778190084797497,00000380,false,Rx,0,8,00,00,00,00,00,00,00,00,
-1778190084796517,00000381,false,Rx,0,8,05,00,80,3F,00,00,00,00,
-1778190084777769,00000180,false,Rx,0,8,01,00,01,00,00,00,00,00,
-1778190084776779,00000280,false,Rx,0,8,1F,FF,BC,3E,00,00,00,00,
-1778190084775849,00000281,false,Rx,0,8,51,0B,DC,42,00,00,34,42,
-1778190084774820,00000380,false,Rx,0,8,00,00,00,00,00,00,00,00,
-1778190084773842,00000381,false,Rx,0,8,05,00,80,3F,00,00,00,00,
-1778190084757293,00000180,false,Rx,0,8,01,00,01,00,00,00,00,00,
-1778190084756329,00000280,false,Rx,0,8,DB,31,CF,3E,00,00,00,00,
-1778190084755397,00000281,false,Rx,0,8,51,0B,DC,42,00,00,34,42,
-1778190084754372,00000380,false,Rx,0,8,00,00,00,00,00,00,00,00,
-1778190084753392,00000381,false,Rx,0,8,05,00,80,3F,00,00,00,00,
-1778190084734619,00000180,false,Rx,0,8,01,00,01,00,00,00,00,00,
-1778190084733656,00000280,false,Rx,0,8,DB,31,CF,3E,00,00,00,00,
-1778190084732727,00000281,false,Rx,0,8,51,0B,DC,42,00,00,34,42,
-1778190084731699,00000380,false,Rx,0,8,00,00,00,00,00,00,00,00,
-1778190084730719,00000381,false,Rx,0,8,05,00,80,3F,00,00,00,00,
-1778190084712057,00000180,false,Rx,0,8,01,00,01,00,00,00,00,00,
-1778190084711094,00000280,false,Rx,0,8,DB,31,CF,3E,00,00,00,00,
-1778190084710165,00000281,false,Rx,0,8,51,0B,DC,42,00,00,34,42,
-1778190084709136,00000380,false,Rx,0,8,00,00,00,00,00,00,00,00,
-1778190084708157,00000381,false,Rx,0,8,05,00,80,3F,00,00,00,00,
-1778190084689160,00000180,false,Rx,0,8,01,00,01,00,00,00,00,00,
-1778190084688166,00000280,false,Rx,0,8,10,0D,CE,3E,00,00,00,00,
-1778190084687233,00000281,false,Rx,0,8,51,0B,DC,42,00,00,34,42,
-1778190084686208,00000380,false,Rx,0,8,00,00,00,00,00,00,00,00,
-1778190084685229,00000381,false,Rx,0,8,05,00,80,3F,00,00,00,00,
-1778190084666498,00000180,false,Rx,0,8,01,00,01,00,00,00,00,00,
-1778190084665500,00000280,false,Rx,0,8,10,0D,CE,3E,00,00,00,00,
-1778190084664571,00000281,false,Rx,0,8,51,0B,DC,42,00,00,34,42,
-1778190084663542,00000380,false,Rx,0,8,00,00,00,00,00,00,00,00,
-1778190084662562,00000381,false,Rx,0,8,05,00,80,3F,00,00,00,00,
-1778190084646015,00000180,false,Rx,0,8,01,00,01,00,00,00,00,00,
-1778190084645044,00000280,false,Rx,0,8,E8,F6,CC,3E,00,00,00,00,
-1778190084644112,00000281,false,Rx,0,8,51,0B,DC,42,00,00,34,42,
-1778190084643086,00000380,false,Rx,0,8,00,00,00,00,00,00,00,00,
-1778190084642103,00000381,false,Rx,0,8,05,00,80,3F,00,00,00,00,
-1778190084623330,00000180,false,Rx,0,8,01,00,01,00,00,00,00,00,
-1778190084622363,00000280,false,Rx,0,8,E8,F6,CC,3E,00,00,00,00,
-1778190084621430,00000281,false,Rx,0,8,51,0B,DC,42,00,00,34,42,
-1778190084620400,00000380,false,Rx,0,8,00,00,00,00,00,00,00,00,
-1778190084619522,00000381,false,Rx,0,8,05,00,80,3F,00,00,00,00,
-1778190084602865,00000180,false,Rx,0,8,01,00,01,00,00,00,00,00,
-1778190084601894,00000280,false,Rx,0,8,A9,EE,CB,3E,00,00,00,00,
-1778190084600966,00000281,false,Rx,0,8,51,0B,DC,42,00,00,34,42,
-1778190084600038,00000380,false,Rx,0,8,00,00,00,00,00,00,00,00,
-1778190084599059,00000381,false,Rx,0,8,05,00,80,3F,00,00,00,00,
-1778190084580211,00000180,false,Rx,0,8,01,00,01,00,00,00,00,00,
-1778190084579340,00000280,false,Rx,0,8,A9,EE,CB,3E,00,00,00,00,
-1778190084578408,00000281,false,Rx,0,8,51,0B,DC,42,00,00,34,42,
-1778190084577382,00000380,false,Rx,0,8,00,00,00,00,00,00,00,00,
-1778190084576401,00000381,false,Rx,0,8,05,00,80,3F,00,00,00,00,
-1778190084557719,00000180,false,Rx,0,8,01,00,01,00,00,00,00,00,
-1778190084556748,00000280,false,Rx,0,8,A9,EE,CB,3E,00,00,00,00,
-1778190084555815,00000281,false,Rx,0,8,51,0B,DC,42,00,00,34,42,
-1778190084554786,00000380,false,Rx,0,8,00,00,00,00,00,00,00,00,
-1778190084553807,00000381,false,Rx,0,8,05,00,80,3F,00,00,00,00,
-1778190084534826,00000180,false,Rx,0,8,01,00,01,00,00,00,00,00,
-1778190084533847,00000280,false,Rx,0,8,A0,F3,CA,3E,00,00,00,00,
-1778190084532918,00000281,false,Rx,0,8,51,0B,DC,42,00,00,34,42,
-1778190084531889,00000380,false,Rx,0,8,00,00,00,00,00,00,00,00,
-1778190084530910,00000381,false,Rx,0,8,05,00,80,3F,00,00,00,00,
-1778190084512179,00000180,false,Rx,0,8,01,00,01,00,00,00,00,00,
-1778190084511200,00000280,false,Rx,0,8,A0,F3,CA,3E,00,00,00,00,
-1778190084510268,00000281,false,Rx,0,8,51,0B,DC,42,00,00,34,42,
-1778190084509242,00000380,false,Rx,0,8,00,00,00,00,00,00,00,00,
-1778190084508263,00000381,false,Rx,0,8,05,00,80,3F,00,00,00,00,
-1778190084491681,00000180,false,Rx,0,8,01,00,01,00,00,00,00,00,
-1778190084490686,00000280,false,Rx,0,8,24,05,CA,3E,00,00,00,00,
-1778190084489754,00000281,false,Rx,0,8,51,0B,DC,42,00,00,34,42,
-1778190084488725,00000380,false,Rx,0,8,00,00,00,00,00,00,00,00,
-1778190084487745,00000381,false,Rx,0,8,05,00,80,3F,00,00,00,00,
-1778190084469023,00000180,false,Rx,0,8,01,00,01,00,00,00,00,00,
-1778190084468029,00000280,false,Rx,0,8,24,05,CA,3E,00,00,00,00,
-1778190084467096,00000281,false,Rx,0,8,51,0B,DC,42,00,00,34,42,
-1778190084466070,00000380,false,Rx,0,8,00,00,00,00,00,00,00,00,
-1778190084465088,00000381,false,Rx,0,8,05,00,80,3F,00,00,00,00,
-1778190084448533,00000180,false,Rx,0,8,01,00,01,00,00,00,00,00,
-1778190084447569,00000280,false,Rx,0,8,95,22,C9,3E,00,00,00,00,
-1778190084446641,00000281,false,Rx,0,8,51,0B,DC,42,00,00,34,42,
-1778190084445611,00000380,false,Rx,0,8,00,00,00,00,00,00,00,00,
-1778190084444632,00000381,false,Rx,0,8,05,00,80,3F,00,00,00,00,
-1778190084428359,00000180,false,Rx,0,8,01,00,01,00,00,00,00,00,
-1778190084427396,00000280,false,Rx,0,8,95,22,C9,3E,00,00,00,00,
-1778190084426462,00000281,false,Rx,0,8,51,0B,DC,42,00,00,34,42,
-1778190084425437,00000380,false,Rx,0,8,00,00,00,00,00,00,00,00,
-1778190084424459,00000381,false,Rx,0,8,05,00,80,3F,00,00,00,00,
-1778190084405715,00000180,false,Rx,0,8,01,00,01,00,00,00,00,00,
-1778190084404756,00000280,false,Rx,0,8,95,22,C9,3E,00,00,00,00,
-1778190084403823,00000281,false,Rx,0,8,51,0B,DC,42,00,00,34,42,
-1778190084402794,00000380,false,Rx,0,8,00,00,00,00,00,00,00,00,
-1778190084401815,00000381,false,Rx,0,8,05,00,80,3F,00,00,00,00,
-1778190084382803,00000180,false,Rx,0,8,01,00,01,00,00,00,00,00,
-1778190084381832,00000280,false,Rx,0,8,5A,4B,C8,3E,00,00,00,00,
-1778190084380900,00000281,false,Rx,0,8,51,0B,DC,42,00,00,34,42,
-1778190084379973,00000380,false,Rx,0,8,00,00,00,00,00,00,00,00,
-1778190084378996,00000381,false,Rx,0,8,05,00,80,3F,00,00,00,00,
-1778190084360246,00000180,false,Rx,0,8,01,00,01,00,00,00,00,00,
-1778190084359274,00000280,false,Rx,0,8,5A,4B,C8,3E,00,00,00,00,
-1778190084358344,00000281,false,Rx,0,8,51,0B,DC,42,00,00,34,42,
-1778190084357316,00000380,false,Rx,0,8,00,00,00,00,00,00,00,00,
-1778190084356338,00000381,false,Rx,0,8,05,00,80,3F,00,00,00,00,
-1778190084339760,00000180,false,Rx,0,8,01,00,01,00,00,00,00,00,
-1778190084338788,00000280,false,Rx,0,8,E2,7E,C7,3E,00,00,00,00,
-1778190084337855,00000281,false,Rx,0,8,51,0B,DC,42,00,00,34,42,
-1778190084336830,00000380,false,Rx,0,8,00,00,00,00,00,00,00,00,
-1778190084335847,00000381,false,Rx,0,8,05,00,80,3F,00,00,00,00,
-1778190084317070,00000180,false,Rx,0,8,01,00,01,00,00,00,00,00,
-1778190084316099,00000280,false,Rx,0,8,E2,7E,C7,3E,00,00,00,00,
-1778190084315166,00000281,false,Rx,0,8,51,0B,DC,42,00,00,34,42,
-1778190084314137,00000380,false,Rx,0,8,00,00,00,00,00,00,00,00,
-1778190084313158,00000381,false,Rx,0,8,05,00,80,3F,00,00,00,00,
-1778190084296395,00000180,false,Rx,0,8,01,00,01,00,00,00,00,00,
-1778190084295424,00000280,false,Rx,0,8,A2,BC,C6,3E,00,00,00,00,
-1778190084294491,00000281,false,Rx,0,8,51,0B,DC,42,00,00,34,42,
-1778190084293466,00000380,false,Rx,0,8,00,00,00,00,00,00,00,00,
-1778190084292483,00000381,false,Rx,0,8,05,00,80,3F,00,00,00,00,
-1778190084276249,00000180,false,Rx,0,8,01,00,01,00,00,00,00,00,
-1778190084275277,00000280,false,Rx,0,8,A2,BC,C6,3E,00,00,00,00,
-1778190084274348,00000281,false,Rx,0,8,51,0B,DC,42,00,00,34,42,
-1778190084273320,00000380,false,Rx,0,8,00,00,00,00,00,00,00,00,
-1778190084272340,00000381,false,Rx,0,8,05,00,80,3F,00,00,00,00,
-1778190084253586,00000180,false,Rx,0,8,01,00,01,00,00,00,00,00,
-1778190084252615,00000280,false,Rx,0,8,A2,BC,C6,3E,00,00,00,00,
-1778190084251683,00000281,false,Rx,0,8,51,0B,DC,42,00,00,34,42,
-1778190084250657,00000380,false,Rx,0,8,00,00,00,00,00,00,00,00,
-1778190084249678,00000381,false,Rx,0,8,05,00,80,3F,00,00,00,00,
-1778190084233096,00000180,false,Rx,0,8,01,00,01,00,00,00,00,00,
-1778190084232118,00000280,false,Rx,0,8,19,04,C6,3E,00,00,00,00,
-1778190084231185,00000281,false,Rx,0,8,51,0B,DC,42,00,00,34,42,
-1778190084230159,00000380,false,Rx,0,8,00,00,00,00,00,00,00,00,
-1778190084229181,00000381,false,Rx,0,8,05,00,80,3F,00,00,00,00,
-1778190084208263,00000180,false,Rx,0,8,0D,00,01,00,00,00,00,00,
-1778190084207283,00000280,false,Rx,0,8,19,04,C6,3E,00,00,00,00,
-1778190084206355,00000281,false,Rx,0,8,51,0B,DC,42,00,00,34,42,
-1778190084205326,00000380,false,Rx,0,8,00,00,00,00,00,00,00,00,
-1778190084204347,00000381,false,Rx,0,8,05,00,80,3F,00,00,00,00,
-1778190084187762,00000180,false,Rx,0,8,0D,00,01,00,00,00,00,00,
-1778190084186791,00000280,false,Rx,0,8,CA,54,C5,3E,00,00,00,00,
-1778190084185857,00000281,false,Rx,0,8,51,0B,DC,42,00,00,34,42,
-1778190084184832,00000380,false,Rx,0,8,00,00,00,00,00,00,00,00,
-1778190084183854,00000381,false,Rx,0,8,05,00,80,3F,00,00,00,00,
-1778190084165112,00000180,false,Rx,0,8,0D,00,01,00,00,00,00,00,
-1778190084164140,00000280,false,Rx,0,8,CA,54,C5,3E,00,00,00,00,
-1778190084163211,00000281,false,Rx,0,8,51,0B,DC,42,00,00,34,42,
-1778190084162182,00000380,false,Rx,0,8,00,00,00,00,00,00,00,00,
-1778190084161204,00000381,false,Rx,0,8,05,00,80,3F,00,00,00,00,
-1778190084142528,00000180,false,Rx,0,8,0D,00,01,00,00,00,00,00,
-1778190084141556,00000280,false,Rx,0,8,CA,54,C5,3E,00,00,00,00,
-1778190084140723,00000281,false,Rx,0,8,51,0B,DC,42,00,00,34,42,
-1778190084139698,00000380,false,Rx,0,8,00,00,00,00,00,00,00,00,
-1778190084138719,00000381,false,Rx,0,8,05,00,80,3F,00,00,00,00,
-1778190084122038,00000180,false,Rx,0,8,0D,00,01,00,00,00,00,00,
-1778190084121044,00000280,false,Rx,0,8,3F,AE,C4,3E,00,00,00,00,
-1778190084120212,00000281,false,Rx,0,8,51,0B,DC,42,00,00,34,42,
-1778190084119183,00000380,false,Rx,0,8,00,00,00,00,00,00,00,00,
-1778190084118204,00000381,false,Rx,0,8,05,00,80,3F,00,00,00,00,
-1778190084099480,00000180,false,Rx,0,8,0D,00,01,00,00,00,00,00,
-1778190084098485,00000280,false,Rx,0,8,3F,AE,C4,3E,00,00,00,00,
-1778190084097557,00000281,false,Rx,0,8,51,0B,DC,42,00,00,34,42,
-1778190084096528,00000380,false,Rx,0,8,00,00,00,00,00,00,00,00,
-1778190084095549,00000381,false,Rx,0,8,05,00,80,3F,00,00,00,00,
-1778190084078987,00000180,false,Rx,0,8,0D,00,01,00,00,00,00,00,
-1778190084078008,00000280,false,Rx,0,8,F8,2C,8D,3F,00,00,00,00,
-1778190084077075,00000281,false,Rx,0,8,51,0B,DC,42,00,00,34,42,
-1778190084076046,00000380,false,Rx,0,8,00,00,00,00,00,00,00,00,
-1778190084075067,00000381,false,Rx,0,8,05,00,80,3F,00,00,00,00,
-1778190084053903,00000180,false,Rx,0,8,0D,00,01,00,00,00,00,00,
-1778190084052924,00000280,false,Rx,0,8,F8,2C,8D,3F,00,00,00,00,
-1778190084051995,00000281,false,Rx,0,8,51,0B,DC,42,00,00,34,42,
-1778190084050966,00000380,false,Rx,0,8,00,00,00,00,00,00,00,00,
-1778190084049987,00000381,false,Rx,0,8,05,00,80,3F,00,00,00,00,
-1778190084033425,00000180,false,Rx,0,8,0D,00,01,00,00,00,00,00,
-1778190084032484,00000280,false,Rx,0,8,B5,94,E4,3F,F8,FE,C9,3D,
-1778190084031552,00000281,false,Rx,0,8,51,0B,DC,42,00,00,34,42,
-1778190084030526,00000380,false,Rx,0,8,00,00,00,00,00,00,00,00,
-1778190084029547,00000381,false,Rx,0,8,05,00,80,3F,00,00,00,00,
-1778190084010705,00000180,false,Rx,0,8,0D,00,01,00,00,00,00,00,
-1778190084009765,00000280,false,Rx,0,8,B5,94,E4,3F,F8,FE,C9,3D,
-1778190084008836,00000281,false,Rx,0,8,51,0B,DC,42,00,00,34,42,
-1778190084007806,00000380,false,Rx,0,8,00,00,00,00,00,00,00,00,
-1778190084006828,00000381,false,Rx,0,8,05,00,80,3F,00,00,00,00,
-1778190083987920,00000180,false,Rx,0,8,0D,00,01,00,00,00,00,00,
-1778190083986980,00000280,false,Rx,0,8,B5,94,E4,3F,F8,FE,C9,3D,
-1778190083986047,00000281,false,Rx,0,8,51,0B,DC,42,00,00,34,42,
-1778190083985022,00000380,false,Rx,0,8,00,00,00,00,00,00,00,00,
-1778190083984044,00000381,false,Rx,0,8,05,00,80,3F,00,00,00,00,
-1778190083967310,00000180,false,Rx,0,8,0D,00,01,00,00,00,00,00,
-1778190083966362,00000280,false,Rx,0,8,01,81,19,40,4A,0A,C6,3D,
-1778190083965430,00000281,false,Rx,0,8,51,0B,DC,42,00,00,34,42,
-1778190083964405,00000380,false,Rx,0,8,00,00,00,00,00,00,00,00,
-1778190083963425,00000381,false,Rx,0,8,05,00,80,3F,00,00,00,00,
-1778190083944565,00000180,false,Rx,0,8,0D,00,01,00,00,00,00,00,
-1778190083943617,00000280,false,Rx,0,8,01,81,19,40,4A,0A,C6,3D,
-1778190083942688,00000281,false,Rx,0,8,51,0B,DC,42,00,00,34,42,
-1778190083941658,00000380,false,Rx,0,8,00,00,00,00,00,00,00,00,
-1778190083940779,00000381,false,Rx,0,8,05,00,80,3F,00,00,00,00,
-1778190083923954,00000180,false,Rx,0,8,0D,00,01,00,00,00,00,00,
-1778190083923041,00000280,false,Rx,0,8,E6,73,3C,40,F5,88,C4,3D,
-1778190083922108,00000281,false,Rx,0,8,51,0B,DC,42,00,00,34,42,
-1778190083921181,00000380,false,Rx,0,8,00,00,00,00,00,00,00,00,
-1778190083920201,00000381,false,Rx,0,8,05,00,80,3F,00,00,00,00,
-1778190083898933,00000180,false,Rx,0,8,0D,00,01,00,00,00,00,00,
-1778190083898019,00000280,false,Rx,0,8,E6,73,3C,40,F5,88,C4,3D,
-1778190083897087,00000281,false,Rx,0,8,51,0B,DC,42,00,00,34,42,
-1778190083896061,00000380,false,Rx,0,8,00,00,00,00,00,00,00,00,
-1778190083895082,00000381,false,Rx,0,8,05,00,80,3F,00,00,00,00,
-1778190083878494,00000180,false,Rx,0,8,0D,00,01,00,00,00,00,00,
-1778190083877564,00000280,false,Rx,0,8,A0,59,5B,40,2D,DA,C0,3D,
-1778190083876632,00000281,false,Rx,0,8,51,0B,DC,42,00,00,34,42,
-1778190083875607,00000380,false,Rx,0,8,00,00,00,00,00,00,00,00,
-1778190083874628,00000381,false,Rx,0,8,05,00,80,3F,00,00,00,00,
-1778190083858326,00000180,false,Rx,0,8,0D,00,01,00,00,00,00,00,
-1778190083857398,00000280,false,Rx,0,8,A0,59,5B,40,2D,DA,C0,3D,
-1778190083856465,00000281,false,Rx,0,8,51,0B,DC,42,00,00,34,42,
-1778190083855439,00000380,false,Rx,0,8,00,00,00,00,00,00,00,00,
-1778190083854461,00000381,false,Rx,0,8,05,00,80,3F,00,00,00,00,
-1778190083835615,00000180,false,Rx,0,8,0D,00,01,00,00,00,00,00,
-1778190083834683,00000280,false,Rx,0,8,A0,59,5B,40,2D,DA,C0,3D,
-1778190083833754,00000281,false,Rx,0,8,51,0B,DC,42,00,00,34,42,
-1778190083832725,00000380,false,Rx,0,8,00,00,00,00,00,00,00,00,
-1778190083831746,00000381,false,Rx,0,8,05,00,80,3F,00,00,00,00,
-1778190083815183,00000180,false,Rx,0,8,0D,00,01,00,00,00,00,00,
-1778190083814251,00000280,false,Rx,0,8,DE,B3,78,40,3F,9B,BF,3D,
-1778190083813322,00000281,false,Rx,0,8,51,0B,DC,42,00,00,34,42,
-1778190083812292,00000380,false,Rx,0,8,00,00,00,00,00,00,00,00,
-1778190083811313,00000381,false,Rx,0,8,05,00,80,3F,00,00,00,00,
-1778190083792453,00000180,false,Rx,0,8,0D,00,01,00,00,00,00,00,
-1778190083791524,00000280,false,Rx,0,8,DE,B3,78,40,3F,9B,BF,3D,
-1778190083790592,00000281,false,Rx,0,8,51,0B,DC,42,00,00,34,42,
-1778190083789566,00000380,false,Rx,0,8,00,00,00,00,00,00,00,00,
-1778190083788587,00000381,false,Rx,0,8,05,00,80,3F,00,00,00,00,
-1778190083771644,00000180,false,Rx,0,8,0D,00,01,00,00,00,00,00,
-1778190083770730,00000280,false,Rx,0,8,4A,24,89,40,31,0B,BB,3D,
-1778190083769802,00000281,false,Rx,0,8,51,0B,DC,42,00,00,34,42,
-1778190083768772,00000380,false,Rx,0,8,00,00,00,00,00,00,00,00,
-1778190083767793,00000381,false,Rx,0,8,05,00,80,3F,00,00,00,00,
-1778190083748686,00000180,false,Rx,0,8,0D,00,01,00,00,00,00,00,
-1778190083747769,00000280,false,Rx,0,8,4A,24,89,40,31,0B,BB,3D,
-1778190083746840,00000281,false,Rx,0,8,51,0B,DC,42,00,00,34,42,
-1778190083745811,00000380,false,Rx,0,8,00,00,00,00,00,00,00,00,
-1778190083744832,00000381,false,Rx,0,8,05,00,80,3F,00,00,00,00,
-1778190083723315,00000180,false,Rx,0,8,0D,00,01,00,00,00,00,00,
-1778190083722401,00000280,false,Rx,0,8,4A,24,89,40,31,0B,BB,3D,
-1778190083721473,00000281,false,Rx,0,8,51,0B,DC,42,00,00,34,42,
-1778190083720344,00000380,false,Rx,0,8,00,00,00,00,00,00,00,00,
-1778190083719366,00000381,false,Rx,0,8,05,00,80,3F,00,00,00,00,
-1778190083702510,00000180,false,Rx,0,8,0D,00,01,00,00,00,00,00,
-1778190083701585,00000280,false,Rx,0,8,03,24,94,40,E6,D5,B7,3D,
-1778190083700553,00000281,false,Rx,0,8,51,0B,DC,42,00,00,34,42,
-1778190083699528,00000380,false,Rx,0,8,00,00,00,00,00,00,00,00,
-1778190083698549,00000381,false,Rx,0,8,05,00,80,3F,00,00,00,00,
-1778190083679456,00000180,false,Rx,0,8,0D,00,01,00,00,00,00,00,
-1778190083678531,00000280,false,Rx,0,8,03,24,94,40,E6,D5,B7,3D,
-1778190083677602,00000281,false,Rx,0,8,51,0B,DC,42,00,00,34,42,
-1778190083676573,00000380,false,Rx,0,8,00,00,00,00,00,00,00,00,
-1778190083675595,00000381,false,Rx,0,8,05,00,80,3F,00,00,00,00,
-1778190083658654,00000180,false,Rx,0,8,0D,00,01,00,00,00,00,00,
-1778190083657713,00000280,false,Rx,0,8,0A,70,9D,40,62,0A,B7,3D,
-1778190083656784,00000281,false,Rx,0,8,51,0B,DC,42,00,00,34,42,
-1778190083655756,00000380,false,Rx,0,8,00,00,00,00,00,00,00,00,
-1778190083654777,00000381,false,Rx,0,8,05,00,80,3F,00,00,00,00,
-1778190083635731,00000180,false,Rx,0,8,0D,00,01,00,00,00,00,00,
-1778190083634794,00000280,false,Rx,0,8,0A,70,9D,40,62,0A,B7,3D,
-1778190083633862,00000281,false,Rx,0,8,51,0B,DC,42,00,00,34,42,
-1778190083632837,00000380,false,Rx,0,8,00,00,00,00,00,00,00,00,
-1778190083631857,00000381,false,Rx,0,8,05,00,80,3F,00,00,00,00,
-1778190083615109,00000180,false,Rx,0,8,0D,00,01,00,00,00,00,00,
-1778190083614169,00000280,false,Rx,0,8,10,45,A6,40,54,08,B4,3D,
-1778190083613240,00000281,false,Rx,0,8,51,0B,DC,42,00,00,34,42,
-1778190083612211,00000380,false,Rx,0,8,00,00,00,00,00,00,00,00,
-1778190083611232,00000381,false,Rx,0,8,05,00,80,3F,00,00,00,00,
-1778190083592187,00000180,false,Rx,0,8,0D,00,01,00,00,00,00,00,
-1778190083591251,00000280,false,Rx,0,8,10,45,A6,40,54,08,B4,3D,
-1778190083590318,00000281,false,Rx,0,8,51,0B,DC,42,00,00,34,42,
-1778190083589288,00000380,false,Rx,0,8,00,00,00,00,00,00,00,00,
-1778190083588310,00000381,false,Rx,0,8,05,00,80,3F,00,00,00,00,
-1778190083566989,00000180,false,Rx,0,8,0D,00,01,00,00,00,00,00,
-1778190083566048,00000280,false,Rx,0,8,10,45,A6,40,54,08,B4,3D,
-1778190083565119,00000281,false,Rx,0,8,51,0B,DC,42,00,00,34,42,
-1778190083564089,00000380,false,Rx,0,8,00,00,00,00,00,00,00,00,
-1778190083563111,00000381,false,Rx,0,8,05,00,80,3F,00,00,00,00,
-1778190083546179,00000180,false,Rx,0,8,0D,00,01,00,00,00,00,00,
-1778190083545231,00000280,false,Rx,0,8,1F,82,AD,40,7E,6D,B3,3D,
-1778190083544302,00000281,false,Rx,0,8,51,0B,DC,42,00,00,34,42,
-1778190083543273,00000380,false,Rx,0,8,00,00,00,00,00,00,00,00,
-1778190083542294,00000381,false,Rx,0,8,05,00,80,3F,00,00,00,00,
-1778190083523249,00000180,false,Rx,0,8,0D,00,01,00,00,00,00,00,
-1778190083522300,00000280,false,Rx,0,8,1F,82,AD,40,7E,6D,B3,3D,
-1778190083521371,00000281,false,Rx,0,8,51,0B,DC,42,00,00,34,42,
-1778190083520343,00000380,false,Rx,0,8,00,00,00,00,00,00,00,00,
-1778190083519364,00000381,false,Rx,0,8,05,00,80,3F,00,00,00,00,
-1778190083502429,00000180,false,Rx,0,8,0D,00,01,00,00,00,00,00,
-1778190083501501,00000280,false,Rx,0,8,87,62,B4,40,AF,99,B0,3D,
-1778190083500568,00000281,false,Rx,0,8,51,0B,DC,42,00,00,34,42,
-1778190083499543,00000380,false,Rx,0,8,00,00,00,00,00,00,00,00,
-1778190083498463,00000381,false,Rx,0,8,05,00,80,3F,00,00,00,00,
-1778190083479493,00000180,false,Rx,0,8,0D,00,01,00,00,00,00,00,
-1778190083478465,00000280,false,Rx,0,8,87,62,B4,40,AF,99,B0,3D,
-1778190083477532,00000281,false,Rx,0,8,51,0B,DC,42,00,00,34,42,
-1778190083476505,00000380,false,Rx,0,8,00,00,00,00,00,00,00,00,
-1778190083475528,00000381,false,Rx,0,8,05,00,80,3F,00,00,00,00,
-1778190083458577,00000180,false,Rx,0,8,0D,00,01,00,00,00,00,00,
-1778190083457625,00000280,false,Rx,0,8,00,C4,B9,40,C8,2A,B0,3D,
-1778190083456693,00000281,false,Rx,0,8,51,0B,DC,42,00,00,34,42,
-1778190083455665,00000380,false,Rx,0,8,00,00,00,00,00,00,00,00,
-1778190083454686,00000381,false,Rx,0,8,05,00,80,3F,00,00,00,00,
-1778190083435655,00000180,false,Rx,0,8,0D,00,01,00,00,00,00,00,
-1778190083434703,00000280,false,Rx,0,8,00,C4,B9,40,C8,2A,B0,3D,
-1778190083433771,00000281,false,Rx,0,8,51,0B,DC,42,00,00,34,42,
-1778190083432742,00000380,false,Rx,0,8,00,00,00,00,00,00,00,00,
-1778190083431763,00000381,false,Rx,0,8,05,00,80,3F,00,00,00,00,
-1778190083410463,00000180,false,Rx,0,8,0D,00,01,00,00,00,00,00,
-1778190083409508,00000280,false,Rx,0,8,00,C4,B9,40,C8,2A,B0,3D,
-1778190083408579,00000281,false,Rx,0,8,51,0B,DC,42,00,00,34,42,
-1778190083407550,00000380,false,Rx,0,8,00,00,00,00,00,00,00,00,
-1778190083406571,00000381,false,Rx,0,8,05,00,80,3F,00,00,00,00,
-1778190083389647,00000180,false,Rx,0,8,0D,00,01,00,00,00,00,00,
-1778190083388714,00000280,false,Rx,0,8,B1,B9,BD,40,B6,80,AD,3D,
-1778190083387785,00000281,false,Rx,0,8,51,0B,DC,42,00,00,34,42,
-1778190083386756,00000380,false,Rx,0,8,00,00,00,00,00,00,00,00,
-1778190083385777,00000381,false,Rx,0,8,05,00,80,3F,00,00,00,00,
-1778190083366724,00000180,false,Rx,0,8,0D,00,01,00,00,00,00,00,
-1778190083365795,00000280,false,Rx,0,8,B1,B9,BD,40,B6,80,AD,3D,
-1778190083364861,00000281,false,Rx,0,8,51,0B,DC,42,00,00,34,42,
-1778190083363836,00000380,false,Rx,0,8,00,00,00,00,00,00,00,00,
-1778190083362857,00000381,false,Rx,0,8,05,00,80,3F,00,00,00,00,
-1778190083345905,00000180,false,Rx,0,8,0D,00,01,00,00,00,00,00,
-1778190083344969,00000280,false,Rx,0,8,B2,7C,C1,40,75,39,AD,3D,
-1778190083344036,00000281,false,Rx,0,8,51,0B,DC,42,00,00,34,42,
-1778190083343012,00000380,false,Rx,0,8,00,00,00,00,00,00,00,00,
-1778190083342032,00000381,false,Rx,0,8,05,00,80,3F,00,00,00,00,
-1778190083322971,00000180,false,Rx,0,8,0D,00,01,00,00,00,00,00,
-1778190083322031,00000280,false,Rx,0,8,B2,7C,C1,40,75,39,AD,3D,
-1778190083321102,00000281,false,Rx,0,8,51,0B,DC,42,00,00,34,42,
-1778190083320073,00000380,false,Rx,0,8,00,00,00,00,00,00,00,00,
-1778190083319094,00000381,false,Rx,0,8,05,00,80,3F,00,00,00,00,
-1778190083302161,00000180,false,Rx,0,8,0D,00,01,00,00,00,00,00,
-1778190083301232,00000280,false,Rx,0,8,8D,0F,C5,40,B1,94,A9,3D,
-1778190083300299,00000281,false,Rx,0,8,51,0B,DC,42,00,00,34,42,
-1778190083299271,00000380,false,Rx,0,8,00,00,00,00,00,00,00,00,
-1778190083298291,00000381,false,Rx,0,8,05,00,80,3F,00,00,00,00,
-1778190083281783,00000180,false,Rx,0,8,0D,00,01,00,00,00,00,00,
-1778190083280854,00000280,false,Rx,0,8,8D,0F,C5,40,B1,94,A9,3D,
-1778190083279922,00000281,false,Rx,0,8,51,0B,DC,42,00,00,34,42,
-1778190083278893,00000380,false,Rx,0,8,00,00,00,00,00,00,00,00,
-1778190083277914,00000381,false,Rx,0,8,05,00,80,3F,00,00,00,00,
-1778190083258846,00000180,false,Rx,0,8,0D,00,01,00,00,00,00,00,
-1778190083257917,00000280,false,Rx,0,8,8D,0F,C5,40,B1,94,A9,3D,
-1778190083256886,00000281,false,Rx,0,8,51,0B,DC,42,00,00,34,42,
-1778190083255856,00000380,false,Rx,0,8,00,00,00,00,00,00,00,00,
-1778190083254877,00000381,false,Rx,0,8,05,00,80,3F,00,00,00,00,
-1778190083235521,00000180,false,Rx,0,8,0D,00,01,00,00,00,00,00,
-1778190083234581,00000280,false,Rx,0,8,C0,4D,C7,40,A3,7F,A9,3D,
-1778190083233652,00000281,false,Rx,0,8,51,0B,DC,42,00,00,34,42,
-1778190083232624,00000380,false,Rx,0,8,00,00,00,00,00,00,00,00,
-1778190083231644,00000381,false,Rx,0,8,05,00,80,3F,00,00,00,00,
-1778190083212586,00000180,false,Rx,0,8,0D,00,01,00,00,00,00,00,
-1778190083211645,00000280,false,Rx,0,8,C0,4D,C7,40,A3,7F,A9,3D,
-1778190083210712,00000281,false,Rx,0,8,51,0B,DC,42,00,00,34,42,
-1778190083209687,00000380,false,Rx,0,8,00,00,00,00,00,00,00,00,
-1778190083208709,00000381,false,Rx,0,8,05,00,80,3F,00,00,00,00,
-1778190083191780,00000180,false,Rx,0,8,0D,00,01,00,00,00,00,00,
-1778190083190836,00000280,false,Rx,0,8,3E,6F,C9,40,90,0A,A6,3D,
-1778190083189903,00000281,false,Rx,0,8,51,0B,DC,42,00,00,34,42,
-1778190083188877,00000380,false,Rx,0,8,00,00,00,00,00,00,00,00,
-1778190083187895,00000381,false,Rx,0,8,05,00,80,3F,00,00,00,00,
-1778190083168837,00000180,false,Rx,0,8,0D,00,01,00,00,00,00,00,
-1778190083167889,00000280,false,Rx,0,8,3E,6F,C9,40,90,0A,A6,3D,
-1778190083166957,00000281,false,Rx,0,8,51,0B,DC,42,00,00,34,42,
-1778190083165932,00000380,false,Rx,0,8,00,00,00,00,00,00,00,00,
-1778190083164952,00000381,false,Rx,0,8,05,00,80,3F,00,00,00,00,
-1778190083145860,00000180,false,Rx,0,8,0D,00,01,00,00,00,00,00,
-1778190083144911,00000280,false,Rx,0,8,3E,6F,C9,40,90,0A,A6,3D,
-1778190083143983,00000281,false,Rx,0,8,51,0B,DC,42,00,00,34,42,
-1778190083142954,00000380,false,Rx,0,8,00,00,00,00,00,00,00,00,
-1778190083141974,00000381,false,Rx,0,8,05,00,80,3F,00,00,00,00,
-1778190083125050,00000180,false,Rx,0,8,0D,00,01,00,00,00,00,00,
-1778190083124133,00000280,false,Rx,0,8,8C,4E,CA,40,D1,22,A6,3D,
-1778190083123204,00000281,false,Rx,0,8,51,0B,DC,42,00,00,34,42,
-1778190083122175,00000380,false,Rx,0,8,00,00,00,00,00,00,00,00,
-1778190083121196,00000381,false,Rx,0,8,05,00,80,3F,00,00,00,00,
-1778190083102118,00000180,false,Rx,0,8,0D,00,01,00,00,00,00,00,
-1778190083101204,00000280,false,Rx,0,8,8C,4E,CA,40,D1,22,A6,3D,
-1778190083100272,00000281,false,Rx,0,8,51,0B,DC,42,00,00,34,42,
-1778190083099246,00000380,false,Rx,0,8,00,00,00,00,00,00,00,00,
-1778190083098267,00000381,false,Rx,0,8,05,00,80,3F,00,00,00,00,
-1778190083079102,00000180,false,Rx,0,8,0D,00,01,00,00,00,00,00,
-1778190083078181,00000280,false,Rx,0,8,AF,22,CB,40,24,F9,A3,3D,
-1778190083077248,00000281,false,Rx,0,8,51,0B,DC,42,00,00,34,42,
-1778190083076223,00000380,false,Rx,0,8,00,00,00,00,00,00,00,00,
-1778190083075143,00000381,false,Rx,0,8,05,00,80,3F,00,00,00,00,
-1778190083056156,00000180,false,Rx,0,8,0D,00,01,00,00,00,00,00,
-1778190083055135,00000280,false,Rx,0,8,AF,22,CB,40,24,F9,A3,3D,
-1778190083054202,00000281,false,Rx,0,8,51,0B,DC,42,00,00,34,42,
-1778190083053175,00000380,false,Rx,0,8,00,00,00,00,00,00,00,00,
-1778190083052197,00000381,false,Rx,0,8,05,00,80,3F,00,00,00,00,
-1778190083035346,00000180,false,Rx,0,8,0D,00,01,00,00,00,00,00,
-1778190083034316,00000280,false,Rx,0,8,37,EC,CB,40,DE,2B,A4,3D,
-1778190083033383,00000281,false,Rx,0,8,51,0B,DC,42,00,00,34,42,
-1778190083032357,00000380,false,Rx,0,8,00,00,00,00,00,00,00,00,
-1778190083031379,00000381,false,Rx,0,8,05,00,80,3F,00,00,00,00,
-1778190083012311,00000180,false,Rx,0,8,0D,00,01,00,00,00,00,00,
-1778190083011377,00000280,false,Rx,0,8,37,EC,CB,40,DE,2B,A4,3D,
-1778190083010448,00000281,false,Rx,0,8,51,0B,DC,42,00,00,34,42,
-1778190083009420,00000380,false,Rx,0,8,00,00,00,00,00,00,00,00,
-1778190083008441,00000381,false,Rx,0,8,05,00,80,3F,00,00,00,00,
-1778190082989341,00000180,false,Rx,0,8,0D,00,01,00,00,00,00,00,
-1778190082988407,00000280,false,Rx,0,8,37,EC,CB,40,DE,2B,A4,3D,
-1778190082987479,00000281,false,Rx,0,8,51,0B,DC,42,00,00,34,42,
-1778190082986450,00000380,false,Rx,0,8,00,00,00,00,00,00,00,00,
-1778190082985471,00000381,false,Rx,0,8,05,00,80,3F,00,00,00,00,
-1778190082968516,00000180,false,Rx,0,8,0D,00,01,00,00,00,00,00,
-1778190082967598,00000280,false,Rx,0,8,C2,84,CB,40,57,1B,A2,3D,
-1778190082966670,00000281,false,Rx,0,8,51,0B,DC,42,00,00,34,42,
-1778190082965640,00000380,false,Rx,0,8,00,00,00,00,00,00,00,00,
-1778190082964661,00000381,false,Rx,0,8,05,00,80,3F,00,00,00,00,
-1778190082945576,00000180,false,Rx,0,8,0D,00,01,00,00,00,00,00,
-1778190082944663,00000280,false,Rx,0,8,C2,84,CB,40,57,1B,A2,3D,
-1778190082943730,00000281,false,Rx,0,8,51,0B,DC,42,00,00,34,42,
-1778190082942704,00000380,false,Rx,0,8,00,00,00,00,00,00,00,00,
-1778190082941726,00000381,false,Rx,0,8,05,00,80,3F,00,00,00,00,
-1778190082922359,00000180,false,Rx,0,8,0D,00,01,00,00,00,00,00,
-1778190082921442,00000280,false,Rx,0,8,79,22,CB,40,F4,65,A2,3D,
-1778190082920514,00000281,false,Rx,0,8,51,0B,DC,42,00,00,34,42,
-1778190082919484,00000380,false,Rx,0,8,00,00,00,00,00,00,00,00,
-1778190082918505,00000381,false,Rx,0,8,05,00,80,3F,00,00,00,00,
-1778190082899443,00000180,false,Rx,0,8,0D,00,01,00,00,00,00,00,
-1778190082898530,00000280,false,Rx,0,8,79,22,CB,40,F4,65,A2,3D,
-1778190082897597,00000281,false,Rx,0,8,51,0B,DC,42,00,00,34,42,
-1778190082896571,00000380,false,Rx,0,8,00,00,00,00,00,00,00,00,
-1778190082895593,00000381,false,Rx,0,8,05,00,80,3F,00,00,00,00,
-1778190082878811,00000180,false,Rx,0,8,0D,00,01,00,00,00,00,00,
-1778190082877878,00000280,false,Rx,0,8,31,9E,C9,40,C3,4B,9F,3D,
-1778190082876949,00000281,false,Rx,0,8,51,0B,DC,42,00,00,34,42,
-1778190082875920,00000380,false,Rx,0,8,00,00,00,00,00,00,00,00,
-1778190082874941,00000381,false,Rx,0,8,05,00,80,3F,00,00,00,00,
-1778190082855875,00000180,false,Rx,0,8,0D,00,01,00,00,00,00,00,
-1778190082854941,00000280,false,Rx,0,8,31,9E,C9,40,C3,4B,9F,3D,
-1778190082854012,00000281,false,Rx,0,8,51,0B,DC,42,00,00,34,42,
-1778190082852883,00000380,false,Rx,0,8,00,00,00,00,00,00,00,00,
-1778190082851906,00000381,false,Rx,0,8,05,00,80,3F,00,00,00,00,
-1778190082832802,00000180,false,Rx,0,8,0D,00,01,00,00,00,00,00,
-1778190082831871,00000280,false,Rx,0,8,31,9E,C9,40,C3,4B,9F,3D,
-1778190082830942,00000281,false,Rx,0,8,51,0B,DC,42,00,00,34,42,
-1778190082829914,00000380,false,Rx,0,8,00,00,00,00,00,00,00,00,
-1778190082828934,00000381,false,Rx,0,8,05,00,80,3F,00,00,00,00,
-1778190082811986,00000180,false,Rx,0,8,0D,00,01,00,00,00,00,00,
-1778190082811053,00000280,false,Rx,0,8,52,2D,C8,40,5B,BA,9F,3D,
-1778190082810124,00000281,false,Rx,0,8,51,0B,DC,42,00,00,34,42,
-1778190082809095,00000380,false,Rx,0,8,00,00,00,00,00,00,00,00,
-1778190082808115,00000381,false,Rx,0,8,05,00,80,3F,00,00,00,00,
-1778190082789054,00000180,false,Rx,0,8,0D,00,01,00,00,00,00,00,
-1778190082788125,00000280,false,Rx,0,8,52,2D,C8,40,5B,BA,9F,3D,
-1778190082787192,00000281,false,Rx,0,8,51,0B,DC,42,00,00,34,42,
-1778190082786168,00000380,false,Rx,0,8,00,00,00,00,00,00,00,00,
-1778190082785188,00000381,false,Rx,0,8,05,00,80,3F,00,00,00,00,
-1778190082765837,00000180,false,Rx,0,8,0D,00,01,00,00,00,00,00,
-1778190082764924,00000280,false,Rx,0,8,E5,CE,C6,40,58,C2,9C,3D,
-1778190082763991,00000281,false,Rx,0,8,51,0B,DC,42,00,00,34,42,
-1778190082762962,00000380,false,Rx,0,8,00,00,00,00,00,00,00,00,
-1778190082761983,00000381,false,Rx,0,8,05,00,80,3F,00,00,00,00,
-1778190082743098,00000180,false,Rx,0,8,0D,00,01,00,00,00,00,00,
-1778190082742184,00000280,false,Rx,0,8,E5,CE,C6,40,58,C2,9C,3D,
-1778190082741252,00000281,false,Rx,0,8,51,0B,DC,42,00,00,34,42,
-1778190082740226,00000380,false,Rx,0,8,00,00,00,00,00,00,00,00,
-1778190082739247,00000381,false,Rx,0,8,05,00,80,3F,00,00,00,00,
-1778190082722441,00000180,false,Rx,0,8,0D,00,01,00,00,00,00,00,
-1778190082721517,00000280,false,Rx,0,8,14,5B,C4,40,69,51,9D,3D,
-1778190082720588,00000281,false,Rx,0,8,51,0B,DC,42,00,00,34,42,
-1778190082719558,00000380,false,Rx,0,8,00,00,00,00,00,00,00,00,
-1778190082718580,00000381,false,Rx,0,8,05,00,80,3F,00,00,00,00,
-1778190082702305,00000180,false,Rx,0,8,0D,00,01,00,00,00,00,00,
-1778190082701383,00000280,false,Rx,0,8,14,5B,C4,40,69,51,9D,3D,
-1778190082700451,00000281,false,Rx,0,8,51,0B,DC,42,00,00,34,42,
-1778190082699426,00000380,false,Rx,0,8,00,00,00,00,00,00,00,00,
-1778190082698444,00000381,false,Rx,0,8,05,00,80,3F,00,00,00,00,
-1778190082679577,00000180,false,Rx,0,8,0D,00,01,00,00,00,00,00,
-1778190082678652,00000280,false,Rx,0,8,14,5B,C4,40,69,51,9D,3D,
-1778190082677720,00000281,false,Rx,0,8,51,0B,DC,42,00,00,34,42,
-1778190082676695,00000380,false,Rx,0,8,00,00,00,00,00,00,00,00,
-1778190082675715,00000381,false,Rx,0,8,05,00,80,3F,00,00,00,00,
-1778190082658956,00000180,false,Rx,0,8,0D,00,01,00,00,00,00,00,
-1778190082658026,00000280,false,Rx,0,8,A7,06,C2,40,3F,78,9A,3D,
-1778190082657094,00000281,false,Rx,0,8,51,0B,DC,42,00,00,34,42,
-1778190082656069,00000380,false,Rx,0,8,00,00,00,00,00,00,00,00,
-1778190082655089,00000381,false,Rx,0,8,05,00,80,3F,00,00,00,00,
-1778190082636229,00000180,false,Rx,0,8,0D,00,01,00,00,00,00,00,
-1778190082635295,00000280,false,Rx,0,8,A7,06,C2,40,3F,78,9A,3D,
-1778190082634366,00000281,false,Rx,0,8,51,0B,DC,42,00,00,34,42,
-1778190082633338,00000380,false,Rx,0,8,00,00,00,00,00,00,00,00,
-1778190082632457,00000381,false,Rx,0,8,05,00,80,3F,00,00,00,00,
-1778190082615617,00000180,false,Rx,0,8,0D,00,01,00,00,00,00,00,
-1778190082614688,00000280,false,Rx,0,8,0C,D0,BF,40,9E,24,9B,3D,
-1778190082613754,00000281,false,Rx,0,8,51,0B,DC,42,00,00,34,42,
-1778190082612828,00000380,false,Rx,0,8,00,00,00,00,00,00,00,00,
-1778190082611850,00000381,false,Rx,0,8,05,00,80,3F,00,00,00,00,
-1778190082590566,00000180,false,Rx,0,8,0D,00,01,00,00,00,00,00,
-1778190082589633,00000280,false,Rx,0,8,0C,D0,BF,40,9E,24,9B,3D,
-1778190082588704,00000281,false,Rx,0,8,51,0B,DC,42,00,00,34,42,
-1778190082587675,00000380,false,Rx,0,8,00,00,00,00,00,00,00,00,
-1778190082586696,00000381,false,Rx,0,8,05,00,80,3F,00,00,00,00,
-1778190082567769,00000180,false,Rx,0,8,0D,00,01,00,00,00,00,00,
-1778190082566840,00000280,false,Rx,0,8,0C,D0,BF,40,9E,24,9B,3D,
-1778190082565907,00000281,false,Rx,0,8,51,0B,DC,42,00,00,34,42,
-1778190082564883,00000380,false,Rx,0,8,00,00,00,00,00,00,00,00,
-1778190082563903,00000381,false,Rx,0,8,05,00,80,3F,00,00,00,00,
-1778190082547178,00000180,false,Rx,0,8,0D,00,01,00,00,00,00,00,
-1778190082546265,00000280,false,Rx,0,8,DD,8E,BC,40,5E,C8,9B,3D,
-1778190082545331,00000281,false,Rx,0,8,51,0B,DC,42,00,00,34,42,
-1778190082544306,00000380,false,Rx,0,8,00,00,00,00,00,00,00,00,
-1778190082543324,00000381,false,Rx,0,8,05,00,80,3F,00,00,00,00,
-1778190082524432,00000180,false,Rx,0,8,0D,00,01,00,00,00,00,00,
-1778190082523518,00000280,false,Rx,0,8,DD,8E,BC,40,5E,C8,9B,3D,
-1778190082522585,00000281,false,Rx,0,8,51,0B,DC,42,00,00,34,42,
-1778190082521560,00000380,false,Rx,0,8,00,00,00,00,00,00,00,00,
-1778190082520581,00000381,false,Rx,0,8,05,00,80,3F,00,00,00,00,
-1778190082503829,00000180,false,Rx,0,8,0D,00,01,00,00,00,00,00,
-1778190082502907,00000280,false,Rx,0,8,56,77,B9,40,DB,02,99,3D,
-1778190082501975,00000281,false,Rx,0,8,51,0B,DC,42,00,00,34,42,
-1778190082500949,00000380,false,Rx,0,8,00,00,00,00,00,00,00,00,
-1778190082499970,00000381,false,Rx,0,8,05,00,80,3F,00,00,00,00,
-1778190082481067,00000180,false,Rx,0,8,0D,00,01,00,00,00,00,00,
-1778190082480146,00000280,false,Rx,0,8,56,77,B9,40,DB,02,99,3D,
-1778190082479213,00000281,false,Rx,0,8,51,0B,DC,42,00,00,34,42,
-1778190082478187,00000380,false,Rx,0,8,00,00,00,00,00,00,00,00,
-1778190082477209,00000381,false,Rx,0,8,05,00,80,3F,00,00,00,00,
-1778190082460476,00000180,false,Rx,0,8,0D,00,01,00,00,00,00,00,
-1778190082459543,00000280,false,Rx,0,8,63,87,B6,40,E5,C1,99,3D,
-1778190082458614,00000281,false,Rx,0,8,51,0B,DC,42,00,00,34,42,
-1778190082457585,00000380,false,Rx,0,8,00,00,00,00,00,00,00,00,
-1778190082456606,00000381,false,Rx,0,8,05,00,80,3F,00,00,00,00,
-1778190082435361,00000180,false,Rx,0,8,0D,00,01,00,00,00,00,00,
-1778190082434432,00000280,false,Rx,0,8,63,87,B6,40,E5,C1,99,3D,
-1778190082433499,00000281,false,Rx,0,8,51,0B,DC,42,00,00,34,42,
-1778190082432571,00000380,false,Rx,0,8,00,00,00,00,00,00,00,00,
-1778190082431594,00000381,false,Rx,0,8,05,00,80,3F,00,00,00,00,
-1778190082412844,00000180,false,Rx,0,8,0D,00,01,00,00,00,00,00,
-1778190082411914,00000280,false,Rx,0,8,63,87,B6,40,E5,C1,99,3D,
-1778190082410985,00000281,false,Rx,0,8,51,0B,DC,42,00,00,34,42,
-1778190082409955,00000380,false,Rx,0,8,00,00,00,00,00,00,00,00,
-1778190082408976,00000381,false,Rx,0,8,05,00,80,3F,00,00,00,00,
-1778190082392244,00000180,false,Rx,0,8,0D,00,01,00,00,00,00,00,
-1778190082391295,00000280,false,Rx,0,8,20,96,B2,40,4E,16,97,3D,
-1778190082390366,00000281,false,Rx,0,8,51,0B,DC,42,00,00,34,42,
-1778190082389338,00000380,false,Rx,0,8,00,00,00,00,00,00,00,00,
-1778190082388359,00000381,false,Rx,0,8,05,00,80,3F,00,00,00,00,
-1778190082369521,00000180,false,Rx,0,8,0D,00,01,00,00,00,00,00,
-1778190082368577,00000280,false,Rx,0,8,20,96,B2,40,4E,16,97,3D,
-1778190082367644,00000281,false,Rx,0,8,51,0B,DC,42,00,00,34,42,
-1778190082366618,00000380,false,Rx,0,8,00,00,00,00,00,00,00,00,
-1778190082365636,00000381,false,Rx,0,8,05,00,80,3F,00,00,00,00,
-1778190082348894,00000180,false,Rx,0,8,0D,00,01,00,00,00,00,00,
-1778190082347965,00000280,false,Rx,0,8,53,D7,AE,40,F9,ED,97,3D,
-1778190082347033,00000281,false,Rx,0,8,51,0B,DC,42,00,00,34,42,
-1778190082346008,00000380,false,Rx,0,8,00,00,00,00,00,00,00,00,
-1778190082345028,00000381,false,Rx,0,8,05,00,80,3F,00,00,00,00,
-1778190082326160,00000180,false,Rx,0,8,0D,00,01,00,00,00,00,00,
-1778190082325227,00000280,false,Rx,0,8,53,D7,AE,40,F9,ED,97,3D,
-1778190082324298,00000281,false,Rx,0,8,51,0B,DC,42,00,00,34,42,
-1778190082323269,00000380,false,Rx,0,8,00,00,00,00,00,00,00,00,
-1778190082322290,00000381,false,Rx,0,8,05,00,80,3F,00,00,00,00,
-1778190082305549,00000180,false,Rx,0,8,0D,00,01,00,00,00,00,00,
-1778190082304621,00000280,false,Rx,0,8,77,48,AB,40,C8,59,95,3D,
-1778190082303688,00000281,false,Rx,0,8,51,0B,DC,42,00,00,34,42,
-1778190082302658,00000380,false,Rx,0,8,00,00,00,00,00,00,00,00,
-1778190082301680,00000381,false,Rx,0,8,05,00,80,3F,00,00,00,00,
-1778190082282973,00000180,false,Rx,0,8,0D,00,01,00,00,00,00,00,
-1778190082282040,00000280,false,Rx,0,8,77,48,AB,40,C8,59,95,3D,
-1778190082281112,00000281,false,Rx,0,8,51,0B,DC,42,00,00,34,42,
-1778190082280082,00000380,false,Rx,0,8,00,00,00,00,00,00,00,00,
-1778190082279103,00000381,false,Rx,0,8,05,00,80,3F,00,00,00,00,
-1778190082260226,00000180,false,Rx,0,8,0D,00,01,00,00,00,00,00,
-1778190082259297,00000280,false,Rx,0,8,77,48,AB,40,C8,59,95,3D,
-1778190082258364,00000281,false,Rx,0,8,51,0B,DC,42,00,00,34,42,
-1778190082257340,00000380,false,Rx,0,8,00,00,00,00,00,00,00,00,
-1778190082256360,00000381,false,Rx,0,8,05,00,80,3F,00,00,00,00,
-1778190082239620,00000180,false,Rx,0,8,0D,00,01,00,00,00,00,00,
-1778190082238688,00000280,false,Rx,0,8,26,E7,A7,40,AD,47,96,3D,
-1778190082237755,00000281,false,Rx,0,8,51,0B,DC,42,00,00,34,42,
-1778190082236730,00000380,false,Rx,0,8,00,00,00,00,00,00,00,00,
-1778190082235751,00000381,false,Rx,0,8,05,00,80,3F,00,00,00,00,
-1778190082216882,00000180,false,Rx,0,8,0D,00,01,00,00,00,00,00,
-1778190082215949,00000280,false,Rx,0,8,26,E7,A7,40,AD,47,96,3D,
-1778190082215020,00000281,false,Rx,0,8,51,0B,DC,42,00,00,34,42,
-1778190082213992,00000380,false,Rx,0,8,00,00,00,00,00,00,00,00,
-1778190082213114,00000381,false,Rx,0,8,05,00,80,3F,00,00,00,00,
-1778190082196273,00000180,false,Rx,0,8,0D,00,01,00,00,00,00,00,
-1778190082195340,00000280,false,Rx,0,8,19,B1,A4,40,99,C8,93,3D,
-1778190082194408,00000281,false,Rx,0,8,51,0B,DC,42,00,00,34,42,
-1778190082193483,00000380,false,Rx,0,8,00,00,00,00,00,00,00,00,
-1778190082192502,00000381,false,Rx,0,8,05,00,80,3F,00,00,00,00,
-1778190082173634,00000180,false,Rx,0,8,0D,00,01,00,00,00,00,00,
-1778190082172704,00000280,false,Rx,0,8,19,B1,A4,40,99,C8,93,3D,
-1778190082171773,00000281,false,Rx,0,8,51,0B,DC,42,00,00,34,42,
-1778190082170745,00000380,false,Rx,0,8,00,00,00,00,00,00,00,00,
-1778190082169766,00000381,false,Rx,0,8,05,00,80,3F,00,00,00,00,
-1778190082150865,00000180,false,Rx,0,8,0D,00,01,00,00,00,00,00,
-1778190082149936,00000280,false,Rx,0,8,19,B1,A4,40,99,C8,93,3D,
-1778190082149004,00000281,false,Rx,0,8,51,0B,DC,42,00,00,34,42,
-1778190082147978,00000380,false,Rx,0,8,00,00,00,00,00,00,00,00,
-1778190082146999,00000381,false,Rx,0,8,05,00,80,3F,00,00,00,00,
-1778190082130248,00000180,false,Rx,0,8,0D,00,01,00,00,00,00,00,
-1778190082129300,00000280,false,Rx,0,8,3D,7D,A0,40,8D,CA,94,3D,
-1778190082128371,00000281,false,Rx,0,8,51,0B,DC,42,00,00,34,42,
-1778190082127342,00000380,false,Rx,0,8,00,00,00,00,00,00,00,00,
-1778190082126364,00000381,false,Rx,0,8,05,00,80,3F,00,00,00,00,
-1778190082105303,00000180,false,Rx,0,8,0D,00,01,00,00,00,00,00,
-1778190082104355,00000280,false,Rx,0,8,3D,7D,A0,40,8D,CA,94,3D,
-1778190082103425,00000281,false,Rx,0,8,51,0B,DC,42,00,00,34,42,
-1778190082102400,00000380,false,Rx,0,8,00,00,00,00,00,00,00,00,
-1778190082101418,00000381,false,Rx,0,8,05,00,80,3F,00,00,00,00,
-1778190082084693,00000180,false,Rx,0,8,0D,00,01,00,00,00,00,00,
-1778190082083764,00000280,false,Rx,0,8,2B,7F,9C,40,87,5E,92,3D,
-1778190082082831,00000281,false,Rx,0,8,51,0B,DC,42,00,00,34,42,
-1778190082081807,00000380,false,Rx,0,8,00,00,00,00,00,00,00,00,
-1778190082080827,00000381,false,Rx,0,8,05,00,80,3F,00,00,00,00,
-1778190082061951,00000180,false,Rx,0,8,0D,00,01,00,00,00,00,00,
-1778190082061018,00000280,false,Rx,0,8,2B,7F,9C,40,87,5E,92,3D,
-1778190082060089,00000281,false,Rx,0,8,51,0B,DC,42,00,00,34,42,
-1778190082059059,00000380,false,Rx,0,8,00,00,00,00,00,00,00,00,
-1778190082058081,00000381,false,Rx,0,8,05,00,80,3F,00,00,00,00,
-1778190082041349,00000180,false,Rx,0,8,0D,00,01,00,00,00,00,00,
-1778190082040424,00000280,false,Rx,0,8,34,B4,98,40,95,72,93,3D,
-1778190082039495,00000281,false,Rx,0,8,51,0B,DC,42,00,00,34,42,
-1778190082038466,00000380,false,Rx,0,8,00,00,00,00,00,00,00,00,
-1778190082037487,00000381,false,Rx,0,8,05,00,80,3F,00,00,00,00,
-1778190082018602,00000180,false,Rx,0,8,0D,00,01,00,00,00,00,00,
-1778190082017678,00000280,false,Rx,0,8,34,B4,98,40,95,72,93,3D,
-1778190082016749,00000281,false,Rx,0,8,51,0B,DC,42,00,00,34,42,
-1778190082015720,00000380,false,Rx,0,8,00,00,00,00,00,00,00,00,
-1778190082014742,00000381,false,Rx,0,8,05,00,80,3F,00,00,00,00,
-1778190081995826,00000180,false,Rx,0,8,0D,00,01,00,00,00,00,00,
-1778190081994905,00000280,false,Rx,0,8,34,B4,98,40,95,72,93,3D,
-1778190081994073,00000281,false,Rx,0,8,51,0B,DC,42,00,00,34,42,
-1778190081993043,00000380,false,Rx,0,8,00,00,00,00,00,00,00,00,
-1778190081992064,00000381,false,Rx,0,8,05,00,80,3F,00,00,00,00,
-1778190081975225,00000180,false,Rx,0,8,0D,00,01,00,00,00,00,00,
-1778190081974308,00000280,false,Rx,0,8,CA,19,95,40,C2,17,91,3D,
-1778190081973477,00000281,false,Rx,0,8,51,0B,DC,42,00,00,34,42,
-1778190081972451,00000380,false,Rx,0,8,00,00,00,00,00,00,00,00,
-1778190081971472,00000381,false,Rx,0,8,05,00,80,3F,00,00,00,00,
-1778190081950180,00000180,false,Rx,0,8,0D,00,01,00,00,00,00,00,
-1778190081949266,00000280,false,Rx,0,8,CA,19,95,40,C2,17,91,3D,
-1778190081948333,00000281,false,Rx,0,8,51,0B,DC,42,00,00,34,42,
-1778190081947308,00000380,false,Rx,0,8,00,00,00,00,00,00,00,00,
-1778190081946329,00000381,false,Rx,0,8,05,00,80,3F,00,00,00,00,
-1778190081929562,00000180,false,Rx,0,8,0D,00,01,00,00,00,00,00,
-1778190081928641,00000280,false,Rx,0,8,7E,AD,91,40,26,3C,92,3D,
-1778190081927708,00000281,false,Rx,0,8,51,0B,DC,42,00,00,34,42,
-1778190081926680,00000380,false,Rx,0,8,00,00,00,00,00,00,00,00,
-1778190081925701,00000381,false,Rx,0,8,05,00,80,3F,00,00,00,00,
-1778190081906808,00000180,false,Rx,0,8,0D,00,01,00,00,00,00,00,
-1778190081905887,00000280,false,Rx,0,8,7E,AD,91,40,26,3C,92,3D,
-1778190081904955,00000281,false,Rx,0,8,51,0B,DC,42,00,00,34,42,
-1778190081903930,00000380,false,Rx,0,8,00,00,00,00,00,00,00,00,
-1778190081902950,00000381,false,Rx,0,8,05,00,80,3F,00,00,00,00,
-1778190081886215,00000180,false,Rx,0,8,0D,00,01,00,00,00,00,00,
-1778190081885267,00000280,false,Rx,0,8,1A,46,8D,40,D9,F0,8F,3D,
-1778190081884338,00000281,false,Rx,0,8,51,0B,DC,42,00,00,34,42,
-1778190081883308,00000380,false,Rx,0,8,00,00,00,00,00,00,00,00,
-1778190081882330,00000381,false,Rx,0,8,05,00,80,3F,00,00,00,00,
-1778190081863480,00000180,false,Rx,0,8,0D,00,01,00,00,00,00,00,
-1778190081862533,00000280,false,Rx,0,8,1A,46,8D,40,D9,F0,8F,3D,
-1778190081861604,00000281,false,Rx,0,8,51,0B,DC,42,00,00,34,42,
-1778190081860574,00000380,false,Rx,0,8,00,00,00,00,00,00,00,00,
-1778190081859595,00000381,false,Rx,0,8,05,00,80,3F,00,00,00,00,
-1778190081840688,00000180,false,Rx,0,8,0D,00,01,00,00,00,00,00,
-1778190081839740,00000280,false,Rx,0,8,1A,46,8D,40,D9,F0,8F,3D,
-1778190081838806,00000281,false,Rx,0,8,51,0B,DC,42,00,00,34,42,
-1778190081837781,00000380,false,Rx,0,8,00,00,00,00,00,00,00,00,
-1778190081836803,00000381,false,Rx,0,8,05,00,80,3F,00,00,00,00,
-1778190081820086,00000180,false,Rx,0,8,0D,00,01,00,00,00,00,00,
-1778190081819146,00000280,false,Rx,0,8,14,17,89,40,FD,23,91,3D,
-1778190081818213,00000281,false,Rx,0,8,51,0B,DC,42,00,00,34,42,
-1778190081817188,00000380,false,Rx,0,8,00,00,00,00,00,00,00,00,
-1778190081816209,00000381,false,Rx,0,8,05,00,80,3F,00,00,00,00,
-1778190081794964,00000180,false,Rx,0,8,0D,00,01,00,00,00,00,00,
-1778190081794127,00000280,false,Rx,0,8,14,17,89,40,FD,23,91,3D,
-1778190081793195,00000281,false,Rx,0,8,51,0B,DC,42,00,00,34,42,
-1778190081792167,00000380,false,Rx,0,8,00,00,00,00,00,00,00,00,
-1778190081791187,00000381,false,Rx,0,8,05,00,80,3F,00,00,00,00,
-1778190081774539,00000180,false,Rx,0,8,0D,00,01,00,00,00,00,00,
-1778190081773717,00000280,false,Rx,0,8,9B,1D,85,40,B2,E6,8E,3D,
-1778190081772784,00000281,false,Rx,0,8,51,0B,DC,42,00,00,34,42,
-1778190081771758,00000380,false,Rx,0,8,00,00,00,00,00,00,00,00,
-1778190081770781,00000381,false,Rx,0,8,05,00,80,3F,00,00,00,00,
-1778190081751912,00000180,false,Rx,0,8,0D,00,01,00,00,00,00,00,
-1778190081750987,00000280,false,Rx,0,8,9B,1D,85,40,B2,E6,8E,3D,
-1778190081750054,00000281,false,Rx,0,8,51,0B,DC,42,00,00,34,42,
-1778190081749030,00000380,false,Rx,0,8,00,00,00,00,00,00,00,00,
-1778190081748051,00000381,false,Rx,0,8,05,00,80,3F,00,00,00,00,
-1778190081731091,00000180,false,Rx,0,8,0D,00,01,00,00,00,00,00,
-1778190081730155,00000280,false,Rx,0,8,02,57,81,40,24,27,90,3D,
-1778190081729222,00000281,false,Rx,0,8,51,0B,DC,42,00,00,34,42,
-1778190081728194,00000380,false,Rx,0,8,00,00,00,00,00,00,00,00,
-1778190081727219,00000381,false,Rx,0,8,05,00,80,3F,00,00,00,00,
-1778190081710726,00000180,false,Rx,0,8,0D,00,01,00,00,00,00,00,
-1778190081709785,00000280,false,Rx,0,8,02,57,81,40,24,27,90,3D,
-1778190081708857,00000281,false,Rx,0,8,51,0B,DC,42,00,00,34,42,
-1778190081707827,00000380,false,Rx,0,8,00,00,00,00,00,00,00,00,
-1778190081706848,00000381,false,Rx,0,8,05,00,80,3F,00,00,00,00,
-1778190081687792,00000180,false,Rx,0,8,0D,00,01,00,00,00,00,00,
-1778190081686851,00000280,false,Rx,0,8,02,57,81,40,24,27,90,3D,
-1778190081685919,00000281,false,Rx,0,8,51,0B,DC,42,00,00,34,42,
-1778190081684893,00000380,false,Rx,0,8,00,00,00,00,00,00,00,00,
-1778190081683914,00000381,false,Rx,0,8,05,00,80,3F,00,00,00,00,
-1778190081666971,00000180,false,Rx,0,8,0D,00,01,00,00,00,00,00,
-1778190081666035,00000280,false,Rx,0,8,7A,81,7B,40,7E,F6,8D,3D,
-1778190081665102,00000281,false,Rx,0,8,51,0B,DC,42,00,00,34,42,
-1778190081664076,00000380,false,Rx,0,8,00,00,00,00,00,00,00,00,
-1778190081663094,00000381,false,Rx,0,8,05,00,80,3F,00,00,00,00,
-1778190081644036,00000180,false,Rx,0,8,0D,00,01,00,00,00,00,00,
-1778190081643096,00000280,false,Rx,0,8,7A,81,7B,40,7E,F6,8D,3D,
-1778190081642167,00000281,false,Rx,0,8,51,0B,DC,42,00,00,34,42,
-1778190081641138,00000380,false,Rx,0,8,00,00,00,00,00,00,00,00,
-1778190081640159,00000381,false,Rx,0,8,05,00,80,3F,00,00,00,00,
-1778190081620825,00000180,false,Rx,0,8,0D,00,01,00,00,00,00,00,
-1778190081619888,00000280,false,Rx,0,8,C3,B0,74,40,98,22,8E,3D,
-1778190081618956,00000281,false,Rx,0,8,51,0B,DC,42,00,00,34,42,
-1778190081617930,00000380,false,Rx,0,8,00,00,00,00,00,00,00,00,
-1778190081616951,00000381,false,Rx,0,8,05,00,80,3F,00,00,00,00,
-1778190081597874,00000180,false,Rx,0,8,0D,00,01,00,00,00,00,00,
-1778190081596932,00000280,false,Rx,0,8,C3,B0,74,40,98,22,8E,3D,
-1778190081596004,00000281,false,Rx,0,8,51,0B,DC,42,00,00,34,42,
-1778190081594975,00000380,false,Rx,0,8,00,00,00,00,00,00,00,00,
-1778190081593996,00000381,false,Rx,0,8,05,00,80,3F,00,00,00,00,
-1778190081574904,00000180,false,Rx,0,8,0D,00,01,00,00,00,00,00,
-1778190081573964,00000280,false,Rx,0,8,C3,B0,74,40,98,22,8E,3D,
-1778190081572935,00000281,false,Rx,0,8,51,0B,DC,42,00,00,34,42,
-1778190081571906,00000380,false,Rx,0,8,00,00,00,00,00,00,00,00,
-1778190081570926,00000381,false,Rx,0,8,05,00,80,3F,00,00,00,00,
-1778190081554087,00000180,false,Rx,0,8,0D,00,01,00,00,00,00,00,
-1778190081553154,00000280,false,Rx,0,8,4A,37,6E,40,C6,0B,8C,3D,
-1778190081552126,00000281,false,Rx,0,8,51,0B,DC,42,00,00,34,42,
-1778190081551097,00000380,false,Rx,0,8,00,00,00,00,00,00,00,00,
-1778190081550117,00000381,false,Rx,0,8,05,00,80,3F,00,00,00,00,
-1778190081531067,00000180,false,Rx,0,8,0D,00,01,00,00,00,00,00,
-1778190081530138,00000280,false,Rx,0,8,4A,37,6E,40,C6,0B,8C,3D,
-1778190081529206,00000281,false,Rx,0,8,51,0B,DC,42,00,00,34,42,
-1778190081528176,00000380,false,Rx,0,8,00,00,00,00,00,00,00,00,
-1778190081527197,00000381,false,Rx,0,8,05,00,80,3F,00,00,00,00,
-1778190081510250,00000180,false,Rx,0,8,0D,00,01,00,00,00,00,00,
-1778190081509309,00000280,false,Rx,0,8,B0,10,68,40,C4,70,8D,3D,
-1778190081508381,00000281,false,Rx,0,8,51,0B,DC,42,00,00,34,42,
-1778190081507351,00000380,false,Rx,0,8,00,00,00,00,00,00,00,00,
-1778190081506372,00000381,false,Rx,0,8,05,00,80,3F,00,00,00,00,
-1778190081487289,00000180,false,Rx,0,8,0D,00,01,00,00,00,00,00,
-1778190081486348,00000280,false,Rx,0,8,B0,10,68,40,C4,70,8D,3D,
-1778190081485419,00000281,false,Rx,0,8,51,0B,DC,42,00,00,34,42,
-1778190081484390,00000380,false,Rx,0,8,00,00,00,00,00,00,00,00,
-1778190081483412,00000381,false,Rx,0,8,05,00,80,3F,00,00,00,00,
-1778190081464288,00000180,false,Rx,0,8,0D,00,01,00,00,00,00,00,
-1778190081463371,00000280,false,Rx,0,8,D2,38,62,40,D6,62,8B,3D,
-1778190081462443,00000281,false,Rx,0,8,51,0B,DC,42,00,00,34,42,
-1778190081461413,00000380,false,Rx,0,8,00,00,00,00,00,00,00,00,
-1778190081460434,00000381,false,Rx,0,8,05,00,80,3F,00,00,00,00,
-1778190081441350,00000180,false,Rx,0,8,0D,00,01,00,00,00,00,00,
-1778190081440437,00000280,false,Rx,0,8,D2,38,62,40,D6,62,8B,3D,
-1778190081439504,00000281,false,Rx,0,8,51,0B,DC,42,00,00,34,42,
-1778190081438478,00000380,false,Rx,0,8,00,00,00,00,00,00,00,00,
-1778190081437500,00000381,false,Rx,0,8,05,00,80,3F,00,00,00,00,
-1778190081418365,00000180,false,Rx,0,8,0D,00,01,00,00,00,00,00,
-1778190081417452,00000280,false,Rx,0,8,D2,38,62,40,D6,62,8B,3D,
-1778190081416519,00000281,false,Rx,0,8,51,0B,DC,42,00,00,34,42,
-1778190081415494,00000380,false,Rx,0,8,00,00,00,00,00,00,00,00,
-1778190081414515,00000381,false,Rx,0,8,05,00,80,3F,00,00,00,00,
-1778190081397574,00000180,false,Rx,0,8,0D,00,01,00,00,00,00,00,
-1778190081396634,00000280,false,Rx,0,8,BE,AB,5C,40,33,6F,89,3D,
-1778190081395705,00000281,false,Rx,0,8,51,0B,DC,42,00,00,34,42,
-1778190081394675,00000380,false,Rx,0,8,00,00,00,00,00,00,00,00,
-1778190081393697,00000381,false,Rx,0,8,05,00,80,3F,00,00,00,00,
-1778190081374636,00000180,false,Rx,0,8,0D,00,01,00,00,00,00,00,
-1778190081373695,00000280,false,Rx,0,8,BE,AB,5C,40,33,6F,89,3D,
-1778190081372766,00000281,false,Rx,0,8,51,0B,DC,42,00,00,34,42,
-1778190081371738,00000380,false,Rx,0,8,00,00,00,00,00,00,00,00,
-1778190081370661,00000381,false,Rx,0,8,05,00,80,3F,00,00,00,00,
-1778190081353811,00000180,false,Rx,0,8,0D,00,01,00,00,00,00,00,
-1778190081352878,00000280,false,Rx,0,8,B8,65,57,40,9F,F5,8A,3D,
-1778190081351946,00000281,false,Rx,0,8,51,0B,DC,42,00,00,34,42,
-1778190081350821,00000380,false,Rx,0,8,00,00,00,00,00,00,00,00,
-1778190081349839,00000381,false,Rx,0,8,05,00,80,3F,00,00,00,00,
-1778190081330790,00000180,false,Rx,0,8,0D,00,01,00,00,00,00,00,
-1778190081329858,00000280,false,Rx,0,8,B8,65,57,40,9F,F5,8A,3D,
-1778190081328927,00000281,false,Rx,0,8,51,0B,DC,42,00,00,34,42,
-1778190081327898,00000380,false,Rx,0,8,00,00,00,00,00,00,00,00,
-1778190081326919,00000381,false,Rx,0,8,05,00,80,3F,00,00,00,00,
-1778190081307564,00000180,false,Rx,0,8,0D,00,01,00,00,00,00,00,
-1778190081306632,00000280,false,Rx,0,8,33,63,52,40,72,07,89,3D,
-1778190081305703,00000281,false,Rx,0,8,51,0B,DC,42,00,00,34,42,
-1778190081304674,00000380,false,Rx,0,8,00,00,00,00,00,00,00,00,
-1778190081303695,00000381,false,Rx,0,8,05,00,80,3F,00,00,00,00,
-1778190081284611,00000180,false,Rx,0,8,0D,00,01,00,00,00,00,00,
-1778190081283678,00000280,false,Rx,0,8,33,63,52,40,72,07,89,3D,
-1778190081282750,00000281,false,Rx,0,8,51,0B,DC,42,00,00,34,42,
-1778190081281720,00000380,false,Rx,0,8,00,00,00,00,00,00,00,00,
-1778190081280741,00000381,false,Rx,0,8,05,00,80,3F,00,00,00,00,
-1778190081261641,00000180,false,Rx,0,8,0D,00,01,00,00,00,00,00,
-1778190081260709,00000280,false,Rx,0,8,33,63,52,40,72,07,89,3D,
-1778190081259780,00000281,false,Rx,0,8,51,0B,DC,42,00,00,34,42,
-1778190081258750,00000380,false,Rx,0,8,00,00,00,00,00,00,00,00,
-1778190081257772,00000381,false,Rx,0,8,05,00,80,3F,00,00,00,00,
-1778190081240832,00000180,false,Rx,0,8,0D,00,01,00,00,00,00,00,
-1778190081239895,00000280,false,Rx,0,8,CE,A0,4D,40,0E,93,8A,3D,
-1778190081238962,00000281,false,Rx,0,8,51,0B,DC,42,00,00,34,42,
-1778190081237933,00000380,false,Rx,0,8,00,00,00,00,00,00,00,00,
-1778190081236954,00000381,false,Rx,0,8,05,00,80,3F,00,00,00,00,
-1778190081217904,00000180,false,Rx,0,8,0D,00,01,00,00,00,00,00,
-1778190081216964,00000280,false,Rx,0,8,CE,A0,4D,40,0E,93,8A,3D,
-1778190081216032,00000281,false,Rx,0,8,51,0B,DC,42,00,00,34,42,
-1778190081215006,00000380,false,Rx,0,8,00,00,00,00,00,00,00,00,
-1778190081214027,00000381,false,Rx,0,8,05,00,80,3F,00,00,00,00,
-1778190081197094,00000180,false,Rx,0,8,0D,00,01,00,00,00,00,00,
-1778190081196145,00000280,false,Rx,0,8,54,1B,49,40,CF,A9,88,3D,
-1778190081195213,00000281,false,Rx,0,8,51,0B,DC,42,00,00,34,42,
-1778190081194188,00000380,false,Rx,0,8,00,00,00,00,00,00,00,00,
-1778190081193209,00000381,false,Rx,0,8,05,00,80,3F,00,00,00,00,
-1778190081174148,00000180,false,Rx,0,8,0D,00,01,00,00,00,00,00,
-1778190081173200,00000280,false,Rx,0,8,54,1B,49,40,CF,A9,88,3D,
-1778190081172271,00000281,false,Rx,0,8,51,0B,DC,42,00,00,34,42,
-1778190081171241,00000380,false,Rx,0,8,00,00,00,00,00,00,00,00,
-1778190081170263,00000381,false,Rx,0,8,05,00,80,3F,00,00,00,00,
-1778190081150930,00000180,false,Rx,0,8,0D,00,01,00,00,00,00,00,
-1778190081150013,00000280,false,Rx,0,8,BA,CF,44,40,1A,3A,8A,3D,
-1778190081148984,00000281,false,Rx,0,8,51,0B,DC,42,00,00,34,42,
-1778190081147955,00000380,false,Rx,0,8,00,00,00,00,00,00,00,00,
-1778190081146975,00000381,false,Rx,0,8,05,00,80,3F,00,00,00,00,
-1778190081130561,00000180,false,Rx,0,8,0D,00,01,00,00,00,00,00,
-1778190081129643,00000280,false,Rx,0,8,BA,CF,44,40,1A,3A,8A,3D,
-1778190081128615,00000281,false,Rx,0,8,51,0B,DC,42,00,00,34,42,
-1778190081127586,00000380,false,Rx,0,8,00,00,00,00,00,00,00,00,
-1778190081126606,00000381,false,Rx,0,8,05,00,80,3F,00,00,00,00,
-1778190081107514,00000180,false,Rx,0,8,0D,00,01,00,00,00,00,00,
-1778190081106600,00000280,false,Rx,0,8,BA,CF,44,40,1A,3A,8A,3D,
-1778190081105670,00000281,false,Rx,0,8,51,0B,DC,42,00,00,34,42,
-1778190081104641,00000380,false,Rx,0,8,00,00,00,00,00,00,00,00,
-1778190081103662,00000381,false,Rx,0,8,05,00,80,3F,00,00,00,00,
-1778190081086714,00000180,false,Rx,0,8,0D,00,01,00,00,00,00,00,
-1778190081085774,00000280,false,Rx,0,8,47,6D,3E,40,4E,55,88,3D,
-1778190081084845,00000281,false,Rx,0,8,51,0B,DC,42,00,00,34,42,
-1778190081083815,00000380,false,Rx,0,8,00,00,00,00,00,00,00,00,
-1778190081082837,00000381,false,Rx,0,8,05,00,80,3F,00,00,00,00,
-1778190081063752,00000180,false,Rx,0,8,0D,00,01,00,00,00,00,00,
-1778190081062816,00000280,false,Rx,0,8,47,6D,3E,40,4E,55,88,3D,
-1778190081061883,00000281,false,Rx,0,8,51,0B,DC,42,00,00,34,42,
-1778190081060853,00000380,false,Rx,0,8,00,00,00,00,00,00,00,00,
-1778190081059875,00000381,false,Rx,0,8,05,00,80,3F,00,00,00,00,
-1778190081042965,00000180,false,Rx,0,8,0D,00,01,00,00,00,00,00,
-1778190081042044,00000280,false,Rx,0,8,8D,5C,38,40,D2,E9,89,3D,
-1778190081041111,00000281,false,Rx,0,8,51,0B,DC,42,00,00,34,42,
-1778190081040086,00000380,false,Rx,0,8,00,00,00,00,00,00,00,00,
-1778190081039107,00000381,false,Rx,0,8,05,00,80,3F,00,00,00,00,
-1778190081020030,00000180,false,Rx,0,8,0D,00,01,00,00,00,00,00,
-1778190081019105,00000280,false,Rx,0,8,8D,5C,38,40,D2,E9,89,3D,
-1778190081018177,00000281,false,Rx,0,8,51,0B,DC,42,00,00,34,42,
-1778190081017147,00000380,false,Rx,0,8,00,00,00,00,00,00,00,00,
-1778190081016168,00000381,false,Rx,0,8,05,00,80,3F,00,00,00,00,
-1778190080997052,00000180,false,Rx,0,8,0D,00,01,00,00,00,00,00,
-1778190080996131,00000280,false,Rx,0,8,8D,5C,38,40,D2,E9,89,3D,
-1778190080995198,00000281,false,Rx,0,8,51,0B,DC,42,00,00,34,42,
-1778190080994169,00000380,false,Rx,0,8,00,00,00,00,00,00,00,00,
-1778190080993190,00000381,false,Rx,0,8,05,00,80,3F,00,00,00,00,
-1778190080974036,00000180,false,Rx,0,8,0D,00,01,00,00,00,00,00,
-1778190080973096,00000280,false,Rx,0,8,76,99,32,40,09,09,88,3D,
-1778190080972162,00000281,false,Rx,0,8,51,0B,DC,42,00,00,34,42,
-1778190080971138,00000380,false,Rx,0,8,00,00,00,00,00,00,00,00,
-1778190080970159,00000381,false,Rx,0,8,05,00,80,3F,00,00,00,00,
-1778190080951097,00000180,false,Rx,0,8,0D,00,01,00,00,00,00,00,
-1778190080950156,00000280,false,Rx,0,8,76,99,32,40,09,09,88,3D,
-1778190080949227,00000281,false,Rx,0,8,51,0B,DC,42,00,00,34,42,
-1778190080948198,00000380,false,Rx,0,8,00,00,00,00,00,00,00,00,
-1778190080947121,00000381,false,Rx,0,8,05,00,80,3F,00,00,00,00,
-1778190080930287,00000180,false,Rx,0,8,0D,00,01,00,00,00,00,00,
-1778190080929350,00000280,false,Rx,0,8,20,20,2D,40,5E,A1,89,3D,
-1778190080928418,00000281,false,Rx,0,8,51,0B,DC,42,00,00,34,42,
-1778190080927289,00000380,false,Rx,0,8,00,00,00,00,00,00,00,00,
-1778190080926311,00000381,false,Rx,0,8,05,00,80,3F,00,00,00,00,
-1778190080907250,00000180,false,Rx,0,8,0D,00,01,00,00,00,00,00,
-1778190080906310,00000280,false,Rx,0,8,20,20,2D,40,5E,A1,89,3D,
-1778190080905381,00000281,false,Rx,0,8,51,0B,DC,42,00,00,34,42,
-1778190080904351,00000380,false,Rx,0,8,00,00,00,00,00,00,00,00,
-1778190080903373,00000381,false,Rx,0,8,05,00,80,3F,00,00,00,00,
-1778190080886432,00000180,false,Rx,0,8,0D,00,01,00,00,00,00,00,
-1778190080885500,00000280,false,Rx,0,8,DB,EC,27,40,35,C4,87,3D,
-1778190080884571,00000281,false,Rx,0,8,51,0B,DC,42,00,00,34,42,
-1778190080883542,00000380,false,Rx,0,8,00,00,00,00,00,00,00,00,
-1778190080882563,00000381,false,Rx,0,8,05,00,80,3F,00,00,00,00,
-1778190080863478,00000180,false,Rx,0,8,0D,00,01,00,00,00,00,00,
-1778190080862545,00000280,false,Rx,0,8,DB,EC,27,40,35,C4,87,3D,
-1778190080861617,00000281,false,Rx,0,8,51,0B,DC,42,00,00,34,42,
-1778190080860587,00000380,false,Rx,0,8,00,00,00,00,00,00,00,00,
-1778190080859608,00000381,false,Rx,0,8,05,00,80,3F,00,00,00,00,
-1778190080840515,00000180,false,Rx,0,8,0D,00,01,00,00,00,00,00,
-1778190080839586,00000280,false,Rx,0,8,DB,EC,27,40,35,C4,87,3D,
-1778190080838654,00000281,false,Rx,0,8,51,0B,DC,42,00,00,34,42,
-1778190080837628,00000380,false,Rx,0,8,00,00,00,00,00,00,00,00,
-1778190080836649,00000381,false,Rx,0,8,05,00,80,3F,00,00,00,00,
-1778190080817291,00000180,false,Rx,0,8,0D,00,01,00,00,00,00,00,
-1778190080816343,00000280,false,Rx,0,8,26,FC,22,40,FA,5F,89,3D,
-1778190080815410,00000281,false,Rx,0,8,51,0B,DC,42,00,00,34,42,
-1778190080814384,00000380,false,Rx,0,8,00,00,00,00,00,00,00,00,
-1778190080813406,00000381,false,Rx,0,8,05,00,80,3F,00,00,00,00,
-1778190080794370,00000180,false,Rx,0,8,0D,00,01,00,00,00,00,00,
-1778190080793422,00000280,false,Rx,0,8,26,FC,22,40,FA,5F,89,3D,
-1778190080792489,00000281,false,Rx,0,8,51,0B,DC,42,00,00,34,42,
-1778190080791463,00000380,false,Rx,0,8,00,00,00,00,00,00,00,00,
-1778190080790485,00000381,false,Rx,0,8,05,00,80,3F,00,00,00,00,
-1778190080773552,00000180,false,Rx,0,8,0D,00,01,00,00,00,00,00,
-1778190080772612,00000280,false,Rx,0,8,81,98,20,40,16,86,87,3D,
-1778190080771679,00000281,false,Rx,0,8,51,0B,DC,42,00,00,34,42,
-1778190080770653,00000380,false,Rx,0,8,00,00,00,00,00,00,00,00,
-1778190080769675,00000381,false,Rx,0,8,05,00,80,3F,00,00,00,00,
-1778190080750605,00000180,false,Rx,0,8,0D,00,01,00,00,00,00,00,
-1778190080749665,00000280,false,Rx,0,8,81,98,20,40,16,86,87,3D,
-1778190080748736,00000281,false,Rx,0,8,51,0B,DC,42,00,00,34,42,
-1778190080747706,00000380,false,Rx,0,8,00,00,00,00,00,00,00,00,
-1778190080746728,00000381,false,Rx,0,8,05,00,80,3F,00,00,00,00,
-1778190080729802,00000180,false,Rx,0,8,0D,00,01,00,00,00,00,00,
-1778190080728881,00000280,false,Rx,0,8,71,53,1E,40,F6,24,89,3D,
-1778190080727948,00000281,false,Rx,0,8,51,0B,DC,42,00,00,34,42,
-1778190080726919,00000380,false,Rx,0,8,00,00,00,00,00,00,00,00,
-1778190080725840,00000381,false,Rx,0,8,05,00,80,3F,00,00,00,00,
-1778190080709435,00000180,false,Rx,0,8,0D,00,01,00,00,00,00,00,
-1778190080708509,00000280,false,Rx,0,8,71,53,1E,40,F6,24,89,3D,
-1778190080707580,00000281,false,Rx,0,8,51,0B,DC,42,00,00,34,42,
-1778190080706551,00000380,false,Rx,0,8,00,00,00,00,00,00,00,00,
-1778190080705673,00000381,false,Rx,0,8,05,00,80,3F,00,00,00,00,
-1778190080686689,00000180,false,Rx,0,8,0D,00,01,00,00,00,00,00,
-1778190080685867,00000280,false,Rx,0,8,71,53,1E,40,F6,24,89,3D,
-1778190080684934,00000281,false,Rx,0,8,51,0B,DC,42,00,00,34,42,
-1778190080683907,00000380,false,Rx,0,8,00,00,00,00,00,00,00,00,
-1778190080682929,00000381,false,Rx,0,8,05,00,80,3F,00,00,00,00,
-1778190080663771,00000180,false,Rx,0,8,0D,00,01,00,00,00,00,00,
-1778190080662846,00000280,false,Rx,0,8,9B,DD,19,40,05,4E,87,3D,
-1778190080661914,00000281,false,Rx,0,8,51,0B,DC,42,00,00,34,42,
-1778190080660889,00000380,false,Rx,0,8,00,00,00,00,00,00,00,00,
-1778190080659909,00000381,false,Rx,0,8,05,00,80,3F,00,00,00,00,
-1778190080641032,00000180,false,Rx,0,8,0D,00,01,00,00,00,00,00,
-1778190080640107,00000280,false,Rx,0,8,9B,DD,19,40,05,4E,87,3D,
-1778190080639178,00000281,false,Rx,0,8,51,0B,DC,42,00,00,34,42,
-1778190080638149,00000380,false,Rx,0,8,00,00,00,00,00,00,00,00,
-1778190080637170,00000381,false,Rx,0,8,05,00,80,3F,00,00,00,00,
-1778190080620422,00000180,false,Rx,0,8,0D,00,01,00,00,00,00,00,
-1778190080619466,00000280,false,Rx,0,8,DD,A0,15,40,B3,EF,88,3D,
-1778190080618537,00000281,false,Rx,0,8,51,0B,DC,42,00,00,34,42,
-1778190080617508,00000380,false,Rx,0,8,00,00,00,00,00,00,00,00,
-1778190080616529,00000381,false,Rx,0,8,05,00,80,3F,00,00,00,00,
-1778190080597670,00000180,false,Rx,0,8,0D,00,01,00,00,00,00,00,
-1778190080596715,00000280,false,Rx,0,8,DD,A0,15,40,B3,EF,88,3D,
-1778190080595782,00000281,false,Rx,0,8,51,0B,DC,42,00,00,34,42,
-1778190080594756,00000380,false,Rx,0,8,00,00,00,00,00,00,00,00,
-1778190080593778,00000381,false,Rx,0,8,05,00,80,3F,00,00,00,00,
-1778190080574908,00000180,false,Rx,0,8,0D,00,01,00,00,00,00,00,
-1778190080573952,00000280,false,Rx,0,8,DD,A0,15,40,B3,EF,88,3D,
-1778190080573020,00000281,false,Rx,0,8,51,0B,DC,42,00,00,34,42,
-1778190080571994,00000380,false,Rx,0,8,00,00,00,00,00,00,00,00,
-1778190080571015,00000381,false,Rx,0,8,05,00,80,3F,00,00,00,00,
-1778190080554290,00000180,false,Rx,0,8,0D,00,01,00,00,00,00,00,
-1778190080553358,00000280,false,Rx,0,8,5B,9A,11,40,6C,1B,87,3D,
-1778190080552428,00000281,false,Rx,0,8,51,0B,DC,42,00,00,34,42,
-1778190080551399,00000380,false,Rx,0,8,00,00,00,00,00,00,00,00,
-1778190080550420,00000381,false,Rx,0,8,05,00,80,3F,00,00,00,00,
-1778190080531535,00000180,false,Rx,0,8,0D,00,01,00,00,00,00,00,
-1778190080530606,00000280,false,Rx,0,8,5B,9A,11,40,6C,1B,87,3D,
-1778190080529674,00000281,false,Rx,0,8,51,0B,DC,42,00,00,34,42,
-1778190080528648,00000380,false,Rx,0,8,00,00,00,00,00,00,00,00,
-1778190080527669,00000381,false,Rx,0,8,05,00,80,3F,00,00,00,00,
-1778190080510948,00000180,false,Rx,0,8,0D,00,01,00,00,00,00,00,
-1778190080509996,00000280,false,Rx,0,8,60,C7,0D,40,A2,BF,88,3D,
-1778190080509064,00000281,false,Rx,0,8,51,0B,DC,42,00,00,34,42,
-1778190080508035,00000380,false,Rx,0,8,00,00,00,00,00,00,00,00,
-1778190080507056,00000381,false,Rx,0,8,05,00,80,3F,00,00,00,00,
-1778190080486106,00000180,false,Rx,0,8,0D,00,01,00,00,00,00,00,
-1778190080485148,00000280,false,Rx,0,8,60,C7,0D,40,A2,BF,88,3D,
-1778190080484219,00000281,false,Rx,0,8,51,0B,DC,42,00,00,34,42,
-1778190080483191,00000380,false,Rx,0,8,00,00,00,00,00,00,00,00,
-1778190080482212,00000381,false,Rx,0,8,05,00,80,3F,00,00,00,00,
-1778190080465487,00000180,false,Rx,0,8,0D,00,01,00,00,00,00,00,
-1778190080464558,00000280,false,Rx,0,8,58,25,0A,40,C2,ED,86,3D,
-1778190080463626,00000281,false,Rx,0,8,51,0B,DC,42,00,00,34,42,
-1778190080462601,00000380,false,Rx,0,8,00,00,00,00,00,00,00,00,
-1778190080461621,00000381,false,Rx,0,8,05,00,80,3F,00,00,00,00,
-1778190080442744,00000180,false,Rx,0,8,0D,00,01,00,00,00,00,00,
-1778190080441811,00000280,false,Rx,0,8,58,25,0A,40,C2,ED,86,3D,
-1778190080440882,00000281,false,Rx,0,8,51,0B,DC,42,00,00,34,42,
-1778190080439854,00000380,false,Rx,0,8,00,00,00,00,00,00,00,00,
-1778190080438874,00000381,false,Rx,0,8,05,00,80,3F,00,00,00,00,
-1778190080419975,00000180,false,Rx,0,8,0D,00,01,00,00,00,00,00,
-1778190080419041,00000280,false,Rx,0,8,58,25,0A,40,C2,ED,86,3D,
-1778190080418109,00000281,false,Rx,0,8,51,0B,DC,42,00,00,34,42,
-1778190080417084,00000380,false,Rx,0,8,00,00,00,00,00,00,00,00,
-1778190080416104,00000381,false,Rx,0,8,05,00,80,3F,00,00,00,00,
-1778190080399364,00000180,false,Rx,0,8,0D,00,01,00,00,00,00,00,
-1778190080398416,00000280,false,Rx,0,8,D1,B1,06,40,40,94,88,3D,
-1778190080397487,00000281,false,Rx,0,8,51,0B,DC,42,00,00,34,42,
-1778190080396458,00000380,false,Rx,0,8,00,00,00,00,00,00,00,00,
-1778190080395479,00000381,false,Rx,0,8,05,00,80,3F,00,00,00,00,
-1778190080376637,00000180,false,Rx,0,8,0D,00,01,00,00,00,00,00,
-1778190080375689,00000280,false,Rx,0,8,D1,B1,06,40,40,94,88,3D,
-1778190080374756,00000281,false,Rx,0,8,51,0B,DC,42,00,00,34,42,
-1778190080373730,00000380,false,Rx,0,8,00,00,00,00,00,00,00,00,
-1778190080372752,00000381,false,Rx,0,8,05,00,80,3F,00,00,00,00,
-1778190080356007,00000180,false,Rx,0,8,0D,00,01,00,00,00,00,00,
-1778190080355086,00000280,false,Rx,0,8,76,6A,03,40,8B,C4,86,3D,
-1778190080354154,00000281,false,Rx,0,8,51,0B,DC,42,00,00,34,42,
-1778190080353128,00000380,false,Rx,0,8,00,00,00,00,00,00,00,00,
-1778190080352149,00000381,false,Rx,0,8,05,00,80,3F,00,00,00,00,
-1778190080331069,00000180,false,Rx,0,8,0D,00,01,00,00,00,00,00,
-1778190080330148,00000280,false,Rx,0,8,76,6A,03,40,8B,C4,86,3D,
-1778190080329216,00000281,false,Rx,0,8,51,0B,DC,42,00,00,34,42,
-1778190080328191,00000380,false,Rx,0,8,00,00,00,00,00,00,00,00,
-1778190080327211,00000381,false,Rx,0,8,05,00,80,3F,00,00,00,00,
-1778190080310456,00000180,false,Rx,0,8,0D,00,01,00,00,00,00,00,
-1778190080309499,00000280,false,Rx,0,8,13,4D,00,40,19,6D,88,3D,
-1778190080308566,00000281,false,Rx,0,8,51,0B,DC,42,00,00,34,42,
-1778190080307542,00000380,false,Rx,0,8,00,00,00,00,00,00,00,00,
-1778190080306661,00000381,false,Rx,0,8,05,00,80,3F,00,00,00,00,
-1778190080287731,00000180,false,Rx,0,8,0D,00,01,00,00,00,00,00,
-1778190080286780,00000280,false,Rx,0,8,13,4D,00,40,19,6D,88,3D,
-1778190080285947,00000281,false,Rx,0,8,51,0B,DC,42,00,00,34,42,
-1778190080284917,00000380,false,Rx,0,8,00,00,00,00,00,00,00,00,
-1778190080283938,00000381,false,Rx,0,8,05,00,80,3F,00,00,00,00,
-1778190080265257,00000180,false,Rx,0,8,0D,00,01,00,00,00,00,00,
-1778190080264302,00000280,false,Rx,0,8,13,4D,00,40,19,6D,88,3D,
-1778190080263369,00000281,false,Rx,0,8,51,0B,DC,42,00,00,34,42,
-1778190080262344,00000380,false,Rx,0,8,00,00,00,00,00,00,00,00,
-1778190080261365,00000381,false,Rx,0,8,05,00,80,3F,00,00,00,00,
-1778190080244631,00000180,false,Rx,0,8,0D,00,01,00,00,00,00,00,
-1778190080243676,00000280,false,Rx,0,8,1E,AF,FA,3F,5A,9F,86,3D,
-1778190080242743,00000281,false,Rx,0,8,51,0B,DC,42,00,00,34,42,
-1778190080241718,00000380,false,Rx,0,8,00,00,00,00,00,00,00,00,
-1778190080240739,00000381,false,Rx,0,8,05,00,80,3F,00,00,00,00,
-1778190080221901,00000180,false,Rx,0,8,0D,00,01,00,00,00,00,00,
-1778190080220949,00000280,false,Rx,0,8,1E,AF,FA,3F,5A,9F,86,3D,
-1778190080220016,00000281,false,Rx,0,8,51,0B,DC,42,00,00,34,42,
-1778190080218987,00000380,false,Rx,0,8,00,00,00,00,00,00,00,00,
-1778190080218009,00000381,false,Rx,0,8,05,00,80,3F,00,00,00,00,
-1778190080201275,00000180,false,Rx,0,8,0D,00,01,00,00,00,00,00,
-1778190080200346,00000280,false,Rx,0,8,D6,0F,F5,3F,B1,E8,84,3D,
-1778190080199413,00000281,false,Rx,0,8,51,0B,DC,42,00,00,34,42,
-1778190080198385,00000380,false,Rx,0,8,00,00,00,00,00,00,00,00,
-1778190080197405,00000381,false,Rx,0,8,05,00,80,3F,00,00,00,00,
-1778190080176153,00000180,false,Rx,0,8,0D,00,01,00,00,00,00,00,
-1778190080175225,00000280,false,Rx,0,8,D6,0F,F5,3F,B1,E8,84,3D,
-1778190080174291,00000281,false,Rx,0,8,51,0B,DC,42,00,00,34,42,
-1778190080173266,00000380,false,Rx,0,8,00,00,00,00,00,00,00,00,
-1778190080172288,00000381,false,Rx,0,8,05,00,80,3F,00,00,00,00,
-1778190080155721,00000180,false,Rx,0,8,0D,00,01,00,00,00,00,00,
-1778190080154808,00000280,false,Rx,0,8,85,B8,EF,3F,0A,A9,86,3D,
-1778190080153878,00000281,false,Rx,0,8,51,0B,DC,42,00,00,34,42,
-1778190080152849,00000380,false,Rx,0,8,00,00,00,00,00,00,00,00,
-1778190080151870,00000381,false,Rx,0,8,05,00,80,3F,00,00,00,00,
-1778190080135554,00000180,false,Rx,0,8,0D,00,01,00,00,00,00,00,
-1778190080134637,00000280,false,Rx,0,8,85,B8,EF,3F,0A,A9,86,3D,
-1778190080133708,00000281,false,Rx,0,8,51,0B,DC,42,00,00,34,42,
-1778190080132679,00000380,false,Rx,0,8,00,00,00,00,00,00,00,00,
-1778190080131700,00000381,false,Rx,0,8,05,00,80,3F,00,00,00,00,
-1778190080112831,00000180,false,Rx,0,8,0D,00,01,00,00,00,00,00,
-1778190080111918,00000280,false,Rx,0,8,85,B8,EF,3F,0A,A9,86,3D,
-1778190080110985,00000281,false,Rx,0,8,51,0B,DC,42,00,00,34,42,
-1778190080109960,00000380,false,Rx,0,8,00,00,00,00,00,00,00,00,
-1778190080108982,00000381,false,Rx,0,8,05,00,80,3F,00,00,00,00,
-1778190080092407,00000180,false,Rx,0,8,0D,00,01,00,00,00,00,00,
-1778190080091454,00000280,false,Rx,0,8,38,41,EF,3F,E5,F1,84,3D,
-1778190080090521,00000281,false,Rx,0,8,51,0B,DC,42,00,00,34,42,
-1778190080089492,00000380,false,Rx,0,8,00,00,00,00,00,00,00,00,
-1778190080088514,00000381,false,Rx,0,8,05,00,80,3F,00,00,00,00,
-1778190080069679,00000180,false,Rx,0,8,0D,00,01,00,00,00,00,00,
-1778190080068723,00000280,false,Rx,0,8,38,41,EF,3F,E5,F1,84,3D,
-1778190080067795,00000281,false,Rx,0,8,51,0B,DC,42,00,00,34,42,
-1778190080066866,00000380,false,Rx,0,8,00,00,00,00,00,00,00,00,
-1778190080065888,00000381,false,Rx,0,8,05,00,80,3F,00,00,00,00,
-1778190080049062,00000180,false,Rx,0,8,0D,00,01,00,00,00,00,00,
-1778190080048141,00000280,false,Rx,0,8,3B,34,EA,3F,C8,B1,86,3D,
-1778190080047208,00000281,false,Rx,0,8,51,0B,DC,42,00,00,34,42,
-1778190080046279,00000380,false,Rx,0,8,00,00,00,00,00,00,00,00,
-1778190080045302,00000381,false,Rx,0,8,05,00,80,3F,00,00,00,00,
-1778190080026434,00000180,false,Rx,0,8,0D,00,01,00,00,00,00,00,
-1778190080025509,00000280,false,Rx,0,8,3B,34,EA,3F,C8,B1,86,3D,
-1778190080024579,00000281,false,Rx,0,8,51,0B,DC,42,00,00,34,42,
-1778190080023551,00000380,false,Rx,0,8,00,00,00,00,00,00,00,00,
-1778190080022572,00000381,false,Rx,0,8,05,00,80,3F,00,00,00,00,
-1778190080001230,00000180,false,Rx,0,8,0D,00,01,00,00,00,00,00,
-1778190080000309,00000280,false,Rx,0,8,3B,34,EA,3F,C8,B1,86,3D,
-1778190079999376,00000281,false,Rx,0,8,51,0B,DC,42,00,00,34,42,
-1778190079998351,00000380,false,Rx,0,8,00,00,00,00,00,00,00,00,
-1778190079997372,00000381,false,Rx,0,8,05,00,80,3F,00,00,00,00,
-1778190079980628,00000180,false,Rx,0,8,0D,00,01,00,00,00,00,00,
-1778190079979700,00000280,false,Rx,0,8,E5,67,E5,3F,33,FA,84,3D,
-1778190079978767,00000281,false,Rx,0,8,51,0B,DC,42,00,00,34,42,
-1778190079977741,00000380,false,Rx,0,8,00,00,00,00,00,00,00,00,
-1778190079976759,00000381,false,Rx,0,8,05,00,80,3F,00,00,00,00,
-1778190079957891,00000180,false,Rx,0,8,0D,00,01,00,00,00,00,00,
-1778190079956961,00000280,false,Rx,0,8,E5,67,E5,3F,33,FA,84,3D,
-1778190079956028,00000281,false,Rx,0,8,51,0B,DC,42,00,00,34,42,
-1778190079955004,00000380,false,Rx,0,8,00,00,00,00,00,00,00,00,
-1778190079954024,00000381,false,Rx,0,8,05,00,80,3F,00,00,00,00,
-1778190079937276,00000180,false,Rx,0,8,0D,00,01,00,00,00,00,00,
-1778190079936336,00000280,false,Rx,0,8,FA,D8,E0,3F,AC,B9,86,3D,
-1778190079935403,00000281,false,Rx,0,8,51,0B,DC,42,00,00,34,42,
-1778190079934378,00000380,false,Rx,0,8,00,00,00,00,00,00,00,00,
-1778190079933399,00000381,false,Rx,0,8,05,00,80,3F,00,00,00,00,
-1778190079914538,00000180,false,Rx,0,8,0D,00,01,00,00,00,00,00,
-1778190079913602,00000280,false,Rx,0,8,FA,D8,E0,3F,AC,B9,86,3D,
-1778190079912669,00000281,false,Rx,0,8,51,0B,DC,42,00,00,34,42,
-1778190079911640,00000380,false,Rx,0,8,00,00,00,00,00,00,00,00,
-1778190079910661,00000381,false,Rx,0,8,05,00,80,3F,00,00,00,00,
-1778190079893929,00000180,false,Rx,0,8,0D,00,01,00,00,00,00,00,
-1778190079892981,00000280,false,Rx,0,8,0D,20,E1,3F,B2,01,85,3D,
-1778190079892052,00000281,false,Rx,0,8,51,0B,DC,42,00,00,34,42,
-1778190079891022,00000380,false,Rx,0,8,00,00,00,00,00,00,00,00,
-1778190079890044,00000381,false,Rx,0,8,05,00,80,3F,00,00,00,00,
-1778190079871191,00000180,false,Rx,0,8,0D,00,01,00,00,00,00,00,
-1778190079870247,00000280,false,Rx,0,8,0D,20,E1,3F,B2,01,85,3D,
-1778190079869313,00000281,false,Rx,0,8,51,0B,DC,42,00,00,34,42,
-1778190079868284,00000380,false,Rx,0,8,00,00,00,00,00,00,00,00,
-1778190079867407,00000381,false,Rx,0,8,05,00,80,3F,00,00,00,00,
-1778190079846316,00000180,false,Rx,0,8,0D,00,01,00,00,00,00,00,
-1778190079845368,00000280,false,Rx,0,8,0D,20,E1,3F,B2,01,85,3D,
-1778190079844439,00000281,false,Rx,0,8,51,0B,DC,42,00,00,34,42,
-1778190079843410,00000380,false,Rx,0,8,00,00,00,00,00,00,00,00,
-1778190079842431,00000381,false,Rx,0,8,05,00,80,3F,00,00,00,00,
-1778190079825699,00000180,false,Rx,0,8,0D,00,01,00,00,00,00,00,
-1778190079824766,00000280,false,Rx,0,8,ED,C7,DC,3F,CA,C0,86,3D,
-1778190079823838,00000281,false,Rx,0,8,51,0B,DC,42,00,00,34,42,
-1778190079822808,00000380,false,Rx,0,8,00,00,00,00,00,00,00,00,
-1778190079821829,00000381,false,Rx,0,8,05,00,80,3F,00,00,00,00,
-1778190079802967,00000180,false,Rx,0,8,0D,00,01,00,00,00,00,00,
-1778190079802039,00000280,false,Rx,0,8,ED,C7,DC,3F,CA,C0,86,3D,
-1778190079801106,00000281,false,Rx,0,8,51,0B,DC,42,00,00,34,42,
-1778190079800080,00000380,false,Rx,0,8,00,00,00,00,00,00,00,00,
-1778190079799102,00000381,false,Rx,0,8,05,00,80,3F,00,00,00,00,
-1778190079782351,00000180,false,Rx,0,8,0D,00,01,00,00,00,00,00,
-1778190079781414,00000280,false,Rx,0,8,68,A7,D8,3F,75,08,85,3D,
-1778190079780482,00000281,false,Rx,0,8,51,0B,DC,42,00,00,34,42,
-1778190079779456,00000380,false,Rx,0,8,00,00,00,00,00,00,00,00,
-1778190079778477,00000381,false,Rx,0,8,05,00,80,3F,00,00,00,00,
-1778190079759586,00000180,false,Rx,0,8,0D,00,01,00,00,00,00,00,
-1778190079758645,00000280,false,Rx,0,8,68,A7,D8,3F,75,08,85,3D,
-1778190079757712,00000281,false,Rx,0,8,51,0B,DC,42,00,00,34,42,
-1778190079756687,00000380,false,Rx,0,8,00,00,00,00,00,00,00,00,
-1778190079755709,00000381,false,Rx,0,8,05,00,80,3F,00,00,00,00,
-1778190079739007,00000180,false,Rx,0,8,0D,00,01,00,00,00,00,00,
-1778190079738082,00000280,false,Rx,0,8,B6,BB,D4,3F,37,C7,86,3D,
-1778190079737153,00000281,false,Rx,0,8,51,0B,DC,42,00,00,34,42,
-1778190079736124,00000380,false,Rx,0,8,00,00,00,00,00,00,00,00,
-1778190079735145,00000381,false,Rx,0,8,05,00,80,3F,00,00,00,00,
-1778190079716300,00000180,false,Rx,0,8,0D,00,01,00,00,00,00,00,
-1778190079715379,00000280,false,Rx,0,8,B6,BB,D4,3F,37,C7,86,3D,
-1778190079714446,00000281,false,Rx,0,8,51,0B,DC,42,00,00,34,42,
-1778190079713421,00000380,false,Rx,0,8,00,00,00,00,00,00,00,00,
-1778190079712442,00000381,false,Rx,0,8,05,00,80,3F,00,00,00,00,
-1778190079691262,00000180,false,Rx,0,8,0D,00,01,00,00,00,00,00,
-1778190079690338,00000280,false,Rx,0,8,B6,BB,D4,3F,37,C7,86,3D,
-1778190079689409,00000281,false,Rx,0,8,51,0B,DC,42,00,00,34,42,
-1778190079688380,00000380,false,Rx,0,8,00,00,00,00,00,00,00,00,
-1778190079687500,00000381,false,Rx,0,8,05,00,80,3F,00,00,00,00,
-1778190079670674,00000180,false,Rx,0,8,0D,00,01,00,00,00,00,00,
-1778190079669746,00000280,false,Rx,0,8,33,02,D1,3F,8F,0E,85,3D,
-1778190079668813,00000281,false,Rx,0,8,51,0B,DC,42,00,00,34,42,
-1778190079667785,00000380,false,Rx,0,8,00,00,00,00,00,00,00,00,
-1778190079666705,00000381,false,Rx,0,8,05,00,80,3F,00,00,00,00,
-1778190079647754,00000180,false,Rx,0,8,0D,00,01,00,00,00,00,00,
-1778190079646723,00000280,false,Rx,0,8,33,02,D1,3F,8F,0E,85,3D,
-1778190079645790,00000281,false,Rx,0,8,51,0B,DC,42,00,00,34,42,
-1778190079644764,00000380,false,Rx,0,8,00,00,00,00,00,00,00,00,
-1778190079643786,00000381,false,Rx,0,8,05,00,80,3F,00,00,00,00,
-1778190079626829,00000180,false,Rx,0,8,0D,00,01,00,00,00,00,00,
-1778190079625891,00000280,false,Rx,0,8,5E,78,CD,3F,03,CD,86,3D,
-1778190079624959,00000281,false,Rx,0,8,51,0B,DC,42,00,00,34,42,
-1778190079623933,00000380,false,Rx,0,8,00,00,00,00,00,00,00,00,
-1778190079622954,00000381,false,Rx,0,8,05,00,80,3F,00,00,00,00,
-1778190079603884,00000180,false,Rx,0,8,0D,00,01,00,00,00,00,00,
-1778190079602948,00000280,false,Rx,0,8,5E,78,CD,3F,03,CD,86,3D,
-1778190079602015,00000281,false,Rx,0,8,51,0B,DC,42,00,00,34,42,
-1778190079600987,00000380,false,Rx,0,8,00,00,00,00,00,00,00,00,
-1778190079600007,00000381,false,Rx,0,8,05,00,80,3F,00,00,00,00,
-1778190079583075,00000180,false,Rx,0,8,0D,00,01,00,00,00,00,00,
-1778190079582154,00000280,false,Rx,0,8,D3,1B,CA,3F,12,14,85,3D,
-1778190079581221,00000281,false,Rx,0,8,51,0B,DC,42,00,00,34,42,
-1778190079580196,00000380,false,Rx,0,8,00,00,00,00,00,00,00,00,
-1778190079579213,00000381,false,Rx,0,8,05,00,80,3F,00,00,00,00,
-1778190079562706,00000180,false,Rx,0,8,0D,00,01,00,00,00,00,00,
-1778190079561785,00000280,false,Rx,0,8,D3,1B,CA,3F,12,14,85,3D,
-1778190079560852,00000281,false,Rx,0,8,51,0B,DC,42,00,00,34,42,
-1778190079559827,00000380,false,Rx,0,8,00,00,00,00,00,00,00,00,
-1778190079558848,00000381,false,Rx,0,8,05,00,80,3F,00,00,00,00,
-1778190079539779,00000180,false,Rx,0,8,0D,00,01,00,00,00,00,00,
-1778190079538854,00000280,false,Rx,0,8,D3,1B,CA,3F,12,14,85,3D,
-1778190079537924,00000281,false,Rx,0,8,51,0B,DC,42,00,00,34,42,
-1778190079536896,00000380,false,Rx,0,8,00,00,00,00,00,00,00,00,
-1778190079535917,00000381,false,Rx,0,8,05,00,80,3F,00,00,00,00,
-1778190079516563,00000180,false,Rx,0,8,0D,00,01,00,00,00,00,00,
-1778190079515622,00000280,false,Rx,0,8,4F,EA,C6,3F,3F,D2,86,3D,
-1778190079514689,00000281,false,Rx,0,8,51,0B,DC,42,00,00,34,42,
-1778190079513665,00000380,false,Rx,0,8,00,00,00,00,00,00,00,00,
-1778190079512686,00000381,false,Rx,0,8,05,00,80,3F,00,00,00,00,
-1778190079493608,00000180,false,Rx,0,8,0D,00,01,00,00,00,00,00,
-1778190079492668,00000280,false,Rx,0,8,4F,EA,C6,3F,3F,D2,86,3D,
-1778190079491736,00000281,false,Rx,0,8,51,0B,DC,42,00,00,34,42,
-1778190079490711,00000380,false,Rx,0,8,00,00,00,00,00,00,00,00,
-1778190079489731,00000381,false,Rx,0,8,05,00,80,3F,00,00,00,00,
-1778190079472815,00000180,false,Rx,0,8,0D,00,01,00,00,00,00,00,
-1778190079471875,00000280,false,Rx,0,8,AB,E1,C3,3F,0A,19,85,3D,
-1778190079470946,00000281,false,Rx,0,8,51,0B,DC,42,00,00,34,42,
-1778190079469917,00000380,false,Rx,0,8,00,00,00,00,00,00,00,00,
-1778190079468937,00000381,false,Rx,0,8,05,00,80,3F,00,00,00,00,
-1778190079449857,00000180,false,Rx,0,8,0D,00,01,00,00,00,00,00,
-1778190079448917,00000280,false,Rx,0,8,AB,E1,C3,3F,0A,19,85,3D,
-1778190079447984,00000281,false,Rx,0,8,51,0B,DC,42,00,00,34,42,
-1778190079446958,00000380,false,Rx,0,8,00,00,00,00,00,00,00,00,
-1778190079445980,00000381,false,Rx,0,8,05,00,80,3F,00,00,00,00,
-1778190079426910,00000180,false,Rx,0,8,0D,00,01,00,00,00,00,00,
-1778190079425970,00000280,false,Rx,0,8,AB,E1,C3,3F,0A,19,85,3D,
-1778190079424939,00000281,false,Rx,0,8,51,0B,DC,42,00,00,34,42,
-1778190079423914,00000380,false,Rx,0,8,00,00,00,00,00,00,00,00,
-1778190079422935,00000381,false,Rx,0,8,05,00,80,3F,00,00,00,00,
-1778190079406277,00000180,false,Rx,0,8,0D,00,01,00,00,00,00,00,
-1778190079405228,00000280,false,Rx,0,8,DC,FF,C0,3F,F8,D6,86,3D,
-1778190079404300,00000281,false,Rx,0,8,51,0B,DC,42,00,00,34,42,
-1778190079403272,00000380,false,Rx,0,8,00,00,00,00,00,00,00,00,
-1778190079402291,00000381,false,Rx,0,8,05,00,80,3F,00,00,00,00,
-1778190079383255,00000180,false,Rx,0,8,0D,00,01,00,00,00,00,00,
-1778190079382311,00000280,false,Rx,0,8,DC,FF,C0,3F,F8,D6,86,3D,
-1778190079381379,00000281,false,Rx,0,8,51,0B,DC,42,00,00,34,42,
-1778190079380353,00000380,false,Rx,0,8,00,00,00,00,00,00,00,00,
-1778190079379370,00000381,false,Rx,0,8,05,00,80,3F,00,00,00,00,
-1778190079360425,00000180,false,Rx,0,8,0D,00,01,00,00,00,00,00,
-1778190079359500,00000280,false,Rx,0,8,F1,42,BE,3F,87,1D,85,3D,
-1778190079358572,00000281,false,Rx,0,8,51,0B,DC,42,00,00,34,42,
-1778190079357542,00000380,false,Rx,0,8,00,00,00,00,00,00,00,00,
-1778190079356563,00000381,false,Rx,0,8,05,00,80,3F,00,00,00,00,
-1778190079337502,00000180,false,Rx,0,8,0D,00,01,00,00,00,00,00,
-1778190079336580,00000280,false,Rx,0,8,F1,42,BE,3F,87,1D,85,3D,
-1778190079335647,00000281,false,Rx,0,8,51,0B,DC,42,00,00,34,42,
-1778190079334622,00000380,false,Rx,0,8,00,00,00,00,00,00,00,00,
-1778190079333643,00000381,false,Rx,0,8,05,00,80,3F,00,00,00,00,
-1778190079316684,00000180,false,Rx,0,8,0D,00,01,00,00,00,00,00,
-1778190079315755,00000280,false,Rx,0,8,12,A9,BB,3F,3B,DB,86,3D,
-1778190079314823,00000281,false,Rx,0,8,51,0B,DC,42,00,00,34,42,
-1778190079313798,00000380,false,Rx,0,8,00,00,00,00,00,00,00,00,
-1778190079312818,00000381,false,Rx,0,8,05,00,80,3F,00,00,00,00,
-1778190079293741,00000180,false,Rx,0,8,0D,00,01,00,00,00,00,00,
-1778190079292809,00000280,false,Rx,0,8,12,A9,BB,3F,3B,DB,86,3D,
-1778190079291880,00000281,false,Rx,0,8,51,0B,DC,42,00,00,34,42,
-1778190079290851,00000380,false,Rx,0,8,00,00,00,00,00,00,00,00,
-1778190079289872,00000381,false,Rx,0,8,05,00,80,3F,00,00,00,00,
-1778190079270772,00000180,false,Rx,0,8,0D,00,01,00,00,00,00,00,
-1778190079269839,00000280,false,Rx,0,8,12,A9,BB,3F,3B,DB,86,3D,
-1778190079268911,00000281,false,Rx,0,8,51,0B,DC,42,00,00,34,42,
-1778190079267882,00000380,false,Rx,0,8,00,00,00,00,00,00,00,00,
-1778190079266902,00000381,false,Rx,0,8,05,00,80,3F,00,00,00,00,
-1778190079249954,00000180,false,Rx,0,8,0D,00,01,00,00,00,00,00,
-1778190079249029,00000280,false,Rx,0,8,7E,30,B9,3F,93,21,85,3D,
-1778190079248101,00000281,false,Rx,0,8,51,0B,DC,42,00,00,34,42,
-1778190079247071,00000380,false,Rx,0,8,00,00,00,00,00,00,00,00,
-1778190079246093,00000381,false,Rx,0,8,05,00,80,3F,00,00,00,00,
-1778190079227008,00000180,false,Rx,0,8,0D,00,01,00,00,00,00,00,
-1778190079226087,00000280,false,Rx,0,8,7E,30,B9,3F,93,21,85,3D,
-1778190079225154,00000281,false,Rx,0,8,51,0B,DC,42,00,00,34,42,
-1778190079224130,00000380,false,Rx,0,8,00,00,00,00,00,00,00,00,
-1778190079223051,00000381,false,Rx,0,8,05,00,80,3F,00,00,00,00,
-1778190079203692,00000180,false,Rx,0,8,0D,00,01,00,00,00,00,00,
-1778190079202767,00000280,false,Rx,0,8,8B,D7,B6,3F,14,DF,86,3D,
-1778190079201836,00000281,false,Rx,0,8,51,0B,DC,42,00,00,34,42,
-1778190079200811,00000380,false,Rx,0,8,00,00,00,00,00,00,00,00,
-1778190079199831,00000381,false,Rx,0,8,05,00,80,3F,00,00,00,00,
-1778190079180746,00000180,false,Rx,0,8,0D,00,01,00,00,00,00,00,
-1778190079179821,00000280,false,Rx,0,8,8B,D7,B6,3F,14,DF,86,3D,
-1778190079178892,00000281,false,Rx,0,8,51,0B,DC,42,00,00,34,42,
-1778190079177864,00000380,false,Rx,0,8,00,00,00,00,00,00,00,00,
-1778190079176889,00000381,false,Rx,0,8,05,00,80,3F,00,00,00,00,
-1778190079159945,00000180,false,Rx,0,8,0D,00,01,00,00,00,00,00,
-1778190079159031,00000280,false,Rx,0,8,A4,9C,B4,3F,3B,25,85,3D,
-1778190079158099,00000281,false,Rx,0,8,51,0B,DC,42,00,00,34,42,
-1778190079157073,00000380,false,Rx,0,8,00,00,00,00,00,00,00,00,
-1778190079156094,00000381,false,Rx,0,8,05,00,80,3F,00,00,00,00,
-1778190079139578,00000180,false,Rx,0,8,0D,00,01,00,00,00,00,00,
-1778190079138665,00000280,false,Rx,0,8,A4,9C,B4,3F,3B,25,85,3D,
-1778190079137732,00000281,false,Rx,0,8,51,0B,DC,42,00,00,34,42,
-1778190079136706,00000380,false,Rx,0,8,00,00,00,00,00,00,00,00,
-1778190079135728,00000381,false,Rx,0,8,05,00,80,3F,00,00,00,00,
-1778190079116631,00000180,false,Rx,0,8,0D,00,01,00,00,00,00,00,
-1778190079115718,00000280,false,Rx,0,8,A4,9C,B4,3F,3B,25,85,3D,
-1778190079114786,00000281,false,Rx,0,8,51,0B,DC,42,00,00,34,42,
-1778190079113761,00000380,false,Rx,0,8,00,00,00,00,00,00,00,00,
-1778190079112782,00000381,false,Rx,0,8,05,00,80,3F,00,00,00,00,
-1778190079095841,00000180,false,Rx,0,8,0D,00,01,00,00,00,00,00,
-1778190079094916,00000280,false,Rx,0,8,49,7E,B2,3F,8D,E2,86,3D,
-1778190079093983,00000281,false,Rx,0,8,51,0B,DC,42,00,00,34,42,
-1778190079092958,00000380,false,Rx,0,8,00,00,00,00,00,00,00,00,
-1778190079091979,00000381,false,Rx,0,8,05,00,80,3F,00,00,00,00,
-1778190079072909,00000180,false,Rx,0,8,0D,00,01,00,00,00,00,00,
-1778190079071984,00000280,false,Rx,0,8,49,7E,B2,3F,8D,E2,86,3D,
-1778190079071056,00000281,false,Rx,0,8,51,0B,DC,42,00,00,34,42,
-1778190079070031,00000380,false,Rx,0,8,00,00,00,00,00,00,00,00,
-1778190079069047,00000381,false,Rx,0,8,05,00,80,3F,00,00,00,00,
-1778190079049674,00000180,false,Rx,0,8,0D,00,01,00,00,00,00,00,
-1778190079048737,00000280,false,Rx,0,8,0C,7B,B0,3F,87,28,85,3D,
-1778190079047804,00000281,false,Rx,0,8,51,0B,DC,42,00,00,34,42,
-1778190079046779,00000380,false,Rx,0,8,00,00,00,00,00,00,00,00,
-1778190079045800,00000381,false,Rx,0,8,05,00,80,3F,00,00,00,00,
-1778190079026746,00000180,false,Rx,0,8,0D,00,01,00,00,00,00,00,
-1778190079025806,00000280,false,Rx,0,8,0C,7B,B0,3F,87,28,85,3D,
-1778190079024877,00000281,false,Rx,0,8,51,0B,DC,42,00,00,34,42,
-1778190079023848,00000380,false,Rx,0,8,00,00,00,00,00,00,00,00,
-1778190079022869,00000381,false,Rx,0,8,05,00,80,3F,00,00,00,00,
-1778190079005704,00000180,false,Rx,0,8,0D,00,01,00,00,00,00,00,
-1778190079004790,00000280,false,Rx,0,8,92,91,AE,3F,AE,E5,86,3D,
-1778190079003858,00000281,false,Rx,0,8,51,0B,DC,42,00,00,34,42,
-1778190079002832,00000380,false,Rx,0,8,00,00,00,00,00,00,00,00,
-1778190079001751,00000381,false,Rx,0,8,05,00,80,3F,00,00,00,00,
-1778190078985360,00000180,false,Rx,0,8,0D,00,01,00,00,00,00,00,
-1778190078984447,00000280,false,Rx,0,8,92,91,AE,3F,AE,E5,86,3D,
-1778190078983513,00000281,false,Rx,0,8,51,0B,DC,42,00,00,34,42,
-1778190078982488,00000380,false,Rx,0,8,00,00,00,00,00,00,00,00,
-1778190078981409,00000381,false,Rx,0,8,05,00,80,3F,00,00,00,00,
-1778190078962423,00000180,false,Rx,0,8,0D,00,01,00,00,00,00,00,
-1778190078961410,00000280,false,Rx,0,8,92,91,AE,3F,AE,E5,86,3D,
-1778190078960477,00000281,false,Rx,0,8,51,0B,DC,42,00,00,34,42,
-1778190078959449,00000380,false,Rx,0,8,00,00,00,00,00,00,00,00,
-1778190078958472,00000381,false,Rx,0,8,05,00,80,3F,00,00,00,00,
-1778190078941512,00000180,false,Rx,0,8,0D,00,01,00,00,00,00,00,
-1778190078940564,00000280,false,Rx,0,8,91,C0,AC,3F,94,8C,88,3D,
-1778190078939634,00000281,false,Rx,0,8,51,0B,DC,42,00,00,34,42,
-1778190078938608,00000380,false,Rx,0,8,00,00,00,00,00,00,00,00,
-1778190078937626,00000381,false,Rx,0,8,05,00,80,3F,00,00,00,00,
-1778190078918591,00000180,false,Rx,0,8,0D,00,01,00,00,00,00,00,
-1778190078917644,00000280,false,Rx,0,8,91,C0,AC,3F,94,8C,88,3D,
-1778190078916711,00000281,false,Rx,0,8,51,0B,DC,42,00,00,34,42,
-1778190078915686,00000380,false,Rx,0,8,00,00,00,00,00,00,00,00,
-1778190078914707,00000381,false,Rx,0,8,05,00,80,3F,00,00,00,00,
-1778190078897966,00000180,false,Rx,0,8,0D,00,01,00,00,00,00,00,
-1778190078897041,00000280,false,Rx,0,8,D0,06,AB,3F,42,BD,86,3D,
-1778190078896113,00000281,false,Rx,0,8,51,0B,DC,42,00,00,34,42,
-1778190078895084,00000380,false,Rx,0,8,00,00,00,00,00,00,00,00,
-1778190078894104,00000381,false,Rx,0,8,05,00,80,3F,00,00,00,00,
-1778190078872822,00000180,false,Rx,0,8,0D,00,01,00,00,00,00,00,
-1778190078871897,00000280,false,Rx,0,8,D0,06,AB,3F,42,BD,86,3D,
-1778190078870968,00000281,false,Rx,0,8,51,0B,DC,42,00,00,34,42,
-1778190078869939,00000380,false,Rx,0,8,00,00,00,00,00,00,00,00,
-1778190078868960,00000381,false,Rx,0,8,05,00,80,3F,00,00,00,00,
-1778190078849860,00000180,false,Rx,0,8,0D,00,01,00,00,00,00,00,
-1778190078848935,00000280,false,Rx,0,8,D0,06,AB,3F,42,BD,86,3D,
-1778190078848006,00000281,false,Rx,0,8,51,0B,DC,42,00,00,34,42,
-1778190078846980,00000380,false,Rx,0,8,00,00,00,00,00,00,00,00,
-1778190078846001,00000381,false,Rx,0,8,05,00,80,3F,00,00,00,00,
-1778190078829226,00000180,false,Rx,0,8,0D,00,01,00,00,00,00,00,
-1778190078828290,00000280,false,Rx,0,8,26,63,A9,3F,2D,66,88,3D,
-1778190078827357,00000281,false,Rx,0,8,51,0B,DC,42,00,00,34,42,
-1778190078826332,00000380,false,Rx,0,8,00,00,00,00,00,00,00,00,
-1778190078825353,00000381,false,Rx,0,8,05,00,80,3F,00,00,00,00,
-1778190078806276,00000180,false,Rx,0,8,0D,00,01,00,00,00,00,00,
-1778190078805336,00000280,false,Rx,0,8,26,63,A9,3F,2D,66,88,3D,
-1778190078804403,00000281,false,Rx,0,8,51,0B,DC,42,00,00,34,42,
-1778190078803377,00000380,false,Rx,0,8,00,00,00,00,00,00,00,00,
-1778190078802399,00000381,false,Rx,0,8,05,00,80,3F,00,00,00,00,
-1778190078785480,00000180,false,Rx,0,8,0D,00,01,00,00,00,00,00,
-1778190078784548,00000280,false,Rx,0,8,77,D4,A7,3F,C6,98,86,3D,
-1778190078783619,00000281,false,Rx,0,8,51,0B,DC,42,00,00,34,42,
-1778190078782589,00000380,false,Rx,0,8,00,00,00,00,00,00,00,00,
-1778190078781611,00000381,false,Rx,0,8,05,00,80,3F,00,00,00,00,
-1778190078762534,00000180,false,Rx,0,8,0D,00,01,00,00,00,00,00,
-1778190078761601,00000280,false,Rx,0,8,77,D4,A7,3F,C6,98,86,3D,
-1778190078760672,00000281,false,Rx,0,8,51,0B,DC,42,00,00,34,42,
-1778190078759542,00000380,false,Rx,0,8,00,00,00,00,00,00,00,00,
-1778190078758565,00000381,false,Rx,0,8,05,00,80,3F,00,00,00,00,
-1778190078741722,00000180,false,Rx,0,8,0D,00,01,00,00,00,00,00,
-1778190078740786,00000280,false,Rx,0,8,B7,59,A6,3F,84,43,88,3D,
-1778190078739754,00000281,false,Rx,0,8,51,0B,DC,42,00,00,34,42,
-1778190078738729,00000380,false,Rx,0,8,00,00,00,00,00,00,00,00,
-1778190078737749,00000381,false,Rx,0,8,05,00,80,3F,00,00,00,00,
-1778190078716280,00000180,false,Rx,0,8,0D,00,01,00,00,00,00,00,
-1778190078715339,00000280,false,Rx,0,8,B7,59,A6,3F,84,43,88,3D,
-1778190078714407,00000281,false,Rx,0,8,51,0B,DC,42,00,00,34,42,
-1778190078713381,00000380,false,Rx,0,8,00,00,00,00,00,00,00,00,
-1778190078712402,00000381,false,Rx,0,8,05,00,80,3F,00,00,00,00,
-1778190078693325,00000180,false,Rx,0,8,0D,00,01,00,00,00,00,00,
-1778190078692384,00000280,false,Rx,0,8,B7,59,A6,3F,84,43,88,3D,
-1778190078691456,00000281,false,Rx,0,8,51,0B,DC,42,00,00,34,42,
-1778190078690426,00000380,false,Rx,0,8,00,00,00,00,00,00,00,00,
-1778190078689447,00000381,false,Rx,0,8,05,00,80,3F,00,00,00,00,
-1778190078672700,00000180,false,Rx,0,8,0D,00,01,00,00,00,00,00,
-1778190078671779,00000280,false,Rx,0,8,E7,F1,A4,3F,D9,77,86,3D,
-1778190078670846,00000281,false,Rx,0,8,51,0B,DC,42,00,00,34,42,
-1778190078669821,00000380,false,Rx,0,8,00,00,00,00,00,00,00,00,
-1778190078668838,00000381,false,Rx,0,8,05,00,80,3F,00,00,00,00,
-1778190078649746,00000180,false,Rx,0,8,0D,00,01,00,00,00,00,00,
-1778190078648824,00000280,false,Rx,0,8,E7,F1,A4,3F,D9,77,86,3D,
-1778190078647891,00000281,false,Rx,0,8,51,0B,DC,42,00,00,34,42,
-1778190078646866,00000380,false,Rx,0,8,00,00,00,00,00,00,00,00,
-1778190078645886,00000381,false,Rx,0,8,05,00,80,3F,00,00,00,00,
-1778190078629143,00000180,false,Rx,0,8,0D,00,01,00,00,00,00,00,
-1778190078628205,00000280,false,Rx,0,8,15,9C,A3,3F,3D,24,88,3D,
-1778190078627273,00000281,false,Rx,0,8,51,0B,DC,42,00,00,34,42,
-1778190078626244,00000380,false,Rx,0,8,00,00,00,00,00,00,00,00,
-1778190078625265,00000381,false,Rx,0,8,05,00,80,3F,00,00,00,00,
-1778190078606423,00000180,false,Rx,0,8,0D,00,01,00,00,00,00,00,
-1778190078605482,00000280,false,Rx,0,8,15,9C,A3,3F,3D,24,88,3D,
-1778190078604549,00000281,false,Rx,0,8,51,0B,DC,42,00,00,34,42,
-1778190078603525,00000380,false,Rx,0,8,00,00,00,00,00,00,00,00,
-1778190078602545,00000381,false,Rx,0,8,05,00,80,3F,00,00,00,00,
-1778190078585989,00000180,false,Rx,0,8,0D,00,01,00,00,00,00,00,
-1778190078585075,00000280,false,Rx,0,8,5A,57,A2,3F,22,5A,86,3D,
-1778190078584143,00000281,false,Rx,0,8,51,0B,DC,42,00,00,34,42,
-1778190078583118,00000380,false,Rx,0,8,00,00,00,00,00,00,00,00,
-1778190078582138,00000381,false,Rx,0,8,05,00,80,3F,00,00,00,00,
-1778190078563412,00000180,false,Rx,0,8,0D,00,01,00,00,00,00,00,
-1778190078562498,00000280,false,Rx,0,8,5A,57,A2,3F,22,5A,86,3D,
-1778190078561566,00000281,false,Rx,0,8,51,0B,DC,42,00,00,34,42,
-1778190078560540,00000380,false,Rx,0,8,00,00,00,00,00,00,00,00,
-1778190078559561,00000381,false,Rx,0,8,05,00,80,3F,00,00,00,00,
-1778190078540681,00000180,false,Rx,0,8,0D,00,01,00,00,00,00,00,
-1778190078539768,00000280,false,Rx,0,8,5A,57,A2,3F,22,5A,86,3D,
-1778190078538936,00000281,false,Rx,0,8,51,0B,DC,42,00,00,34,42,
-1778190078537907,00000380,false,Rx,0,8,00,00,00,00,00,00,00,00,
-1778190078536928,00000381,false,Rx,0,8,05,00,80,3F,00,00,00,00,
-1778190078520073,00000180,false,Rx,0,8,0D,00,01,00,00,00,00,00,
-1778190078519225,00000280,false,Rx,0,8,DC,22,A1,3F,02,08,88,3D,
-1778190078518296,00000281,false,Rx,0,8,51,0B,DC,42,00,00,34,42,
-1778190078517268,00000380,false,Rx,0,8,00,00,00,00,00,00,00,00,
-1778190078516288,00000381,false,Rx,0,8,05,00,80,3F,00,00,00,00,
-1778190078497459,00000180,false,Rx,0,8,0D,00,01,00,00,00,00,00,
-1778190078496514,00000280,false,Rx,0,8,DC,22,A1,3F,02,08,88,3D,
-1778190078495582,00000281,false,Rx,0,8,51,0B,DC,42,00,00,34,42,
-1778190078494556,00000380,false,Rx,0,8,00,00,00,00,00,00,00,00,
-1778190078493577,00000381,false,Rx,0,8,05,00,80,3F,00,00,00,00,
-1778190078477026,00000180,false,Rx,0,8,0D,00,01,00,00,00,00,00,
-1778190078476078,00000280,false,Rx,0,8,CA,FD,9F,3F,50,3F,86,3D,
-1778190078475148,00000281,false,Rx,0,8,51,0B,DC,42,00,00,34,42,
-1778190078474120,00000380,false,Rx,0,8,00,00,00,00,00,00,00,00,
-1778190078473141,00000381,false,Rx,0,8,05,00,80,3F,00,00,00,00,
-1778190078454287,00000180,false,Rx,0,8,0D,00,01,00,00,00,00,00,
-1778190078453343,00000280,false,Rx,0,8,CA,FD,9F,3F,50,3F,86,3D,
-1778190078452410,00000281,false,Rx,0,8,51,0B,DC,42,00,00,34,42,
-1778190078451381,00000380,false,Rx,0,8,00,00,00,00,00,00,00,00,
-1778190078450402,00000381,false,Rx,0,8,05,00,80,3F,00,00,00,00,
-1778190078431486,00000180,false,Rx,0,8,0D,00,01,00,00,00,00,00,
-1778190078430542,00000280,false,Rx,0,8,CA,FD,9F,3F,50,3F,86,3D,
-1778190078429608,00000281,false,Rx,0,8,51,0B,DC,42,00,00,34,42,
-1778190078428584,00000380,false,Rx,0,8,00,00,00,00,00,00,00,00,
-1778190078427605,00000381,false,Rx,0,8,05,00,80,3F,00,00,00,00,
-1778190078410895,00000180,false,Rx,0,8,0D,00,01,00,00,00,00,00,
-1778190078409963,00000280,false,Rx,0,8,60,E7,9E,3F,87,EE,87,3D,
-1778190078409034,00000281,false,Rx,0,8,51,0B,DC,42,00,00,34,42,
-1778190078408004,00000380,false,Rx,0,8,00,00,00,00,00,00,00,00,
-1778190078407026,00000381,false,Rx,0,8,05,00,80,3F,00,00,00,00,
-1778190078385764,00000180,false,Rx,0,8,0D,00,01,00,00,00,00,00,
-1778190078384832,00000280,false,Rx,0,8,60,E7,9E,3F,87,EE,87,3D,
-1778190078383903,00000281,false,Rx,0,8,51,0B,DC,42,00,00,34,42,
-1778190078382873,00000380,false,Rx,0,8,00,00,00,00,00,00,00,00,
-1778190078381895,00000381,false,Rx,0,8,05,00,80,3F,00,00,00,00,
-1778190078365340,00000180,false,Rx,0,8,0D,00,01,00,00,00,00,00,
-1778190078364422,00000280,false,Rx,0,8,E2,DE,9D,3F,1B,27,86,3D,
-1778190078363494,00000281,false,Rx,0,8,51,0B,DC,42,00,00,34,42,
-1778190078362468,00000380,false,Rx,0,8,00,00,00,00,00,00,00,00,
-1778190078361485,00000381,false,Rx,0,8,05,00,80,3F,00,00,00,00,
-1778190078342612,00000180,false,Rx,0,8,0D,00,01,00,00,00,00,00,
-1778190078341694,00000280,false,Rx,0,8,E2,DE,9D,3F,1B,27,86,3D,
-1778190078340766,00000281,false,Rx,0,8,51,0B,DC,42,00,00,34,42,
-1778190078339737,00000380,false,Rx,0,8,00,00,00,00,00,00,00,00,
-1778190078338857,00000381,false,Rx,0,8,05,00,80,3F,00,00,00,00,
-1778190078321985,00000180,false,Rx,0,8,0D,00,01,00,00,00,00,00,
-1778190078321068,00000280,false,Rx,0,8,9D,E3,9C,3F,88,D7,87,3D,
-1778190078320138,00000281,false,Rx,0,8,51,0B,DC,42,00,00,34,42,
-1778190078319212,00000380,false,Rx,0,8,00,00,00,00,00,00,00,00,
-1778190078318231,00000381,false,Rx,0,8,05,00,80,3F,00,00,00,00,
-1778190078299362,00000180,false,Rx,0,8,0D,00,01,00,00,00,00,00,
-1778190078298448,00000280,false,Rx,0,8,9D,E3,9C,3F,88,D7,87,3D,
-1778190078297516,00000281,false,Rx,0,8,51,0B,DC,42,00,00,34,42,
-1778190078296488,00000380,false,Rx,0,8,00,00,00,00,00,00,00,00,
-1778190078295510,00000381,false,Rx,0,8,05,00,80,3F,00,00,00,00,
-1778190078276560,00000180,false,Rx,0,8,0D,00,01,00,00,00,00,00,
-1778190078275646,00000280,false,Rx,0,8,9D,E3,9C,3F,88,D7,87,3D,
-1778190078274718,00000281,false,Rx,0,8,51,0B,DC,42,00,00,34,42,
-1778190078273688,00000380,false,Rx,0,8,00,00,00,00,00,00,00,00,
-1778190078272709,00000381,false,Rx,0,8,05,00,80,3F,00,00,00,00,
-1778190078255969,00000180,false,Rx,0,8,0D,00,01,00,00,00,00,00,
-1778190078255044,00000280,false,Rx,0,8,E8,F4,9B,3F,43,11,86,3D,
-1778190078254115,00000281,false,Rx,0,8,51,0B,DC,42,00,00,34,42,
-1778190078253087,00000380,false,Rx,0,8,00,00,00,00,00,00,00,00,
-1778190078252108,00000381,false,Rx,0,8,05,00,80,3F,00,00,00,00,
-1778190078231031,00000180,false,Rx,0,8,0D,00,01,00,00,00,00,00,
-1778190078230107,00000280,false,Rx,0,8,E8,F4,9B,3F,43,11,86,3D,
-1778190078229178,00000281,false,Rx,0,8,51,0B,DC,42,00,00,34,42,
-1778190078228149,00000380,false,Rx,0,8,00,00,00,00,00,00,00,00,
-1778190078227170,00000381,false,Rx,0,8,05,00,80,3F,00,00,00,00,
-1778190078210407,00000180,false,Rx,0,8,0D,00,01,00,00,00,00,00,
-1778190078209482,00000280,false,Rx,0,8,23,12,9B,3F,C8,C2,87,3D,
-1778190078208553,00000281,false,Rx,0,8,51,0B,DC,42,00,00,34,42,
-1778190078207524,00000380,false,Rx,0,8,00,00,00,00,00,00,00,00,
-1778190078206545,00000381,false,Rx,0,8,05,00,80,3F,00,00,00,00,
-1778190078187659,00000180,false,Rx,0,8,0D,00,01,00,00,00,00,00,
-1778190078186738,00000280,false,Rx,0,8,23,12,9B,3F,C8,C2,87,3D,
-1778190078185806,00000281,false,Rx,0,8,51,0B,DC,42,00,00,34,42,
-1778190078184781,00000380,false,Rx,0,8,00,00,00,00,00,00,00,00,
-1778190078183801,00000381,false,Rx,0,8,05,00,80,3F,00,00,00,00,
-1778190078167050,00000180,false,Rx,0,8,0D,00,01,00,00,00,00,00,
-1778190078166129,00000280,false,Rx,0,8,B5,3A,9A,3F,8D,FD,85,3D,
-1778190078165197,00000281,false,Rx,0,8,51,0B,DC,42,00,00,34,42,
-1778190078164171,00000380,false,Rx,0,8,00,00,00,00,00,00,00,00,
-1778190078163188,00000381,false,Rx,0,8,05,00,80,3F,00,00,00,00,
-1778190078144322,00000180,false,Rx,0,8,0D,00,01,00,00,00,00,00,
-1778190078143397,00000280,false,Rx,0,8,B5,3A,9A,3F,8D,FD,85,3D,
-1778190078142469,00000281,false,Rx,0,8,51,0B,DC,42,00,00,34,42,
-1778190078141440,00000380,false,Rx,0,8,00,00,00,00,00,00,00,00,
-1778190078140460,00000381,false,Rx,0,8,05,00,80,3F,00,00,00,00,
-1778190078121527,00000180,false,Rx,0,8,0D,00,01,00,00,00,00,00,
-1778190078120606,00000280,false,Rx,0,8,B5,3A,9A,3F,8D,FD,85,3D,
-1778190078119774,00000281,false,Rx,0,8,51,0B,DC,42,00,00,34,42,
-1778190078118749,00000380,false,Rx,0,8,00,00,00,00,00,00,00,00,
-1778190078117769,00000381,false,Rx,0,8,05,00,80,3F,00,00,00,00,
-1778190078100927,00000180,false,Rx,0,8,0D,00,01,00,00,00,00,00,
-1778190078100104,00000280,false,Rx,0,8,0C,6E,99,3F,0E,B0,87,3D,
-1778190078099174,00000281,false,Rx,0,8,51,0B,DC,42,00,00,34,42,
-1778190078098146,00000380,false,Rx,0,8,00,00,00,00,00,00,00,00,
-1778190078097164,00000381,false,Rx,0,8,05,00,80,3F,00,00,00,00,
-1778190078075920,00000180,false,Rx,0,8,0D,00,01,00,00,00,00,00,
-1778190078074999,00000280,false,Rx,0,8,0C,6E,99,3F,0E,B0,87,3D,
-1778190078074066,00000281,false,Rx,0,8,51,0B,DC,42,00,00,34,42,
-1778190078073041,00000380,false,Rx,0,8,00,00,00,00,00,00,00,00,
-1778190078072062,00000381,false,Rx,0,8,05,00,80,3F,00,00,00,00,
-1778190078055481,00000180,false,Rx,0,8,0D,00,01,00,00,00,00,00,
-1778190078054544,00000280,false,Rx,0,8,9E,AB,98,3F,C2,EB,85,3D,
-1778190078053612,00000281,false,Rx,0,8,51,0B,DC,42,00,00,34,42,
-1778190078052586,00000380,false,Rx,0,8,00,00,00,00,00,00,00,00,
-1778190078051607,00000381,false,Rx,0,8,05,00,80,3F,00,00,00,00,
-1778190078032752,00000180,false,Rx,0,8,0D,00,01,00,00,00,00,00,
-1778190078031812,00000280,false,Rx,0,8,9E,AB,98,3F,C2,EB,85,3D,
-1778190078030884,00000281,false,Rx,0,8,51,0B,DC,42,00,00,34,42,
-1778190078029855,00000380,false,Rx,0,8,00,00,00,00,00,00,00,00,
-1778190078028875,00000381,false,Rx,0,8,05,00,80,3F,00,00,00,00,
-1778190078012329,00000180,false,Rx,0,8,0D,00,01,00,00,00,00,00,
-1778190078011404,00000280,false,Rx,0,8,EA,F2,97,3F,26,9F,87,3D,
-1778190078010474,00000281,false,Rx,0,8,51,0B,DC,42,00,00,34,42,
-1778190078009446,00000380,false,Rx,0,8,00,00,00,00,00,00,00,00,
-1778190078008467,00000381,false,Rx,0,8,05,00,80,3F,00,00,00,00,
-1778190077992166,00000180,false,Rx,0,8,0D,00,01,00,00,00,00,00,
-1778190077991245,00000280,false,Rx,0,8,EA,F2,97,3F,26,9F,87,3D,
-1778190077990312,00000281,false,Rx,0,8,51,0B,DC,42,00,00,34,42,
-1778190077989286,00000380,false,Rx,0,8,00,00,00,00,00,00,00,00,
-1778190077988304,00000381,false,Rx,0,8,05,00,80,3F,00,00,00,00,
-1778190077969419,00000180,false,Rx,0,8,0D,00,01,00,00,00,00,00,
-1778190077968498,00000280,false,Rx,0,8,EA,F2,97,3F,26,9F,87,3D,
-1778190077967569,00000281,false,Rx,0,8,51,0B,DC,42,00,00,34,42,
-1778190077966541,00000380,false,Rx,0,8,00,00,00,00,00,00,00,00,
-1778190077965562,00000381,false,Rx,0,8,05,00,80,3F,00,00,00,00,
-1778190077948814,00000180,false,Rx,0,8,0D,00,01,00,00,00,00,00,
-1778190077947897,00000280,false,Rx,0,8,72,43,97,3F,B2,DB,85,3D,
-1778190077946967,00000281,false,Rx,0,8,51,0B,DC,42,00,00,34,42,
-1778190077945939,00000380,false,Rx,0,8,00,00,00,00,00,00,00,00,
-1778190077944959,00000381,false,Rx,0,8,05,00,80,3F,00,00,00,00,
-1778190077926083,00000180,false,Rx,0,8,0D,00,01,00,00,00,00,00,
-1778190077925170,00000280,false,Rx,0,8,72,43,97,3F,B2,DB,85,3D,
-1778190077924237,00000281,false,Rx,0,8,51,0B,DC,42,00,00,34,42,
-1778190077923211,00000380,false,Rx,0,8,00,00,00,00,00,00,00,00,
-1778190077922233,00000381,false,Rx,0,8,05,00,80,3F,00,00,00,00,
-1778190077903052,00000180,false,Rx,0,8,0D,00,01,00,00,00,00,00,
-1778190077902111,00000280,false,Rx,0,8,BF,9C,96,3F,E4,8F,87,3D,
-1778190077901178,00000281,false,Rx,0,8,51,0B,DC,42,00,00,34,42,
-1778190077900254,00000380,false,Rx,0,8,00,00,00,00,00,00,00,00,
-1778190077899273,00000381,false,Rx,0,8,05,00,80,3F,00,00,00,00,
-1778190077880431,00000180,false,Rx,0,8,0D,00,01,00,00,00,00,00,
-1778190077879490,00000280,false,Rx,0,8,BF,9C,96,3F,E4,8F,87,3D,
-1778190077878560,00000281,false,Rx,0,8,51,0B,DC,42,00,00,34,42,
-1778190077877532,00000380,false,Rx,0,8,00,00,00,00,00,00,00,00,
-1778190077876553,00000381,false,Rx,0,8,05,00,80,3F,00,00,00,00,
-1778190077857623,00000180,false,Rx,0,8,0D,00,01,00,00,00,00,00,
-1778190077856682,00000280,false,Rx,0,8,BF,9C,96,3F,E4,8F,87,3D,
-1778190077855750,00000281,false,Rx,0,8,51,0B,DC,42,00,00,34,42,
-1778190077854724,00000380,false,Rx,0,8,00,00,00,00,00,00,00,00,
-1778190077853745,00000381,false,Rx,0,8,05,00,80,3F,00,00,00,00,
-1778190077837028,00000180,false,Rx,0,8,0D,00,01,00,00,00,00,00,
-1778190077836103,00000280,false,Rx,0,8,62,FE,95,3F,34,CD,85,3D,
-1778190077835175,00000281,false,Rx,0,8,51,0B,DC,42,00,00,34,42,
-1778190077834145,00000380,false,Rx,0,8,00,00,00,00,00,00,00,00,
-1778190077833166,00000381,false,Rx,0,8,05,00,80,3F,00,00,00,00,
-1778190077814282,00000180,false,Rx,0,8,0D,00,01,00,00,00,00,00,
-1778190077813360,00000280,false,Rx,0,8,62,FE,95,3F,34,CD,85,3D,
-1778190077812428,00000281,false,Rx,0,8,51,0B,DC,42,00,00,34,42,
-1778190077811403,00000380,false,Rx,0,8,00,00,00,00,00,00,00,00,
-1778190077810424,00000381,false,Rx,0,8,05,00,80,3F,00,00,00,00,
-1778190077793684,00000180,false,Rx,0,8,0D,00,01,00,00,00,00,00,
-1778190077792742,00000280,false,Rx,0,8,F0,67,95,3F,20,82,87,3D,
-1778190077791814,00000281,false,Rx,0,8,51,0B,DC,42,00,00,34,42,
-1778190077790785,00000380,false,Rx,0,8,00,00,00,00,00,00,00,00,
-1778190077789806,00000381,false,Rx,0,8,05,00,80,3F,00,00,00,00,
-1778190077770945,00000180,false,Rx,0,8,0D,00,01,00,00,00,00,00,
-1778190077770005,00000280,false,Rx,0,8,F0,67,95,3F,20,82,87,3D,
-1778190077769076,00000281,false,Rx,0,8,51,0B,DC,42,00,00,34,42,
-1778190077768047,00000380,false,Rx,0,8,00,00,00,00,00,00,00,00,
-1778190077767068,00000381,false,Rx,0,8,05,00,80,3F,00,00,00,00,
-1778190077748126,00000180,false,Rx,0,8,0D,00,01,00,00,00,00,00,
-1778190077747174,00000280,false,Rx,0,8,04,D9,94,3F,D8,00,88,3D,
-1778190077746241,00000281,false,Rx,0,8,51,0B,DC,42,00,00,34,42,
-1778190077745215,00000380,false,Rx,0,8,00,00,00,00,00,00,00,00,
-1778190077744237,00000381,false,Rx,0,8,05,00,80,3F,00,00,00,00,
-1778190077725399,00000180,false,Rx,0,8,0D,00,01,00,00,00,00,00,
-1778190077724444,00000280,false,Rx,0,8,04,D9,94,3F,D8,00,88,3D,
-1778190077723515,00000281,false,Rx,0,8,51,0B,DC,42,00,00,34,42,
-1778190077722485,00000380,false,Rx,0,8,00,00,00,00,00,00,00,00,
-1778190077721507,00000381,false,Rx,0,8,05,00,80,3F,00,00,00,00,
-1778190077702622,00000180,false,Rx,0,8,0D,00,01,00,00,00,00,00,
-1778190077701666,00000280,false,Rx,0,8,04,D9,94,3F,D8,00,88,3D,
-1778190077700836,00000281,false,Rx,0,8,51,0B,DC,42,00,00,34,42,
-1778190077699808,00000380,false,Rx,0,8,00,00,00,00,00,00,00,00,
-1778190077698831,00000381,false,Rx,0,8,05,00,80,3F,00,00,00,00,
-1778190077682006,00000180,false,Rx,0,8,0D,00,01,00,00,00,00,00,
-1778190077681066,00000280,false,Rx,0,8,3E,51,94,3F,82,38,86,3D,
-1778190077680236,00000281,false,Rx,0,8,51,0B,DC,42,00,00,34,42,
-1778190077679207,00000380,false,Rx,0,8,00,00,00,00,00,00,00,00,
-1778190077678228,00000381,false,Rx,0,8,05,00,80,3F,00,00,00,00,
-1778190077659363,00000180,false,Rx,0,8,0D,00,01,00,00,00,00,00,
-1778190077658421,00000280,false,Rx,0,8,3E,51,94,3F,82,38,86,3D,
-1778190077657493,00000281,false,Rx,0,8,51,0B,DC,42,00,00,34,42,
-1778190077656464,00000380,false,Rx,0,8,00,00,00,00,00,00,00,00,
-1778190077655485,00000381,false,Rx,0,8,05,00,80,3F,00,00,00,00,
-1778190077638761,00000180,false,Rx,0,8,0D,00,01,00,00,00,00,00,
-1778190077637847,00000280,false,Rx,0,8,42,D0,93,3F,10,E8,87,3D,
-1778190077636915,00000281,false,Rx,0,8,51,0B,DC,42,00,00,34,42,
-1778190077635885,00000380,false,Rx,0,8,00,00,00,00,00,00,00,00,
-1778190077634906,00000381,false,Rx,0,8,05,00,80,3F,00,00,00,00,
-1778190077615831,00000180,false,Rx,0,8,0D,00,01,00,00,00,00,00,
-1778190077614917,00000280,false,Rx,0,8,42,D0,93,3F,10,E8,87,3D,
-1778190077613985,00000281,false,Rx,0,8,51,0B,DC,42,00,00,34,42,
-1778190077612959,00000380,false,Rx,0,8,00,00,00,00,00,00,00,00,
-1778190077611980,00000381,false,Rx,0,8,05,00,80,3F,00,00,00,00,
-1778190077592598,00000180,false,Rx,0,8,0D,00,01,00,00,00,00,00,
-1778190077591666,00000280,false,Rx,0,8,B8,55,93,3F,F7,20,86,3D,
-1778190077590736,00000281,false,Rx,0,8,51,0B,DC,42,00,00,34,42,
-1778190077589707,00000380,false,Rx,0,8,00,00,00,00,00,00,00,00,
-1778190077588729,00000381,false,Rx,0,8,05,00,80,3F,00,00,00,00,
-1778190077569664,00000180,false,Rx,0,8,0D,00,01,00,00,00,00,00,
-1778190077568731,00000280,false,Rx,0,8,B8,55,93,3F,F7,20,86,3D,
-1778190077567798,00000281,false,Rx,0,8,51,0B,DC,42,00,00,34,42,
-1778190077566773,00000380,false,Rx,0,8,00,00,00,00,00,00,00,00,
-1778190077565794,00000381,false,Rx,0,8,05,00,80,3F,00,00,00,00,
-1778190077546674,00000180,false,Rx,0,8,0D,00,01,00,00,00,00,00,
-1778190077545746,00000280,false,Rx,0,8,B8,55,93,3F,F7,20,86,3D,
-1778190077544813,00000281,false,Rx,0,8,51,0B,DC,42,00,00,34,42,
-1778190077543788,00000380,false,Rx,0,8,00,00,00,00,00,00,00,00,
-1778190077542810,00000381,false,Rx,0,8,05,00,80,3F,00,00,00,00,
-1778190077525877,00000180,false,Rx,0,8,0D,00,01,00,00,00,00,00,
-1778190077524952,00000280,false,Rx,0,8,4F,E1,92,3F,B2,D1,87,3D,
-1778190077524023,00000281,false,Rx,0,8,51,0B,DC,42,00,00,34,42,
-1778190077522995,00000380,false,Rx,0,8,00,00,00,00,00,00,00,00,
-1778190077522016,00000381,false,Rx,0,8,05,00,80,3F,00,00,00,00,
-1778190077502916,00000180,false,Rx,0,8,0D,00,01,00,00,00,00,00,
-1778190077501991,00000280,false,Rx,0,8,4F,E1,92,3F,B2,D1,87,3D,
-1778190077501062,00000281,false,Rx,0,8,51,0B,DC,42,00,00,34,42,
-1778190077500034,00000380,false,Rx,0,8,00,00,00,00,00,00,00,00,
-1778190077498956,00000381,false,Rx,0,8,05,00,80,3F,00,00,00,00,
-1778190077482122,00000180,false,Rx,0,8,0D,00,01,00,00,00,00,00,
-1778190077481182,00000280,false,Rx,0,8,5E,0E,97,3F,B7,0B,86,3D,
-1778190077480253,00000281,false,Rx,0,8,51,0B,DC,42,00,00,34,42,
-1778190077479125,00000380,false,Rx,0,8,00,00,00,00,00,00,00,00,
-1778190077478143,00000381,false,Rx,0,8,05,00,80,3F,00,00,00,00,
-1778190077459091,00000180,false,Rx,0,8,0D,00,01,00,00,00,00,00,
-1778190077458154,00000280,false,Rx,0,8,5E,0E,97,3F,B7,0B,86,3D,
-1778190077457224,00000281,false,Rx,0,8,51,0B,DC,42,00,00,34,42,
-1778190077456195,00000380,false,Rx,0,8,00,00,00,00,00,00,00,00,
-1778190077455217,00000381,false,Rx,0,8,05,00,80,3F,00,00,00,00,
-1778190077438242,00000180,false,Rx,0,8,0D,00,01,00,00,00,00,00,
-1778190077437313,00000280,false,Rx,0,8,53,6A,96,3F,82,BD,87,3D,
-1778190077436381,00000281,false,Rx,0,8,51,0B,DC,42,00,00,34,42,
-1778190077435355,00000380,false,Rx,0,8,00,00,00,00,00,00,00,00,
-1778190077434376,00000381,false,Rx,0,8,05,00,80,3F,00,00,00,00,
-1778190077415300,00000180,false,Rx,0,8,0D,00,01,00,00,00,00,00,
-1778190077414368,00000280,false,Rx,0,8,53,6A,96,3F,82,BD,87,3D,
-1778190077413438,00000281,false,Rx,0,8,51,0B,DC,42,00,00,34,42,
-1778190077412409,00000380,false,Rx,0,8,00,00,00,00,00,00,00,00,
-1778190077411431,00000381,false,Rx,0,8,05,00,80,3F,00,00,00,00,
-1778190077392380,00000180,false,Rx,0,8,0D,00,01,00,00,00,00,00,
-1778190077391447,00000280,false,Rx,0,8,53,6A,96,3F,82,BD,87,3D,
-1778190077390514,00000281,false,Rx,0,8,51,0B,DC,42,00,00,34,42,
-1778190077389490,00000380,false,Rx,0,8,00,00,00,00,00,00,00,00,
-1778190077388511,00000381,false,Rx,0,8,05,00,80,3F,00,00,00,00,
-1778190077371752,00000180,false,Rx,0,8,0D,00,01,00,00,00,00,00,
-1778190077370823,00000280,false,Rx,0,8,7C,CE,95,3F,8A,F8,85,3D,
-1778190077369891,00000281,false,Rx,0,8,51,0B,DC,42,00,00,34,42,
-1778190077368865,00000380,false,Rx,0,8,00,00,00,00,00,00,00,00,
-1778190077367886,00000381,false,Rx,0,8,05,00,80,3F,00,00,00,00,
-1778190077348818,00000180,false,Rx,0,8,0D,00,01,00,00,00,00,00,
-1778190077347885,00000280,false,Rx,0,8,7C,CE,95,3F,8A,F8,85,3D,
-1778190077346956,00000281,false,Rx,0,8,51,0B,DC,42,00,00,34,42,
-1778190077345927,00000380,false,Rx,0,8,00,00,00,00,00,00,00,00,
-1778190077344948,00000381,false,Rx,0,8,05,00,80,3F,00,00,00,00,
-1778190077328007,00000180,false,Rx,0,8,0D,00,01,00,00,00,00,00,
-1778190077327094,00000280,false,Rx,0,8,6F,3A,95,3F,4B,AB,87,3D,
-1778190077326161,00000281,false,Rx,0,8,51,0B,DC,42,00,00,34,42,
-1778190077325137,00000380,false,Rx,0,8,00,00,00,00,00,00,00,00,
-1778190077324154,00000381,false,Rx,0,8,05,00,80,3F,00,00,00,00,
-1778190077305096,00000180,false,Rx,0,8,0D,00,01,00,00,00,00,00,
-1778190077304179,00000280,false,Rx,0,8,6F,3A,95,3F,4B,AB,87,3D,
-1778190077303250,00000281,false,Rx,0,8,51,0B,DC,42,00,00,34,42,
-1778190077302221,00000380,false,Rx,0,8,00,00,00,00,00,00,00,00,
-1778190077301242,00000381,false,Rx,0,8,05,00,80,3F,00,00,00,00,
-1778190077282319,00000180,false,Rx,0,8,0D,00,01,00,00,00,00,00,
-1778190077281402,00000280,false,Rx,0,8,6F,3A,95,3F,4B,AB,87,3D,
-1778190077280473,00000281,false,Rx,0,8,51,0B,DC,42,00,00,34,42,
-1778190077279444,00000380,false,Rx,0,8,00,00,00,00,00,00,00,00,
-1778190077278465,00000381,false,Rx,0,8,05,00,80,3F,00,00,00,00,
-1778190077259478,00000180,false,Rx,0,8,0D,00,01,00,00,00,00,00,
-1778190077258565,00000280,false,Rx,0,8,CA,AD,94,3F,3C,E7,85,3D,
-1778190077257532,00000281,false,Rx,0,8,51,0B,DC,42,00,00,34,42,
-1778190077256506,00000380,false,Rx,0,8,00,00,00,00,00,00,00,00,
-1778190077255527,00000381,false,Rx,0,8,05,00,80,3F,00,00,00,00,
-1778190077236433,00000180,false,Rx,0,8,0D,00,01,00,00,00,00,00,
-1778190077235520,00000280,false,Rx,0,8,CA,AD,94,3F,3C,E7,85,3D,
-1778190077234588,00000281,false,Rx,0,8,51,0B,DC,42,00,00,34,42,
-1778190077233558,00000380,false,Rx,0,8,00,00,00,00,00,00,00,00,
-1778190077232579,00000381,false,Rx,0,8,05,00,80,3F,00,00,00,00,
-1778190077215623,00000180,false,Rx,0,8,0D,00,01,00,00,00,00,00,
-1778190077214691,00000280,false,Rx,0,8,2D,28,94,3F,DA,9A,87,3D,
-1778190077213762,00000281,false,Rx,0,8,51,0B,DC,42,00,00,34,42,
-1778190077212734,00000380,false,Rx,0,8,00,00,00,00,00,00,00,00,
-1778190077211755,00000381,false,Rx,0,8,05,00,80,3F,00,00,00,00,
-1778190077192704,00000180,false,Rx,0,8,0D,00,01,00,00,00,00,00,
-1778190077191771,00000280,false,Rx,0,8,2D,28,94,3F,DA,9A,87,3D,
-1778190077190842,00000281,false,Rx,0,8,51,0B,DC,42,00,00,34,42,
-1778190077189813,00000380,false,Rx,0,8,00,00,00,00,00,00,00,00,
-1778190077188834,00000381,false,Rx,0,8,05,00,80,3F,00,00,00,00,
-1778190077171879,00000180,false,Rx,0,8,0D,00,01,00,00,00,00,00,
-1778190077170947,00000280,false,Rx,0,8,3E,A9,93,3F,9E,D7,85,3D,
-1778190077170017,00000281,false,Rx,0,8,51,0B,DC,42,00,00,34,42,
-1778190077168988,00000380,false,Rx,0,8,00,00,00,00,00,00,00,00,
-1778190077168010,00000381,false,Rx,0,8,05,00,80,3F,00,00,00,00,
-1778190077148925,00000180,false,Rx,0,8,0D,00,01,00,00,00,00,00,
-1778190077147992,00000280,false,Rx,0,8,3E,A9,93,3F,9E,D7,85,3D,
-1778190077147064,00000281,false,Rx,0,8,51,0B,DC,42,00,00,34,42,
-1778190077146034,00000380,false,Rx,0,8,00,00,00,00,00,00,00,00,
-1778190077145055,00000381,false,Rx,0,8,05,00,80,3F,00,00,00,00,
-1778190077125978,00000180,false,Rx,0,8,0D,00,01,00,00,00,00,00,
-1778190077125049,00000280,false,Rx,0,8,3E,A9,93,3F,9E,D7,85,3D,
-1778190077124117,00000281,false,Rx,0,8,51,0B,DC,42,00,00,34,42,
-1778190077123092,00000380,false,Rx,0,8,00,00,00,00,00,00,00,00,
-1778190077122113,00000381,false,Rx,0,8,05,00,80,3F,00,00,00,00,
-1778190077102747,00000180,false,Rx,0,8,0D,00,01,00,00,00,00,00,
-1778190077101814,00000280,false,Rx,0,8,A8,30,93,3F,05,8C,87,3D,
-1778190077100886,00000281,false,Rx,0,8,51,0B,DC,42,00,00,34,42,
-1778190077099856,00000380,false,Rx,0,8,00,00,00,00,00,00,00,00,
-1778190077098877,00000381,false,Rx,0,8,05,00,80,3F,00,00,00,00,
-1778190077079807,00000180,false,Rx,0,8,0D,00,01,00,00,00,00,00,
-1778190077078879,00000280,false,Rx,0,8,A8,30,93,3F,05,8C,87,3D,
-1778190077077946,00000281,false,Rx,0,8,51,0B,DC,42,00,00,34,42,
-1778190077076917,00000380,false,Rx,0,8,00,00,00,00,00,00,00,00,
-1778190077075839,00000381,false,Rx,0,8,05,00,80,3F,00,00,00,00,
-1778190077058997,00000180,false,Rx,0,8,0D,00,01,00,00,00,00,00,
-1778190077058069,00000280,false,Rx,0,8,1A,BE,92,3F,86,C9,85,3D,
-1778190077057136,00000281,false,Rx,0,8,51,0B,DC,42,00,00,34,42,
-1778190077056008,00000380,false,Rx,0,8,00,00,00,00,00,00,00,00,
-1778190077055033,00000381,false,Rx,0,8,05,00,80,3F,00,00,00,00,
-1778190077036063,00000180,false,Rx,0,8,0D,00,01,00,00,00,00,00,
-1778190077035030,00000280,false,Rx,0,8,1A,BE,92,3F,86,C9,85,3D,
-1778190077034101,00000281,false,Rx,0,8,51,0B,DC,42,00,00,34,42,
-1778190077033075,00000380,false,Rx,0,8,00,00,00,00,00,00,00,00,
-1778190077032093,00000381,false,Rx,0,8,05,00,80,3F,00,00,00,00,
-1778190077015143,00000180,false,Rx,0,8,0D,00,01,00,00,00,00,00,
-1778190077014223,00000280,false,Rx,0,8,46,51,92,3F,A1,7E,87,3D,
-1778190077013289,00000281,false,Rx,0,8,51,0B,DC,42,00,00,34,42,
-1778190077012264,00000380,false,Rx,0,8,00,00,00,00,00,00,00,00,
-1778190077011285,00000381,false,Rx,0,8,05,00,80,3F,00,00,00,00,
-1778190076994777,00000180,false,Rx,0,8,0D,00,01,00,00,00,00,00,
-1778190076993852,00000280,false,Rx,0,8,46,51,92,3F,A1,7E,87,3D,
-1778190076992922,00000281,false,Rx,0,8,51,0B,DC,42,00,00,34,42,
-1778190076991893,00000380,false,Rx,0,8,00,00,00,00,00,00,00,00,
-1778190076990914,00000381,false,Rx,0,8,05,00,80,3F,00,00,00,00,
-1778190076971868,00000180,false,Rx,0,8,0D,00,01,00,00,00,00,00,
-1778190076970947,00000280,false,Rx,0,8,46,51,92,3F,A1,7E,87,3D,
-1778190076970015,00000281,false,Rx,0,8,51,0B,DC,42,00,00,34,42,
-1778190076968989,00000380,false,Rx,0,8,00,00,00,00,00,00,00,00,
-1778190076968010,00000381,false,Rx,0,8,05,00,80,3F,00,00,00,00,
-1778190076951236,00000180,false,Rx,0,8,0D,00,01,00,00,00,00,00,
-1778190076950315,00000280,false,Rx,0,8,E2,E9,91,3F,CE,BC,85,3D,
-1778190076949382,00000281,false,Rx,0,8,51,0B,DC,42,00,00,34,42,
-1778190076948357,00000380,false,Rx,0,8,00,00,00,00,00,00,00,00,
-1778190076947378,00000381,false,Rx,0,8,05,00,80,3F,00,00,00,00,
-1778190076925882,00000180,false,Rx,0,8,0D,00,01,00,00,00,00,00,
-1778190076924961,00000280,false,Rx,0,8,E2,E9,91,3F,CE,BC,85,3D,
-1778190076924029,00000281,false,Rx,0,8,51,0B,DC,42,00,00,34,42,
-1778190076923003,00000380,false,Rx,0,8,00,00,00,00,00,00,00,00,
-1778190076922024,00000381,false,Rx,0,8,05,00,80,3F,00,00,00,00,
-1778190076905073,00000180,false,Rx,0,8,0D,00,01,00,00,00,00,00,
-1778190076904159,00000280,false,Rx,0,8,AA,87,91,3F,8C,72,87,3D,
-1778190076903226,00000281,false,Rx,0,8,51,0B,DC,42,00,00,34,42,
-1778190076902201,00000380,false,Rx,0,8,00,00,00,00,00,00,00,00,
-1778190076901223,00000381,false,Rx,0,8,05,00,80,3F,00,00,00,00,
-1778190076882153,00000180,false,Rx,0,8,0D,00,01,00,00,00,00,00,
-1778190076881239,00000280,false,Rx,0,8,AA,87,91,3F,8C,72,87,3D,
-1778190076880307,00000281,false,Rx,0,8,51,0B,DC,42,00,00,34,42,
-1778190076879281,00000380,false,Rx,0,8,00,00,00,00,00,00,00,00,
-1778190076878302,00000381,false,Rx,0,8,05,00,80,3F,00,00,00,00,
-1778190076859375,00000180,false,Rx,0,8,0D,00,01,00,00,00,00,00,
-1778190076858462,00000280,false,Rx,0,8,AA,87,91,3F,8C,72,87,3D,
-1778190076857529,00000281,false,Rx,0,8,51,0B,DC,42,00,00,34,42,
-1778190076856501,00000380,false,Rx,0,8,00,00,00,00,00,00,00,00,
-1778190076855521,00000381,false,Rx,0,8,05,00,80,3F,00,00,00,00,
-1778190076838550,00000180,false,Rx,0,8,0D,00,01,00,00,00,00,00,
-1778190076837625,00000280,false,Rx,0,8,5B,2A,91,3F,53,B1,85,3D,
-1778190076836696,00000281,false,Rx,0,8,51,0B,DC,42,00,00,34,42,
-1778190076835667,00000380,false,Rx,0,8,00,00,00,00,00,00,00,00,
-1778190076834688,00000381,false,Rx,0,8,05,00,80,3F,00,00,00,00,
-1778190076815610,00000180,false,Rx,0,8,0D,00,01,00,00,00,00,00,
-1778190076814689,00000280,false,Rx,0,8,5B,2A,91,3F,53,B1,85,3D,
-1778190076813656,00000281,false,Rx,0,8,51,0B,DC,42,00,00,34,42,
-1778190076812630,00000380,false,Rx,0,8,00,00,00,00,00,00,00,00,
-1778190076811651,00000381,false,Rx,0,8,05,00,80,3F,00,00,00,00,
-1778190076794793,00000180,false,Rx,0,8,0D,00,01,00,00,00,00,00,
-1778190076793772,00000280,false,Rx,0,8,B6,D1,90,3F,A4,67,87,3D,
-1778190076792843,00000281,false,Rx,0,8,51,0B,DC,42,00,00,34,42,
-1778190076791815,00000380,false,Rx,0,8,00,00,00,00,00,00,00,00,
-1778190076790833,00000381,false,Rx,0,8,05,00,80,3F,00,00,00,00,
-1778190076769382,00000180,false,Rx,0,8,0D,00,01,00,00,00,00,00,
-1778190076768457,00000280,false,Rx,0,8,B6,D1,90,3F,A4,67,87,3D,
-1778190076767528,00000281,false,Rx,0,8,51,0B,DC,42,00,00,34,42,
-1778190076766498,00000380,false,Rx,0,8,00,00,00,00,00,00,00,00,
-1778190076765520,00000381,false,Rx,0,8,05,00,80,3F,00,00,00,00,
-1778190076748749,00000180,false,Rx,0,8,0D,00,01,00,00,00,00,00,
-1778190076747794,00000280,false,Rx,0,8,80,7D,90,3F,F7,A6,85,3D,
-1778190076746861,00000281,false,Rx,0,8,51,0B,DC,42,00,00,34,42,
-1778190076745835,00000380,false,Rx,0,8,00,00,00,00,00,00,00,00,
-1778190076744857,00000381,false,Rx,0,8,05,00,80,3F,00,00,00,00,
-1778190076725825,00000180,false,Rx,0,8,0D,00,01,00,00,00,00,00,
-1778190076724874,00000280,false,Rx,0,8,80,7D,90,3F,F7,A6,85,3D,
-1778190076723941,00000281,false,Rx,0,8,51,0B,DC,42,00,00,34,42,
-1778190076722915,00000380,false,Rx,0,8,00,00,00,00,00,00,00,00,
-1778190076721936,00000381,false,Rx,0,8,05,00,80,3F,00,00,00,00,
-1778190076703025,00000180,false,Rx,0,8,0D,00,01,00,00,00,00,00,
-1778190076702069,00000280,false,Rx,0,8,80,7D,90,3F,F7,A6,85,3D,
-1778190076701140,00000281,false,Rx,0,8,51,0B,DC,42,00,00,34,42,
-1778190076700112,00000380,false,Rx,0,8,00,00,00,00,00,00,00,00,
-1778190076699132,00000381,false,Rx,0,8,05,00,80,3F,00,00,00,00,
-1778190076682215,00000180,false,Rx,0,8,0D,00,01,00,00,00,00,00,
-1778190076681266,00000280,false,Rx,0,8,80,2D,90,3F,71,3D,86,3D,
-1778190076680337,00000281,false,Rx,0,8,51,0B,DC,42,00,00,34,42,
-1778190076679309,00000380,false,Rx,0,8,00,00,00,00,00,00,00,00,
-1778190076678329,00000381,false,Rx,0,8,05,00,80,3F,00,00,00,00,
-1778190076659284,00000180,false,Rx,0,8,0D,00,01,00,00,00,00,00,
-1778190076658339,00000280,false,Rx,0,8,80,2D,90,3F,71,3D,86,3D,
-1778190076657406,00000281,false,Rx,0,8,51,0B,DC,42,00,00,34,42,
-1778190076656382,00000380,false,Rx,0,8,00,00,00,00,00,00,00,00,
-1778190076655402,00000381,false,Rx,0,8,05,00,80,3F,00,00,00,00,
-1778190076638469,00000180,false,Rx,0,8,0D,00,01,00,00,00,00,00,
-1778190076637544,00000280,false,Rx,0,8,80,E1,8F,3F,AD,8B,84,3D,
-1778190076636615,00000281,false,Rx,0,8,51,0B,DC,42,00,00,34,42,
-1778190076635586,00000380,false,Rx,0,8,00,00,00,00,00,00,00,00,
-1778190076634607,00000381,false,Rx,0,8,05,00,80,3F,00,00,00,00,
-1778190076613316,00000180,false,Rx,0,8,0D,00,01,00,00,00,00,00,
-1778190076612293,00000280,false,Rx,0,8,80,E1,8F,3F,AD,8B,84,3D,
-1778190076611360,00000281,false,Rx,0,8,51,0B,DC,42,00,00,34,42,
-1778190076610332,00000380,false,Rx,0,8,00,00,00,00,00,00,00,00,
-1778190076609355,00000381,false,Rx,0,8,05,00,80,3F,00,00,00,00,
-1778190076592514,00000180,false,Rx,0,8,0D,00,01,00,00,00,00,00,
-1778190076591683,00000280,false,Rx,0,8,4D,99,8F,3F,99,EF,82,3D,
-1778190076590750,00000281,false,Rx,0,8,51,0B,DC,42,00,00,34,42,
-1778190076589722,00000380,false,Rx,0,8,00,00,00,00,00,00,00,00,
-1778190076588745,00000381,false,Rx,0,8,05,00,80,3F,00,00,00,00,
-1778190076569892,00000180,false,Rx,0,8,0D,00,01,00,00,00,00,00,
-1778190076568963,00000280,false,Rx,0,8,4D,99,8F,3F,99,EF,82,3D,
-1778190076568031,00000281,false,Rx,0,8,51,0B,DC,42,00,00,34,42,
-1778190076567001,00000380,false,Rx,0,8,00,00,00,00,00,00,00,00,
-1778190076566022,00000381,false,Rx,0,8,05,00,80,3F,00,00,00,00,
-1778190076547307,00000180,false,Rx,0,8,0D,00,01,00,00,00,00,00,
-1778190076546374,00000280,false,Rx,0,8,4D,99,8F,3F,99,EF,82,3D,
-1778190076545445,00000281,false,Rx,0,8,51,0B,DC,42,00,00,34,42,
-1778190076544416,00000380,false,Rx,0,8,00,00,00,00,00,00,00,00,
-1778190076543437,00000381,false,Rx,0,8,05,00,80,3F,00,00,00,00,
-1778190076526681,00000180,false,Rx,0,8,0D,00,01,00,00,00,00,00,
-1778190076525763,00000280,false,Rx,0,8,B6,54,8F,3F,33,C9,84,3D,
-1778190076524834,00000281,false,Rx,0,8,51,0B,DC,42,00,00,34,42,
-1778190076523806,00000380,false,Rx,0,8,00,00,00,00,00,00,00,00,
-1778190076522827,00000381,false,Rx,0,8,05,00,80,3F,00,00,00,00,
-1778190076503950,00000180,false,Rx,0,8,0D,00,01,00,00,00,00,00,
-1778190076503037,00000280,false,Rx,0,8,B6,54,8F,3F,33,C9,84,3D,
-1778190076502103,00000281,false,Rx,0,8,51,0B,DC,42,00,00,34,42,
-1778190076501078,00000380,false,Rx,0,8,00,00,00,00,00,00,00,00,
-1778190076500100,00000381,false,Rx,0,8,05,00,80,3F,00,00,00,00,
-1778190076483343,00000180,false,Rx,0,8,0D,00,01,00,00,00,00,00,
-1778190076482418,00000280,false,Rx,0,8,8D,13,8F,3F,0C,2A,83,3D,
-1778190076481490,00000281,false,Rx,0,8,51,0B,DC,42,00,00,34,42,
-1778190076480460,00000380,false,Rx,0,8,00,00,00,00,00,00,00,00,
-1778190076479481,00000381,false,Rx,0,8,05,00,80,3F,00,00,00,00,
-1778190076458179,00000180,false,Rx,0,8,0D,00,01,00,00,00,00,00,
-1778190076457257,00000280,false,Rx,0,8,8D,13,8F,3F,0C,2A,83,3D,
-1778190076456324,00000281,false,Rx,0,8,51,0B,DC,42,00,00,34,42,
-1778190076455299,00000380,false,Rx,0,8,00,00,00,00,00,00,00,00,
-1778190076454321,00000381,false,Rx,0,8,05,00,80,3F,00,00,00,00,
-1778190076437579,00000180,false,Rx,0,8,0D,00,01,00,00,00,00,00,
-1778190076436647,00000280,false,Rx,0,8,A6,D5,8E,3F,BA,00,85,3D,
-1778190076435718,00000281,false,Rx,0,8,51,0B,DC,42,00,00,34,42,
-1778190076434689,00000380,false,Rx,0,8,00,00,00,00,00,00,00,00,
-1778190076433710,00000381,false,Rx,0,8,05,00,80,3F,00,00,00,00,
-1778190076417402,00000180,false,Rx,0,8,0D,00,01,00,00,00,00,00,
-1778190076416472,00000280,false,Rx,0,8,A6,D5,8E,3F,BA,00,85,3D,
-1778190076415540,00000281,false,Rx,0,8,51,0B,DC,42,00,00,34,42,
-1778190076414515,00000380,false,Rx,0,8,00,00,00,00,00,00,00,00,
-1778190076413535,00000381,false,Rx,0,8,05,00,80,3F,00,00,00,00,
-1778190076394659,00000180,false,Rx,0,8,0D,00,01,00,00,00,00,00,
-1778190076393726,00000280,false,Rx,0,8,A6,D5,8E,3F,BA,00,85,3D,
-1778190076392797,00000281,false,Rx,0,8,51,0B,DC,42,00,00,34,42,
-1778190076391869,00000380,false,Rx,0,8,00,00,00,00,00,00,00,00,
-1778190076390888,00000381,false,Rx,0,8,05,00,80,3F,00,00,00,00,
-1778190076374053,00000180,false,Rx,0,8,0D,00,01,00,00,00,00,00,
-1778190076373132,00000280,false,Rx,0,8,D7,9A,8E,3F,CC,5E,83,3D,
-1778190076372302,00000281,false,Rx,0,8,51,0B,DC,42,00,00,34,42,
-1778190076371272,00000380,false,Rx,0,8,00,00,00,00,00,00,00,00,
-1778190076370293,00000381,false,Rx,0,8,05,00,80,3F,00,00,00,00,
-1778190076351435,00000180,false,Rx,0,8,0D,00,01,00,00,00,00,00,
-1778190076350510,00000280,false,Rx,0,8,D7,9A,8E,3F,CC,5E,83,3D,
-1778190076349577,00000281,false,Rx,0,8,51,0B,DC,42,00,00,34,42,
-1778190076348552,00000380,false,Rx,0,8,00,00,00,00,00,00,00,00,
-1778190076347573,00000381,false,Rx,0,8,05,00,80,3F,00,00,00,00,
-1778190076330816,00000180,false,Rx,0,8,0D,00,01,00,00,00,00,00,
-1778190076329892,00000280,false,Rx,0,8,F9,62,8E,3F,D6,32,85,3D,
-1778190076328963,00000281,false,Rx,0,8,51,0B,DC,42,00,00,34,42,
-1778190076327934,00000380,false,Rx,0,8,00,00,00,00,00,00,00,00,
-1778190076326954,00000381,false,Rx,0,8,05,00,80,3F,00,00,00,00,
-1778190076308089,00000180,false,Rx,0,8,0D,00,01,00,00,00,00,00,
-1778190076307163,00000280,false,Rx,0,8,F9,62,8E,3F,D6,32,85,3D,
-1778190076306231,00000281,false,Rx,0,8,51,0B,DC,42,00,00,34,42,
-1778190076305206,00000380,false,Rx,0,8,00,00,00,00,00,00,00,00,
-1778190076304228,00000381,false,Rx,0,8,05,00,80,3F,00,00,00,00,
-1778190076283086,00000180,false,Rx,0,8,0D,00,01,00,00,00,00,00,
-1778190076282161,00000280,false,Rx,0,8,F9,62,8E,3F,D6,32,85,3D,
-1778190076281232,00000281,false,Rx,0,8,51,0B,DC,42,00,00,34,42,
-1778190076280206,00000380,false,Rx,0,8,00,00,00,00,00,00,00,00,
-1778190076279224,00000381,false,Rx,0,8,05,00,80,3F,00,00,00,00,
-1778190076262476,00000180,false,Rx,0,8,0D,00,01,00,00,00,00,00,
-1778190076261547,00000280,false,Rx,0,8,E6,2D,8E,3F,66,8E,83,3D,
-1778190076260614,00000281,false,Rx,0,8,51,0B,DC,42,00,00,34,42,
-1778190076259589,00000380,false,Rx,0,8,00,00,00,00,00,00,00,00,
-1778190076258611,00000381,false,Rx,0,8,05,00,80,3F,00,00,00,00,
-1778190076239733,00000180,false,Rx,0,8,0D,00,01,00,00,00,00,00,
-1778190076238801,00000280,false,Rx,0,8,E6,2D,8E,3F,66,8E,83,3D,
-1778190076237872,00000281,false,Rx,0,8,51,0B,DC,42,00,00,34,42,
-1778190076236842,00000380,false,Rx,0,8,00,00,00,00,00,00,00,00,
-1778190076235864,00000381,false,Rx,0,8,05,00,80,3F,00,00,00,00,
-1778190076219131,00000180,false,Rx,0,8,0D,00,01,00,00,00,00,00,
-1778190076218183,00000280,false,Rx,0,8,7A,FB,8D,3F,0F,60,85,3D,
-1778190076217250,00000281,false,Rx,0,8,51,0B,DC,42,00,00,34,42,
-1778190076216226,00000380,false,Rx,0,8,00,00,00,00,00,00,00,00,
-1778190076215246,00000381,false,Rx,0,8,05,00,80,3F,00,00,00,00,
-1778190076196393,00000180,false,Rx,0,8,0D,00,01,00,00,00,00,00,
-1778190076195444,00000280,false,Rx,0,8,7A,FB,8D,3F,0F,60,85,3D,
-1778190076194515,00000281,false,Rx,0,8,51,0B,DC,42,00,00,34,42,
-1778190076193487,00000380,false,Rx,0,8,00,00,00,00,00,00,00,00,
-1778190076192607,00000381,false,Rx,0,8,05,00,80,3F,00,00,00,00,
-1778190076175784,00000180,false,Rx,0,8,0D,00,01,00,00,00,00,00,
-1778190076174859,00000280,false,Rx,0,8,94,CB,8D,3F,5D,B9,83,3D,
-1778190076173931,00000281,false,Rx,0,8,51,0B,DC,42,00,00,34,42,
-1778190076173003,00000380,false,Rx,0,8,00,00,00,00,00,00,00,00,
-1778190076172024,00000381,false,Rx,0,8,05,00,80,3F,00,00,00,00,
-1778190076153131,00000180,false,Rx,0,8,0D,00,01,00,00,00,00,00,
-1778190076152216,00000280,false,Rx,0,8,94,CB,8D,3F,5D,B9,83,3D,
-1778190076151283,00000281,false,Rx,0,8,51,0B,DC,42,00,00,34,42,
-1778190076150257,00000380,false,Rx,0,8,00,00,00,00,00,00,00,00,
-1778190076149276,00000381,false,Rx,0,8,05,00,80,3F,00,00,00,00,
-1778190076128183,00000180,false,Rx,0,8,0D,00,01,00,00,00,00,00,
-1778190076127262,00000280,false,Rx,0,8,94,CB,8D,3F,5D,B9,83,3D,
-1778190076126330,00000281,false,Rx,0,8,51,0B,DC,42,00,00,34,42,
-1778190076125305,00000380,false,Rx,0,8,00,00,00,00,00,00,00,00,
-1778190076124325,00000381,false,Rx,0,8,05,00,80,3F,00,00,00,00,
-1778190076107743,00000180,false,Rx,0,8,0D,00,01,00,00,00,00,00,
-1778190076106815,00000280,false,Rx,0,8,13,9E,8D,3F,E0,88,85,3D,
-1778190076105882,00000281,false,Rx,0,8,51,0B,DC,42,00,00,34,42,
-1778190076104857,00000380,false,Rx,0,8,00,00,00,00,00,00,00,00,
-1778190076103878,00000381,false,Rx,0,8,05,00,80,3F,00,00,00,00,
-1778190076085016,00000180,false,Rx,0,8,0D,00,01,00,00,00,00,00,
-1778190076084084,00000280,false,Rx,0,8,13,9E,8D,3F,E0,88,85,3D,
-1778190076083155,00000281,false,Rx,0,8,51,0B,DC,42,00,00,34,42,
-1778190076082125,00000380,false,Rx,0,8,00,00,00,00,00,00,00,00,
-1778190076081147,00000381,false,Rx,0,8,05,00,80,3F,00,00,00,00,
-1778190076064406,00000180,false,Rx,0,8,0D,00,01,00,00,00,00,00,
-1778190076063466,00000280,false,Rx,0,8,D9,72,8D,3F,23,E0,83,3D,
-1778190076062533,00000281,false,Rx,0,8,51,0B,DC,42,00,00,34,42,
-1778190076061508,00000380,false,Rx,0,8,00,00,00,00,00,00,00,00,
-1778190076060529,00000381,false,Rx,0,8,05,00,80,3F,00,00,00,00,
-1778190076041653,00000180,false,Rx,0,8,0D,00,01,00,00,00,00,00,
-1778190076040712,00000280,false,Rx,0,8,D9,72,8D,3F,23,E0,83,3D,
-1778190076039783,00000281,false,Rx,0,8,51,0B,DC,42,00,00,34,42,
-1778190076038757,00000380,false,Rx,0,8,00,00,00,00,00,00,00,00,
-1778190076037778,00000381,false,Rx,0,8,05,00,80,3F,00,00,00,00,
-1778190076021043,00000180,false,Rx,0,8,0D,00,01,00,00,00,00,00,
-1778190076020128,00000280,false,Rx,0,8,C8,49,8D,3F,B6,AD,85,3D,
-1778190076019200,00000281,false,Rx,0,8,51,0B,DC,42,00,00,34,42,
-1778190076018171,00000380,false,Rx,0,8,00,00,00,00,00,00,00,00,
-1778190076017192,00000381,false,Rx,0,8,05,00,80,3F,00,00,00,00,
-1778190075998323,00000180,false,Rx,0,8,0D,00,01,00,00,00,00,00,
-1778190075997410,00000280,false,Rx,0,8,C8,49,8D,3F,B6,AD,85,3D,
-1778190075996477,00000281,false,Rx,0,8,51,0B,DC,42,00,00,34,42,
-1778190075995448,00000380,false,Rx,0,8,00,00,00,00,00,00,00,00,
-1778190075994469,00000381,false,Rx,0,8,05,00,80,3F,00,00,00,00,
-1778190075973228,00000180,false,Rx,0,8,0D,00,01,00,00,00,00,00,
-1778190075972313,00000280,false,Rx,0,8,C8,49,8D,3F,B6,AD,85,3D,
-1778190075971384,00000281,false,Rx,0,8,51,0B,DC,42,00,00,34,42,
-1778190075970357,00000380,false,Rx,0,8,00,00,00,00,00,00,00,00,
-1778190075969377,00000381,false,Rx,0,8,05,00,80,3F,00,00,00,00,
-1778190075952613,00000180,false,Rx,0,8,0D,00,01,00,00,00,00,00,
-1778190075951689,00000280,false,Rx,0,8,C5,22,8D,3F,22,03,84,3D,
-1778190075950760,00000281,false,Rx,0,8,51,0B,DC,42,00,00,34,42,
-1778190075949730,00000380,false,Rx,0,8,00,00,00,00,00,00,00,00,
-1778190075948752,00000381,false,Rx,0,8,05,00,80,3F,00,00,00,00,
-1778190075929883,00000180,false,Rx,0,8,0D,00,01,00,00,00,00,00,
-1778190075928962,00000280,false,Rx,0,8,C5,22,8D,3F,22,03,84,3D,
-1778190075928029,00000281,false,Rx,0,8,51,0B,DC,42,00,00,34,42,
-1778190075927003,00000380,false,Rx,0,8,00,00,00,00,00,00,00,00,
-1778190075926021,00000381,false,Rx,0,8,05,00,80,3F,00,00,00,00,
-1778190075909265,00000180,false,Rx,0,8,0D,00,01,00,00,00,00,00,
-1778190075908332,00000280,false,Rx,0,8,B5,FD,8C,3F,9A,AE,84,3D,
-1778190075907404,00000281,false,Rx,0,8,51,0B,DC,42,00,00,34,42,
-1778190075906375,00000380,false,Rx,0,8,00,00,00,00,00,00,00,00,
-1778190075905396,00000381,false,Rx,0,8,05,00,80,3F,00,00,00,00,
-1778190075886546,00000180,false,Rx,0,8,0D,00,01,00,00,00,00,00,
-1778190075885613,00000280,false,Rx,0,8,B5,FD,8C,3F,9A,AE,84,3D,
-1778190075884684,00000281,false,Rx,0,8,51,0B,DC,42,00,00,34,42,
-1778190075883655,00000380,false,Rx,0,8,00,00,00,00,00,00,00,00,
-1778190075882676,00000381,false,Rx,0,8,05,00,80,3F,00,00,00,00,
-1778190075866122,00000180,false,Rx,0,8,0D,00,01,00,00,00,00,00,
-1778190075865188,00000280,false,Rx,0,8,7F,DA,8C,3F,C7,10,83,3D,
-1778190075864260,00000281,false,Rx,0,8,51,0B,DC,42,00,00,34,42,
-1778190075863231,00000380,false,Rx,0,8,00,00,00,00,00,00,00,00,
-1778190075862252,00000381,false,Rx,0,8,05,00,80,3F,00,00,00,00,
-1778190075845952,00000180,false,Rx,0,8,0D,00,01,00,00,00,00,00,
-1778190075845023,00000280,false,Rx,0,8,7F,DA,8C,3F,C7,10,83,3D,
-1778190075844091,00000281,false,Rx,0,8,51,0B,DC,42,00,00,34,42,
-1778190075843061,00000380,false,Rx,0,8,00,00,00,00,00,00,00,00,
-1778190075842083,00000381,false,Rx,0,8,05,00,80,3F,00,00,00,00,
-1778190075823217,00000180,false,Rx,0,8,0D,00,01,00,00,00,00,00,
-1778190075822284,00000280,false,Rx,0,8,7F,DA,8C,3F,C7,10,83,3D,
-1778190075821351,00000281,false,Rx,0,8,51,0B,DC,42,00,00,34,42,
-1778190075820327,00000380,false,Rx,0,8,00,00,00,00,00,00,00,00,
-1778190075819348,00000381,false,Rx,0,8,05,00,80,3F,00,00,00,00,
-1778190075800189,00000180,false,Rx,0,8,0D,00,01,00,00,00,00,00,
-1778190075799268,00000280,false,Rx,0,8,0C,B9,8C,3F,B8,E8,84,3D,
-1778190075798335,00000281,false,Rx,0,8,51,0B,DC,42,00,00,34,42,
-1778190075797310,00000380,false,Rx,0,8,00,00,00,00,00,00,00,00,
-1778190075796331,00000381,false,Rx,0,8,05,00,80,3F,00,00,00,00,
-1778190075777454,00000180,false,Rx,0,8,0D,00,01,00,00,00,00,00,
-1778190075776529,00000280,false,Rx,0,8,0C,B9,8C,3F,B8,E8,84,3D,
-1778190075775600,00000281,false,Rx,0,8,51,0B,DC,42,00,00,34,42,
-1778190075774570,00000380,false,Rx,0,8,00,00,00,00,00,00,00,00,
-1778190075773694,00000381,false,Rx,0,8,05,00,80,3F,00,00,00,00,
-1778190075756844,00000180,false,Rx,0,8,0D,00,01,00,00,00,00,00,
-1778190075755911,00000280,false,Rx,0,8,45,99,8C,3F,FE,47,83,3D,
-1778190075754983,00000281,false,Rx,0,8,51,0B,DC,42,00,00,34,42,
-1778190075753953,00000380,false,Rx,0,8,00,00,00,00,00,00,00,00,
-1778190075753074,00000381,false,Rx,0,8,05,00,80,3F,00,00,00,00,
-1778190075734123,00000180,false,Rx,0,8,0D,00,01,00,00,00,00,00,
-1778190075733292,00000280,false,Rx,0,8,45,99,8C,3F,FE,47,83,3D,
-1778190075732359,00000281,false,Rx,0,8,51,0B,DC,42,00,00,34,42,
-1778190075731335,00000380,false,Rx,0,8,00,00,00,00,00,00,00,00,
-1778190075730354,00000381,false,Rx,0,8,05,00,80,3F,00,00,00,00,
-1778190075711413,00000180,false,Rx,0,8,0D,00,01,00,00,00,00,00,
-1778190075710485,00000280,false,Rx,0,8,45,99,8C,3F,FE,47,83,3D,
-1778190075709552,00000281,false,Rx,0,8,51,0B,DC,42,00,00,34,42,
-1778190075708523,00000380,false,Rx,0,8,00,00,00,00,00,00,00,00,
-1778190075707545,00000381,false,Rx,0,8,05,00,80,3F,00,00,00,00,
-1778190075690819,00000180,false,Rx,0,8,0D,00,01,00,00,00,00,00,
-1778190075689898,00000280,false,Rx,0,8,15,7B,8C,3F,2D,1D,85,3D,
-1778190075688965,00000281,false,Rx,0,8,51,0B,DC,42,00,00,34,42,
-1778190075687940,00000380,false,Rx,0,8,00,00,00,00,00,00,00,00,
-1778190075686962,00000381,false,Rx,0,8,05,00,80,3F,00,00,00,00,
-1778190075668073,00000180,false,Rx,0,8,0D,00,01,00,00,00,00,00,
-1778190075667152,00000280,false,Rx,0,8,15,7B,8C,3F,2D,1D,85,3D,
-1778190075666220,00000281,false,Rx,0,8,51,0B,DC,42,00,00,34,42,
-1778190075665195,00000380,false,Rx,0,8,00,00,00,00,00,00,00,00,
-1778190075664215,00000381,false,Rx,0,8,05,00,80,3F,00,00,00,00,
-1778190075645266,00000180,false,Rx,0,8,0D,00,01,00,00,00,00,00,
-1778190075644345,00000280,false,Rx,0,8,67,5E,8C,3F,D2,79,83,3D,
-1778190075643413,00000281,false,Rx,0,8,51,0B,DC,42,00,00,34,42,
-1778190075642387,00000380,false,Rx,0,8,00,00,00,00,00,00,00,00,
-1778190075641408,00000381,false,Rx,0,8,05,00,80,3F,00,00,00,00,
-1778190075622539,00000180,false,Rx,0,8,0D,00,01,00,00,00,00,00,
-1778190075621614,00000280,false,Rx,0,8,67,5E,8C,3F,D2,79,83,3D,
-1778190075620686,00000281,false,Rx,0,8,51,0B,DC,42,00,00,34,42,
-1778190075619656,00000380,false,Rx,0,8,00,00,00,00,00,00,00,00,
-1778190075618677,00000381,false,Rx,0,8,05,00,80,3F,00,00,00,00,
-1778190075601930,00000180,false,Rx,0,8,0D,00,01,00,00,00,00,00,
-1778190075601005,00000280,false,Rx,0,8,CE,DE,90,3F,27,2C,84,3D,
-1778190075600077,00000281,false,Rx,0,8,51,0B,DC,42,00,00,34,42,
-1778190075599047,00000380,false,Rx,0,8,00,00,00,00,00,00,00,00,
-1778190075598068,00000381,false,Rx,0,8,05,00,80,3F,00,00,00,00,
-1778190075579176,00000180,false,Rx,0,8,0D,00,01,00,00,00,00,00,
-1778190075578255,00000280,false,Rx,0,8,CE,DE,90,3F,27,2C,84,3D,
-1778190075577322,00000281,false,Rx,0,8,51,0B,DC,42,00,00,34,42,
-1778190075576297,00000380,false,Rx,0,8,00,00,00,00,00,00,00,00,
-1778190075575318,00000381,false,Rx,0,8,05,00,80,3F,00,00,00,00,
-1778190075556207,00000180,false,Rx,0,8,0D,00,01,00,00,00,00,00,
-1778190075555286,00000280,false,Rx,0,8,CE,DE,90,3F,27,2C,84,3D,
-1778190075554353,00000281,false,Rx,0,8,51,0B,DC,42,00,00,34,42,
-1778190075553228,00000380,false,Rx,0,8,00,00,00,00,00,00,00,00,
-1778190075552246,00000381,false,Rx,0,8,05,00,80,3F,00,00,00,00,
-1778190075535390,00000180,false,Rx,0,8,0D,00,01,00,00,00,00,00,
-1778190075534453,00000280,false,Rx,0,8,F1,89,90,3F,DA,94,82,3D,
-1778190075533421,00000281,false,Rx,0,8,51,0B,DC,42,00,00,34,42,
-1778190075532391,00000380,false,Rx,0,8,00,00,00,00,00,00,00,00,
-1778190075531413,00000381,false,Rx,0,8,05,00,80,3F,00,00,00,00,
-1778190075512370,00000180,false,Rx,0,8,0D,00,01,00,00,00,00,00,
-1778190075511430,00000280,false,Rx,0,8,F1,89,90,3F,DA,94,82,3D,
-1778190075510501,00000281,false,Rx,0,8,51,0B,DC,42,00,00,34,42,
-1778190075509472,00000380,false,Rx,0,8,00,00,00,00,00,00,00,00,
-1778190075508493,00000381,false,Rx,0,8,05,00,80,3F,00,00,00,00,
-1778190075489139,00000180,false,Rx,0,8,0D,00,01,00,00,00,00,00,
-1778190075488206,00000280,false,Rx,0,8,52,39,90,3F,FE,72,84,3D,
-1778190075487277,00000281,false,Rx,0,8,51,0B,DC,42,00,00,34,42,
-1778190075486248,00000380,false,Rx,0,8,00,00,00,00,00,00,00,00,
-1778190075485269,00000381,false,Rx,0,8,05,00,80,3F,00,00,00,00,
-1778190075466193,00000180,false,Rx,0,8,0D,00,01,00,00,00,00,00,
-1778190075465260,00000280,false,Rx,0,8,52,39,90,3F,FE,72,84,3D,
-1778190075464331,00000281,false,Rx,0,8,51,0B,DC,42,00,00,34,42,
-1778190075463302,00000380,false,Rx,0,8,00,00,00,00,00,00,00,00,
-1778190075462323,00000381,false,Rx,0,8,05,00,80,3F,00,00,00,00,
-1778190075445392,00000180,false,Rx,0,8,0D,00,01,00,00,00,00,00,
-1778190075444459,00000280,false,Rx,0,8,BA,EC,8F,3F,26,D8,82,3D,
-1778190075443529,00000281,false,Rx,0,8,51,0B,DC,42,00,00,34,42,
-1778190075442501,00000380,false,Rx,0,8,00,00,00,00,00,00,00,00,
-1778190075441522,00000381,false,Rx,0,8,05,00,80,3F,00,00,00,00,
-1778190075425021,00000180,false,Rx,0,8,0D,00,01,00,00,00,00,00,
-1778190075424092,00000280,false,Rx,0,8,BA,EC,8F,3F,26,D8,82,3D,
-1778190075423160,00000281,false,Rx,0,8,51,0B,DC,42,00,00,34,42,
-1778190075422134,00000380,false,Rx,0,8,00,00,00,00,00,00,00,00,
-1778190075421155,00000381,false,Rx,0,8,05,00,80,3F,00,00,00,00,
-1778190075402087,00000180,false,Rx,0,8,0D,00,01,00,00,00,00,00,
-1778190075401155,00000280,false,Rx,0,8,BA,EC,8F,3F,26,D8,82,3D,
-1778190075400226,00000281,false,Rx,0,8,51,0B,DC,42,00,00,34,42,
-1778190075399196,00000380,false,Rx,0,8,00,00,00,00,00,00,00,00,
-1778190075398218,00000381,false,Rx,0,8,05,00,80,3F,00,00,00,00,
-1778190075381285,00000180,false,Rx,0,8,0D,00,01,00,00,00,00,00,
-1778190075380356,00000280,false,Rx,0,8,9D,3F,94,3F,EC,B2,84,3D,
-1778190075379423,00000281,false,Rx,0,8,51,0B,DC,42,00,00,34,42,
-1778190075378394,00000380,false,Rx,0,8,00,00,00,00,00,00,00,00,
-1778190075377415,00000381,false,Rx,0,8,05,00,80,3F,00,00,00,00,
-1778190075358323,00000180,false,Rx,0,8,0D,00,01,00,00,00,00,00,
-1778190075357394,00000280,false,Rx,0,8,9D,3F,94,3F,EC,B2,84,3D,
-1778190075356461,00000281,false,Rx,0,8,51,0B,DC,42,00,00,34,42,
-1778190075355433,00000380,false,Rx,0,8,00,00,00,00,00,00,00,00,
-1778190075354453,00000381,false,Rx,0,8,05,00,80,3F,00,00,00,00,
-1778190075337528,00000180,false,Rx,0,8,0D,00,01,00,00,00,00,00,
-1778190075336592,00000280,false,Rx,0,8,82,BF,93,3F,F5,75,86,3D,
-1778190075335659,00000281,false,Rx,0,8,51,0B,DC,42,00,00,34,42,
-1778190075334635,00000380,false,Rx,0,8,00,00,00,00,00,00,00,00,
-1778190075333655,00000381,false,Rx,0,8,05,00,80,3F,00,00,00,00,
-1778190075312192,00000180,false,Rx,0,8,0D,00,01,00,00,00,00,00,
-1778190075311156,00000280,false,Rx,0,8,82,BF,93,3F,F5,75,86,3D,
-1778190075310224,00000281,false,Rx,0,8,51,0B,DC,42,00,00,34,42,
-1778190075309196,00000380,false,Rx,0,8,00,00,00,00,00,00,00,00,
-1778190075308216,00000381,false,Rx,0,8,05,00,80,3F,00,00,00,00,
-1778190075289110,00000180,false,Rx,0,8,0D,00,01,00,00,00,00,00,
-1778190075288168,00000280,false,Rx,0,8,82,BF,93,3F,F5,75,86,3D,
-1778190075287239,00000281,false,Rx,0,8,51,0B,DC,42,00,00,34,42,
-1778190075286210,00000380,false,Rx,0,8,00,00,00,00,00,00,00,00,
-1778190075285232,00000381,false,Rx,0,8,05,00,80,3F,00,00,00,00,
-1778190075268299,00000180,false,Rx,0,8,0D,00,01,00,00,00,00,00,
-1778190075267367,00000280,false,Rx,0,8,CE,45,93,3F,5E,C1,84,3D,
-1778190075266438,00000281,false,Rx,0,8,51,0B,DC,42,00,00,34,42,
-1778190075265409,00000380,false,Rx,0,8,00,00,00,00,00,00,00,00,
-1778190075264429,00000381,false,Rx,0,8,05,00,80,3F,00,00,00,00,
-1778190075245361,00000180,false,Rx,0,8,0D,00,01,00,00,00,00,00,
-1778190075244433,00000280,false,Rx,0,8,CE,45,93,3F,5E,C1,84,3D,
-1778190075243500,00000281,false,Rx,0,8,51,0B,DC,42,00,00,34,42,
-1778190075242474,00000380,false,Rx,0,8,00,00,00,00,00,00,00,00,
-1778190075241496,00000381,false,Rx,0,8,05,00,80,3F,00,00,00,00,
-1778190075224544,00000180,false,Rx,0,8,0D,00,01,00,00,00,00,00,
-1778190075223615,00000280,false,Rx,0,8,31,D2,92,3F,AE,83,86,3D,
-1778190075222682,00000281,false,Rx,0,8,51,0B,DC,42,00,00,34,42,
-1778190075221657,00000380,false,Rx,0,8,00,00,00,00,00,00,00,00,
-1778190075220674,00000381,false,Rx,0,8,05,00,80,3F,00,00,00,00,
-1778190075201609,00000180,false,Rx,0,8,0D,00,01,00,00,00,00,00,
-1778190075200676,00000280,false,Rx,0,8,31,D2,92,3F,AE,83,86,3D,
-1778190075199744,00000281,false,Rx,0,8,51,0B,DC,42,00,00,34,42,
-1778190075198719,00000380,false,Rx,0,8,00,00,00,00,00,00,00,00,
-1778190075197739,00000381,false,Rx,0,8,05,00,80,3F,00,00,00,00,
-1778190075180799,00000180,false,Rx,0,8,0D,00,01,00,00,00,00,00,
-1778190075179866,00000280,false,Rx,0,8,5B,64,92,3F,67,CE,84,3D,
-1778190075178937,00000281,false,Rx,0,8,51,0B,DC,42,00,00,34,42,
-1778190075177908,00000380,false,Rx,0,8,00,00,00,00,00,00,00,00,
-1778190075176929,00000381,false,Rx,0,8,05,00,80,3F,00,00,00,00,
-1778190075155453,00000180,false,Rx,0,8,0D,00,01,00,00,00,00,00,
-1778190075154521,00000280,false,Rx,0,8,5B,64,92,3F,67,CE,84,3D,
-1778190075153592,00000281,false,Rx,0,8,51,0B,DC,42,00,00,34,42,
-1778190075152563,00000380,false,Rx,0,8,00,00,00,00,00,00,00,00,
-1778190075151584,00000381,false,Rx,0,8,05,00,80,3F,00,00,00,00,
-1778190075132484,00000180,false,Rx,0,8,0D,00,01,00,00,00,00,00,
-1778190075131552,00000280,false,Rx,0,8,5B,64,92,3F,67,CE,84,3D,
-1778190075130623,00000281,false,Rx,0,8,51,0B,DC,42,00,00,34,42,
-1778190075129493,00000380,false,Rx,0,8,00,00,00,00,00,00,00,00,
-1778190075128516,00000381,false,Rx,0,8,05,00,80,3F,00,00,00,00,
-1778190075111667,00000180,false,Rx,0,8,0D,00,01,00,00,00,00,00,
-1778190075110711,00000280,false,Rx,0,8,03,FC,91,3F,B5,6F,85,3D,
-1778190075109683,00000281,false,Rx,0,8,51,0B,DC,42,00,00,34,42,
-1778190075108654,00000380,false,Rx,0,8,00,00,00,00,00,00,00,00,
-1778190075107674,00000381,false,Rx,0,8,05,00,80,3F,00,00,00,00,
-1778190075088631,00000180,false,Rx,0,8,0D,00,01,00,00,00,00,00,
-1778190075087676,00000280,false,Rx,0,8,03,FC,91,3F,B5,6F,85,3D,
-1778190075086746,00000281,false,Rx,0,8,51,0B,DC,42,00,00,34,42,
-1778190075085717,00000380,false,Rx,0,8,00,00,00,00,00,00,00,00,
-1778190075084738,00000381,false,Rx,0,8,05,00,80,3F,00,00,00,00,
-1778190075067821,00000180,false,Rx,0,8,0D,00,01,00,00,00,00,00,
-1778190075066888,00000280,false,Rx,0,8,E3,98,91,3F,3A,C8,83,3D,
-1778190075065959,00000281,false,Rx,0,8,51,0B,DC,42,00,00,34,42,
-1778190075064931,00000380,false,Rx,0,8,00,00,00,00,00,00,00,00,
-1778190075063952,00000381,false,Rx,0,8,05,00,80,3F,00,00,00,00,
-1778190075044898,00000180,false,Rx,0,8,0D,00,01,00,00,00,00,00,
-1778190075043969,00000280,false,Rx,0,8,E3,98,91,3F,3A,C8,83,3D,
-1778190075043036,00000281,false,Rx,0,8,51,0B,DC,42,00,00,34,42,
-1778190075042011,00000380,false,Rx,0,8,00,00,00,00,00,00,00,00,
-1778190075041032,00000381,false,Rx,0,8,05,00,80,3F,00,00,00,00,
-1778190075024272,00000180,false,Rx,0,8,0D,00,01,00,00,00,00,00,
-1778190075023336,00000280,false,Rx,0,8,B8,3A,91,3F,FF,96,85,3D,
-1778190075022403,00000281,false,Rx,0,8,51,0B,DC,42,00,00,34,42,
-1778190075021378,00000380,false,Rx,0,8,00,00,00,00,00,00,00,00,
-1778190075020399,00000381,false,Rx,0,8,05,00,80,3F,00,00,00,00,
-1778190074999120,00000180,false,Rx,0,8,0D,00,01,00,00,00,00,00,
-1778190074998184,00000280,false,Rx,0,8,B8,3A,91,3F,FF,96,85,3D,
-1778190074997251,00000281,false,Rx,0,8,51,0B,DC,42,00,00,34,42,
-1778190074996226,00000380,false,Rx,0,8,00,00,00,00,00,00,00,00,
-1778190074995247,00000381,false,Rx,0,8,05,00,80,3F,00,00,00,00,
-1778190074976146,00000180,false,Rx,0,8,0D,00,01,00,00,00,00,00,
-1778190074975205,00000280,false,Rx,0,8,B8,3A,91,3F,FF,96,85,3D,
-1778190074974273,00000281,false,Rx,0,8,51,0B,DC,42,00,00,34,42,
-1778190074973248,00000380,false,Rx,0,8,00,00,00,00,00,00,00,00,
-1778190074972268,00000381,false,Rx,0,8,05,00,80,3F,00,00,00,00,
-1778190074955344,00000180,false,Rx,0,8,0D,00,01,00,00,00,00,00,
-1778190074954404,00000280,false,Rx,0,8,42,E1,90,3F,8E,ED,83,3D,
-1778190074953474,00000281,false,Rx,0,8,51,0B,DC,42,00,00,34,42,
-1778190074952446,00000380,false,Rx,0,8,00,00,00,00,00,00,00,00,
-1778190074951467,00000381,false,Rx,0,8,05,00,80,3F,00,00,00,00,
-1778190074932389,00000180,false,Rx,0,8,0D,00,01,00,00,00,00,00,
-1778190074931453,00000280,false,Rx,0,8,42,E1,90,3F,8E,ED,83,3D,
-1778190074930521,00000281,false,Rx,0,8,51,0B,DC,42,00,00,34,42,
-1778190074929491,00000380,false,Rx,0,8,00,00,00,00,00,00,00,00,
-1778190074928414,00000381,false,Rx,0,8,05,00,80,3F,00,00,00,00,
-1778190074911595,00000180,false,Rx,0,8,0D,00,01,00,00,00,00,00,
-1778190074910674,00000280,false,Rx,0,8,45,8C,90,3F,76,BA,85,3D,
-1778190074909742,00000281,false,Rx,0,8,51,0B,DC,42,00,00,34,42,
-1778190074908713,00000380,false,Rx,0,8,00,00,00,00,00,00,00,00,
-1778190074907637,00000381,false,Rx,0,8,05,00,80,3F,00,00,00,00,
-1778190074888659,00000180,false,Rx,0,8,0D,00,01,00,00,00,00,00,
-1778190074887635,00000280,false,Rx,0,8,45,8C,90,3F,76,BA,85,3D,
-1778190074886705,00000281,false,Rx,0,8,51,0B,DC,42,00,00,34,42,
-1778190074885677,00000380,false,Rx,0,8,00,00,00,00,00,00,00,00,
-1778190074884700,00000381,false,Rx,0,8,05,00,80,3F,00,00,00,00,
-1778190074867741,00000180,false,Rx,0,8,0D,00,01,00,00,00,00,00,
-1778190074866777,00000280,false,Rx,0,8,88,3B,90,3F,3E,0F,84,3D,
-1778190074865847,00000281,false,Rx,0,8,51,0B,DC,42,00,00,34,42,
-1778190074864819,00000380,false,Rx,0,8,00,00,00,00,00,00,00,00,
-1778190074863840,00000381,false,Rx,0,8,05,00,80,3F,00,00,00,00,
-1778190074844964,00000180,false,Rx,0,8,0D,00,01,00,00,00,00,00,
-1778190074844000,00000280,false,Rx,0,8,88,3B,90,3F,3E,0F,84,3D,
-1778190074843071,00000281,false,Rx,0,8,51,0B,DC,42,00,00,34,42,
-1778190074842042,00000380,false,Rx,0,8,00,00,00,00,00,00,00,00,
-1778190074841063,00000381,false,Rx,0,8,05,00,80,3F,00,00,00,00,
-1778190074822036,00000180,false,Rx,0,8,0D,00,01,00,00,00,00,00,
-1778190074821072,00000280,false,Rx,0,8,88,3B,90,3F,3E,0F,84,3D,
-1778190074820140,00000281,false,Rx,0,8,51,0B,DC,42,00,00,34,42,
-1778190074819114,00000380,false,Rx,0,8,00,00,00,00,00,00,00,00,
-1778190074818135,00000381,false,Rx,0,8,05,00,80,3F,00,00,00,00,
-1778190074801217,00000180,false,Rx,0,8,0D,00,01,00,00,00,00,00,
-1778190074800293,00000280,false,Rx,0,8,D5,EE,8F,3F,76,DA,85,3D,
-1778190074799364,00000281,false,Rx,0,8,51,0B,DC,42,00,00,34,42,
-1778190074798335,00000380,false,Rx,0,8,00,00,00,00,00,00,00,00,
-1778190074797356,00000381,false,Rx,0,8,05,00,80,3F,00,00,00,00,
-1778190074778266,00000180,false,Rx,0,8,0D,00,01,00,00,00,00,00,
-1778190074777341,00000280,false,Rx,0,8,D5,EE,8F,3F,76,DA,85,3D,
-1778190074776412,00000281,false,Rx,0,8,51,0B,DC,42,00,00,34,42,
-1778190074775384,00000380,false,Rx,0,8,00,00,00,00,00,00,00,00,
-1778190074774404,00000381,false,Rx,0,8,05,00,80,3F,00,00,00,00,
-1778190074757461,00000180,false,Rx,0,8,0D,00,01,00,00,00,00,00,
-1778190074756547,00000280,false,Rx,0,8,F7,A5,8F,3F,A5,2D,84,3D,
-1778190074755614,00000281,false,Rx,0,8,51,0B,DC,42,00,00,34,42,
-1778190074754589,00000380,false,Rx,0,8,00,00,00,00,00,00,00,00,
-1778190074753610,00000381,false,Rx,0,8,05,00,80,3F,00,00,00,00,
-1778190074734534,00000180,false,Rx,0,8,0D,00,01,00,00,00,00,00,
-1778190074733616,00000280,false,Rx,0,8,F7,A5,8F,3F,A5,2D,84,3D,
-1778190074732687,00000281,false,Rx,0,8,51,0B,DC,42,00,00,34,42,
-1778190074731657,00000380,false,Rx,0,8,00,00,00,00,00,00,00,00,
-1778190074730679,00000381,false,Rx,0,8,05,00,80,3F,00,00,00,00,
-1778190074711548,00000180,false,Rx,0,8,0D,00,01,00,00,00,00,00,
-1778190074710634,00000280,false,Rx,0,8,F7,A5,8F,3F,A5,2D,84,3D,
-1778190074709702,00000281,false,Rx,0,8,51,0B,DC,42,00,00,34,42,
-1778190074708676,00000380,false,Rx,0,8,00,00,00,00,00,00,00,00,
-1778190074707694,00000381,false,Rx,0,8,05,00,80,3F,00,00,00,00,
-1778190074690738,00000180,false,Rx,0,8,0D,00,01,00,00,00,00,00,
-1778190074689798,00000280,false,Rx,0,8,BE,60,8F,3F,FD,D6,84,3D,
-1778190074688869,00000281,false,Rx,0,8,51,0B,DC,42,00,00,34,42,
-1778190074687839,00000380,false,Rx,0,8,00,00,00,00,00,00,00,00,
-1778190074686861,00000381,false,Rx,0,8,05,00,80,3F,00,00,00,00,
-1778190074665302,00000180,false,Rx,0,8,0D,00,01,00,00,00,00,00,
-1778190074664362,00000280,false,Rx,0,8,BE,60,8F,3F,FD,D6,84,3D,
-1778190074663429,00000281,false,Rx,0,8,51,0B,DC,42,00,00,34,42,
-1778190074662403,00000380,false,Rx,0,8,00,00,00,00,00,00,00,00,
-1778190074661425,00000381,false,Rx,0,8,05,00,80,3F,00,00,00,00,
-1778190074644473,00000180,false,Rx,0,8,0D,00,01,00,00,00,00,00,
-1778190074643544,00000280,false,Rx,0,8,FB,1E,8F,3F,25,37,83,3D,
-1778190074642611,00000281,false,Rx,0,8,51,0B,DC,42,00,00,34,42,
-1778190074641586,00000380,false,Rx,0,8,00,00,00,00,00,00,00,00,
-1778190074640607,00000381,false,Rx,0,8,05,00,80,3F,00,00,00,00,
-1778190074621552,00000180,false,Rx,0,8,0D,00,01,00,00,00,00,00,
-1778190074620624,00000280,false,Rx,0,8,FB,1E,8F,3F,25,37,83,3D,
-1778190074619691,00000281,false,Rx,0,8,51,0B,DC,42,00,00,34,42,
-1778190074618665,00000380,false,Rx,0,8,00,00,00,00,00,00,00,00,
-1778190074617683,00000381,false,Rx,0,8,05,00,80,3F,00,00,00,00,
-1778190074600735,00000180,false,Rx,0,8,0D,00,01,00,00,00,00,00,
-1778190074599802,00000280,false,Rx,0,8,82,E0,8E,3F,2B,0D,85,3D,
-1778190074598873,00000281,false,Rx,0,8,51,0B,DC,42,00,00,34,42,
-1778190074597844,00000380,false,Rx,0,8,00,00,00,00,00,00,00,00,
-1778190074596865,00000381,false,Rx,0,8,05,00,80,3F,00,00,00,00,
-1778190074577787,00000180,false,Rx,0,8,0D,00,01,00,00,00,00,00,
-1778190074576858,00000280,false,Rx,0,8,82,E0,8E,3F,2B,0D,85,3D,
-1778190074575926,00000281,false,Rx,0,8,51,0B,DC,42,00,00,34,42,
-1778190074574900,00000380,false,Rx,0,8,00,00,00,00,00,00,00,00,
-1778190074573921,00000381,false,Rx,0,8,05,00,80,3F,00,00,00,00,
-1778190074554821,00000180,false,Rx,0,8,0D,00,01,00,00,00,00,00,
-1778190074553889,00000280,false,Rx,0,8,82,E0,8E,3F,2B,0D,85,3D,
-1778190074552959,00000281,false,Rx,0,8,51,0B,DC,42,00,00,34,42,
-1778190074551930,00000380,false,Rx,0,8,00,00,00,00,00,00,00,00,
-1778190074550952,00000381,false,Rx,0,8,05,00,80,3F,00,00,00,00,
-1778190074534003,00000180,false,Rx,0,8,0D,00,01,00,00,00,00,00,
-1778190074533070,00000280,false,Rx,0,8,28,A5,8E,3F,9E,6A,83,3D,
-1778190074532140,00000281,false,Rx,0,8,51,0B,DC,42,00,00,34,42,
-1778190074531111,00000380,false,Rx,0,8,00,00,00,00,00,00,00,00,
-1778190074530133,00000381,false,Rx,0,8,05,00,80,3F,00,00,00,00,
-1778190074509072,00000180,false,Rx,0,8,0D,00,01,00,00,00,00,00,
-1778190074508140,00000280,false,Rx,0,8,28,A5,8E,3F,9E,6A,83,3D,
-1778190074507211,00000281,false,Rx,0,8,51,0B,DC,42,00,00,34,42,
-1778190074506181,00000380,false,Rx,0,8,00,00,00,00,00,00,00,00,
-1778190074505304,00000381,false,Rx,0,8,05,00,80,3F,00,00,00,00,
-1778190074488648,00000180,false,Rx,0,8,0D,00,01,00,00,00,00,00,
-1778190074487708,00000280,false,Rx,0,8,C6,6C,8E,3F,12,3E,85,3D,
-1778190074486779,00000281,false,Rx,0,8,51,0B,DC,42,00,00,34,42,
-1778190074485749,00000380,false,Rx,0,8,00,00,00,00,00,00,00,00,
-1778190074484872,00000381,false,Rx,0,8,05,00,80,3F,00,00,00,00,
-1778190074465943,00000180,false,Rx,0,8,0D,00,01,00,00,00,00,00,
-1778190074465104,00000280,false,Rx,0,8,C6,6C,8E,3F,12,3E,85,3D,
-1778190074464171,00000281,false,Rx,0,8,51,0B,DC,42,00,00,34,42,
-1778190074463143,00000380,false,Rx,0,8,00,00,00,00,00,00,00,00,
-1778190074462167,00000381,false,Rx,0,8,05,00,80,3F,00,00,00,00,
-1778190074445492,00000180,false,Rx,0,8,0D,00,01,00,00,00,00,00,
-1778190074444659,00000280,false,Rx,0,8,36,37,8E,3F,12,99,83,3D,
-1778190074443729,00000281,false,Rx,0,8,51,0B,DC,42,00,00,34,42,
-1778190074442702,00000380,false,Rx,0,8,00,00,00,00,00,00,00,00,
-1778190074441722,00000381,false,Rx,0,8,05,00,80,3F,00,00,00,00,
-1778190074422861,00000180,false,Rx,0,8,0D,00,01,00,00,00,00,00,
-1778190074421932,00000280,false,Rx,0,8,36,37,8E,3F,12,99,83,3D,
-1778190074420999,00000281,false,Rx,0,8,51,0B,DC,42,00,00,34,42,
-1778190074419974,00000380,false,Rx,0,8,00,00,00,00,00,00,00,00,
-1778190074418995,00000381,false,Rx,0,8,05,00,80,3F,00,00,00,00,
-1778190074400087,00000180,false,Rx,0,8,0D,00,01,00,00,00,00,00,
-1778190074399154,00000280,false,Rx,0,8,36,37,8E,3F,12,99,83,3D,
-1778190074398221,00000281,false,Rx,0,8,51,0B,DC,42,00,00,34,42,
-1778190074397197,00000380,false,Rx,0,8,00,00,00,00,00,00,00,00,
-1778190074396217,00000381,false,Rx,0,8,05,00,80,3F,00,00,00,00,
-1778190074379465,00000180,false,Rx,0,8,0D,00,01,00,00,00,00,00,
-1778190074378536,00000280,false,Rx,0,8,53,04,8E,3F,D7,49,84,3D,
-1778190074377602,00000281,false,Rx,0,8,51,0B,DC,42,00,00,34,42,
-1778190074376578,00000380,false,Rx,0,8,00,00,00,00,00,00,00,00,
-1778190074375599,00000381,false,Rx,0,8,05,00,80,3F,00,00,00,00,
-1778190074354319,00000180,false,Rx,0,8,0D,00,01,00,00,00,00,00,
-1778190074353390,00000280,false,Rx,0,8,53,04,8E,3F,D7,49,84,3D,
-1778190074352457,00000281,false,Rx,0,8,51,0B,DC,42,00,00,34,42,
-1778190074351432,00000380,false,Rx,0,8,00,00,00,00,00,00,00,00,
-1778190074350454,00000381,false,Rx,0,8,05,00,80,3F,00,00,00,00,
-1778190074333721,00000180,false,Rx,0,8,0D,00,01,00,00,00,00,00,
-1778190074332781,00000280,false,Rx,0,8,FC,D3,8D,3F,0E,B1,82,3D,
-1778190074331851,00000281,false,Rx,0,8,51,0B,DC,42,00,00,34,42,
-1778190074330822,00000380,false,Rx,0,8,00,00,00,00,00,00,00,00,
-1778190074329843,00000381,false,Rx,0,8,05,00,80,3F,00,00,00,00,
-1778190074310974,00000180,false,Rx,0,8,0D,00,01,00,00,00,00,00,
-1778190074310033,00000280,false,Rx,0,8,FC,D3,8D,3F,0E,B1,82,3D,
-1778190074309105,00000281,false,Rx,0,8,51,0B,DC,42,00,00,34,42,
-1778190074308075,00000380,false,Rx,0,8,00,00,00,00,00,00,00,00,
-1778190074307096,00000381,false,Rx,0,8,05,00,80,3F,00,00,00,00,
-1778190074290363,00000180,false,Rx,0,8,0D,00,01,00,00,00,00,00,
-1778190074289430,00000280,false,Rx,0,8,0F,A6,8D,3F,C9,8D,84,3D,
-1778190074288502,00000281,false,Rx,0,8,51,0B,DC,42,00,00,34,42,
-1778190074287472,00000380,false,Rx,0,8,00,00,00,00,00,00,00,00,
-1778190074286493,00000381,false,Rx,0,8,05,00,80,3F,00,00,00,00,
-1778190074270196,00000180,false,Rx,0,8,0D,00,01,00,00,00,00,00,
-1778190074269263,00000280,false,Rx,0,8,0F,A6,8D,3F,C9,8D,84,3D,
-1778190074268331,00000281,false,Rx,0,8,51,0B,DC,42,00,00,34,42,
-1778190074267305,00000380,false,Rx,0,8,00,00,00,00,00,00,00,00,
-1778190074266326,00000381,false,Rx,0,8,05,00,80,3F,00,00,00,00,
-1778190074247449,00000180,false,Rx,0,8,0D,00,01,00,00,00,00,00,
-1778190074246520,00000280,false,Rx,0,8,0F,A6,8D,3F,C9,8D,84,3D,
-1778190074245688,00000281,false,Rx,0,8,51,0B,DC,42,00,00,34,42,
-1778190074244658,00000380,false,Rx,0,8,00,00,00,00,00,00,00,00,
-1778190074243679,00000381,false,Rx,0,8,05,00,80,3F,00,00,00,00,
-1778190074226847,00000180,false,Rx,0,8,0D,00,01,00,00,00,00,00,
-1778190074225918,00000280,false,Rx,0,8,6E,7A,8D,3F,9A,F1,82,3D,
-1778190074225087,00000281,false,Rx,0,8,51,0B,DC,42,00,00,34,42,
-1778190074224058,00000380,false,Rx,0,8,00,00,00,00,00,00,00,00,
-1778190074223078,00000381,false,Rx,0,8,05,00,80,3F,00,00,00,00,
-1778190074204201,00000180,false,Rx,0,8,0D,00,01,00,00,00,00,00,
-1778190074203272,00000280,false,Rx,0,8,6E,7A,8D,3F,9A,F1,82,3D,
-1778190074202339,00000281,false,Rx,0,8,51,0B,DC,42,00,00,34,42,
-1778190074201314,00000380,false,Rx,0,8,00,00,00,00,00,00,00,00,
-1778190074200335,00000381,false,Rx,0,8,05,00,80,3F,00,00,00,00,
-1778190074181191,00000180,false,Rx,0,8,0D,00,01,00,00,00,00,00,
-1778190074180254,00000280,false,Rx,0,8,FC,50,8D,3F,07,6A,81,3D,
-1778190074179322,00000281,false,Rx,0,8,51,0B,DC,42,00,00,34,42,
-1778190074178296,00000380,false,Rx,0,8,00,00,00,00,00,00,00,00,
-1778190074177317,00000381,false,Rx,0,8,05,00,80,3F,00,00,00,00,
-1778190074158448,00000180,false,Rx,0,8,0D,00,01,00,00,00,00,00,
-1778190074157508,00000280,false,Rx,0,8,FC,50,8D,3F,07,6A,81,3D,
-1778190074156575,00000281,false,Rx,0,8,51,0B,DC,42,00,00,34,42,
-1778190074155549,00000380,false,Rx,0,8,00,00,00,00,00,00,00,00,
-1778190074154571,00000381,false,Rx,0,8,05,00,80,3F,00,00,00,00,
-1778190074135667,00000180,false,Rx,0,8,0D,00,01,00,00,00,00,00,
-1778190074134731,00000280,false,Rx,0,8,FC,50,8D,3F,07,6A,81,3D,
-1778190074133798,00000281,false,Rx,0,8,51,0B,DC,42,00,00,34,42,
-1778190074132773,00000380,false,Rx,0,8,00,00,00,00,00,00,00,00,
-1778190074131793,00000381,false,Rx,0,8,05,00,80,3F,00,00,00,00,
-1778190074115069,00000180,false,Rx,0,8,0D,00,01,00,00,00,00,00,
-1778190074114136,00000280,false,Rx,0,8,9C,29,8D,3F,1B,57,83,3D,
-1778190074113204,00000281,false,Rx,0,8,51,0B,DC,42,00,00,34,42,
-1778190074112178,00000380,false,Rx,0,8,00,00,00,00,00,00,00,00,
-1778190074111199,00000381,false,Rx,0,8,05,00,80,3F,00,00,00,00,
-1778190074092322,00000180,false,Rx,0,8,0D,00,01,00,00,00,00,00,
-1778190074091394,00000280,false,Rx,0,8,9C,29,8D,3F,1B,57,83,3D,
-1778190074090461,00000281,false,Rx,0,8,51,0B,DC,42,00,00,34,42,
-1778190074089431,00000380,false,Rx,0,8,00,00,00,00,00,00,00,00,
-1778190074088453,00000381,false,Rx,0,8,05,00,80,3F,00,00,00,00,
-1778190074071713,00000180,false,Rx,0,8,0D,00,01,00,00,00,00,00,
-1778190074070771,00000280,false,Rx,0,8,34,04,8D,3F,75,CA,81,3D,
-1778190074069843,00000281,false,Rx,0,8,51,0B,DC,42,00,00,34,42,
-1778190074068814,00000380,false,Rx,0,8,00,00,00,00,00,00,00,00,
-1778190074067835,00000381,false,Rx,0,8,05,00,80,3F,00,00,00,00,
-1778190074048974,00000180,false,Rx,0,8,0D,00,01,00,00,00,00,00,
-1778190074048037,00000280,false,Rx,0,8,34,04,8D,3F,75,CA,81,3D,
-1778190074047104,00000281,false,Rx,0,8,51,0B,DC,42,00,00,34,42,
-1778190074046176,00000380,false,Rx,0,8,00,00,00,00,00,00,00,00,
-1778190074045200,00000381,false,Rx,0,8,05,00,80,3F,00,00,00,00,
-1778190074026156,00000180,false,Rx,0,8,0D,00,01,00,00,00,00,00,
-1778190074025319,00000280,false,Rx,0,8,AB,E0,8C,3F,5C,92,82,3D,
-1778190074024390,00000281,false,Rx,0,8,51,0B,DC,42,00,00,34,42,
-1778190074023359,00000380,false,Rx,0,8,00,00,00,00,00,00,00,00,
-1778190074022382,00000381,false,Rx,0,8,05,00,80,3F,00,00,00,00,
-1778190074003546,00000180,false,Rx,0,8,0D,00,01,00,00,00,00,00,
-1778190074002605,00000280,false,Rx,0,8,AB,E0,8C,3F,5C,92,82,3D,
-1778190074001676,00000281,false,Rx,0,8,51,0B,DC,42,00,00,34,42,
-1778190074000647,00000380,false,Rx,0,8,00,00,00,00,00,00,00,00,
-1778190073999669,00000381,false,Rx,0,8,05,00,80,3F,00,00,00,00,
-1778190073980929,00000180,false,Rx,0,8,0D,00,01,00,00,00,00,00,
-1778190073979989,00000280,false,Rx,0,8,AB,E0,8C,3F,5C,92,82,3D,
-1778190073979056,00000281,false,Rx,0,8,51,0B,DC,42,00,00,34,42,
-1778190073978031,00000380,false,Rx,0,8,00,00,00,00,00,00,00,00,
-1778190073977052,00000381,false,Rx,0,8,05,00,80,3F,00,00,00,00,
-1778190073960335,00000180,false,Rx,0,8,0D,00,01,00,00,00,00,00,
-1778190073959387,00000280,false,Rx,0,8,E9,BE,8C,3F,8C,0F,81,3D,
-1778190073958455,00000281,false,Rx,0,8,51,0B,DC,42,00,00,34,42,
-1778190073957429,00000380,false,Rx,0,8,00,00,00,00,00,00,00,00,
-1778190073956450,00000381,false,Rx,0,8,05,00,80,3F,00,00,00,00,
-1778190073937590,00000180,false,Rx,0,8,0D,00,01,00,00,00,00,00,
-1778190073936645,00000280,false,Rx,0,8,E9,BE,8C,3F,8C,0F,81,3D,
-1778190073935712,00000281,false,Rx,0,8,51,0B,DC,42,00,00,34,42,
-1778190073934684,00000380,false,Rx,0,8,00,00,00,00,00,00,00,00,
-1778190073933705,00000381,false,Rx,0,8,05,00,80,3F,00,00,00,00,
-1778190073916979,00000180,false,Rx,0,8,0D,00,01,00,00,00,00,00,
-1778190073916043,00000280,false,Rx,0,8,D7,9E,8C,3F,CB,E0,81,3D,
-1778190073915110,00000281,false,Rx,0,8,51,0B,DC,42,00,00,34,42,
-1778190073914082,00000380,false,Rx,0,8,00,00,00,00,00,00,00,00,
-1778190073913102,00000381,false,Rx,0,8,05,00,80,3F,00,00,00,00,
-1778190073894253,00000180,false,Rx,0,8,0D,00,01,00,00,00,00,00,
-1778190073893313,00000280,false,Rx,0,8,D7,9E,8C,3F,CB,E0,81,3D,
-1778190073892380,00000281,false,Rx,0,8,51,0B,DC,42,00,00,34,42,
-1778190073891354,00000380,false,Rx,0,8,00,00,00,00,00,00,00,00,
-1778190073890376,00000381,false,Rx,0,8,05,00,80,3F,00,00,00,00,
-1778190073871232,00000180,false,Rx,0,8,0D,00,01,00,00,00,00,00,
-1778190073870288,00000280,false,Rx,0,8,5F,80,8C,3F,DC,66,80,3D,
-1778190073869355,00000281,false,Rx,0,8,51,0B,DC,42,00,00,34,42,
-1778190073868330,00000380,false,Rx,0,8,00,00,00,00,00,00,00,00,
-1778190073867347,00000381,false,Rx,0,8,05,00,80,3F,00,00,00,00,
-1778190073851067,00000180,false,Rx,0,8,0D,00,01,00,00,00,00,00,
-1778190073850118,00000280,false,Rx,0,8,5F,80,8C,3F,DC,66,80,3D,
-1778190073849185,00000281,false,Rx,0,8,51,0B,DC,42,00,00,34,42,
-1778190073848160,00000380,false,Rx,0,8,00,00,00,00,00,00,00,00,
-1778190073847182,00000381,false,Rx,0,8,05,00,80,3F,00,00,00,00,
-1778190073828311,00000180,false,Rx,0,8,0D,00,01,00,00,00,00,00,
-1778190073827367,00000280,false,Rx,0,8,5F,80,8C,3F,DC,66,80,3D,
-1778190073826536,00000281,false,Rx,0,8,51,0B,DC,42,00,00,34,42,
-1778190073825504,00000380,false,Rx,0,8,00,00,00,00,00,00,00,00,
-1778190073824528,00000381,false,Rx,0,8,05,00,80,3F,00,00,00,00,
-1778190073807719,00000180,false,Rx,0,8,0D,00,01,00,00,00,00,00,
-1778190073806778,00000280,false,Rx,0,8,6E,63,8C,3F,E6,60,82,3D,
-1778190073805950,00000281,false,Rx,0,8,51,0B,DC,42,00,00,34,42,
-1778190073804920,00000380,false,Rx,0,8,00,00,00,00,00,00,00,00,
-1778190073803941,00000381,false,Rx,0,8,05,00,80,3F,00,00,00,00,
-1778190073785089,00000180,false,Rx,0,8,0D,00,01,00,00,00,00,00,
-1778190073784153,00000280,false,Rx,0,8,6E,63,8C,3F,E6,60,82,3D,
-1778190073783219,00000281,false,Rx,0,8,51,0B,DC,42,00,00,34,42,
-1778190073782194,00000380,false,Rx,0,8,00,00,00,00,00,00,00,00,
-1778190073781215,00000381,false,Rx,0,8,05,00,80,3F,00,00,00,00,
-1778190073764463,00000180,false,Rx,0,8,0D,00,01,00,00,00,00,00,
-1778190073763527,00000280,false,Rx,0,8,EF,47,8C,3F,8F,E0,80,3D,
-1778190073762594,00000281,false,Rx,0,8,51,0B,DC,42,00,00,34,42,
-1778190073761569,00000380,false,Rx,0,8,00,00,00,00,00,00,00,00,
-1778190073760590,00000381,false,Rx,0,8,05,00,80,3F,00,00,00,00,
-1778190073741722,00000180,false,Rx,0,8,0D,00,01,00,00,00,00,00,
-1778190073740781,00000280,false,Rx,0,8,EF,47,8C,3F,8F,E0,80,3D,
-1778190073739849,00000281,false,Rx,0,8,51,0B,DC,42,00,00,34,42,
-1778190073738823,00000380,false,Rx,0,8,00,00,00,00,00,00,00,00,
-1778190073737844,00000381,false,Rx,0,8,05,00,80,3F,00,00,00,00,
-1778190073720892,00000180,false,Rx,0,8,0D,00,01,00,00,00,00,00,
-1778190073719963,00000280,false,Rx,0,8,D0,2D,8C,3F,28,B4,81,3D,
-1778190073719030,00000281,false,Rx,0,8,51,0B,DC,42,00,00,34,42,
-1778190073718006,00000380,false,Rx,0,8,00,00,00,00,00,00,00,00,
-1778190073717026,00000381,false,Rx,0,8,05,00,80,3F,00,00,00,00,
-1778190073698336,00000180,false,Rx,0,8,0D,00,01,00,00,00,00,00,
-1778190073697402,00000280,false,Rx,0,8,D0,2D,8C,3F,28,B4,81,3D,
-1778190073696473,00000281,false,Rx,0,8,51,0B,DC,42,00,00,34,42,
-1778190073695445,00000380,false,Rx,0,8,00,00,00,00,00,00,00,00,
-1778190073694466,00000381,false,Rx,0,8,05,00,80,3F,00,00,00,00,
-1778190073675611,00000180,false,Rx,0,8,0D,00,01,00,00,00,00,00,
-1778190073674683,00000280,false,Rx,0,8,D0,2D,8C,3F,28,B4,81,3D,
-1778190073673750,00000281,false,Rx,0,8,51,0B,DC,42,00,00,34,42,
-1778190073672725,00000380,false,Rx,0,8,00,00,00,00,00,00,00,00,
-1778190073671747,00000381,false,Rx,0,8,05,00,80,3F,00,00,00,00,
-1778190073655188,00000180,false,Rx,0,8,0D,00,01,00,00,00,00,00,
-1778190073654255,00000280,false,Rx,0,8,FF,14,8C,3F,75,3C,80,3D,
-1778190073653327,00000281,false,Rx,0,8,51,0B,DC,42,00,00,34,42,
-1778190073652297,00000380,false,Rx,0,8,00,00,00,00,00,00,00,00,
-1778190073651318,00000381,false,Rx,0,8,05,00,80,3F,00,00,00,00,
-1778190073632469,00000180,false,Rx,0,8,0D,00,01,00,00,00,00,00,
-1778190073631536,00000280,false,Rx,0,8,FF,14,8C,3F,75,3C,80,3D,
-1778190073630603,00000281,false,Rx,0,8,51,0B,DC,42,00,00,34,42,
-1778190073629578,00000380,false,Rx,0,8,00,00,00,00,00,00,00,00,
-1778190073628599,00000381,false,Rx,0,8,05,00,80,3F,00,00,00,00,
-1778190073611844,00000180,false,Rx,0,8,0D,00,01,00,00,00,00,00,
-1778190073610912,00000280,false,Rx,0,8,6C,FD,8B,3F,9E,38,82,3D,
-1778190073609982,00000281,false,Rx,0,8,51,0B,DC,42,00,00,34,42,
-1778190073608953,00000380,false,Rx,0,8,00,00,00,00,00,00,00,00,
-1778190073607975,00000381,false,Rx,0,8,05,00,80,3F,00,00,00,00,
-1778190073589106,00000180,false,Rx,0,8,0D,00,01,00,00,00,00,00,
-1778190073588173,00000280,false,Rx,0,8,6C,FD,8B,3F,9E,38,82,3D,
-1778190073587244,00000281,false,Rx,0,8,51,0B,DC,42,00,00,34,42,
-1778190073586317,00000380,false,Rx,0,8,00,00,00,00,00,00,00,00,
-1778190073585336,00000381,false,Rx,0,8,05,00,80,3F,00,00,00,00,
-1778190073566443,00000180,false,Rx,0,8,0D,00,01,00,00,00,00,00,
-1778190073565514,00000280,false,Rx,0,8,6C,FD,8B,3F,9E,38,82,3D,
-1778190073564583,00000281,false,Rx,0,8,51,0B,DC,42,00,00,34,42,
-1778190073563555,00000380,false,Rx,0,8,00,00,00,00,00,00,00,00,
-1778190073562575,00000381,false,Rx,0,8,05,00,80,3F,00,00,00,00,
-1778190073543823,00000180,false,Rx,0,8,0D,00,01,00,00,00,00,00,
-1778190073542882,00000280,false,Rx,0,8,06,E7,8B,3F,4B,BA,80,3D,
-1778190073541953,00000281,false,Rx,0,8,51,0B,DC,42,00,00,34,42,
-1778190073540924,00000380,false,Rx,0,8,00,00,00,00,00,00,00,00,
-1778190073539945,00000381,false,Rx,0,8,05,00,80,3F,00,00,00,00,
-1778190073521084,00000180,false,Rx,0,8,0D,00,01,00,00,00,00,00,
-1778190073520148,00000280,false,Rx,0,8,06,E7,8B,3F,4B,BA,80,3D,
-1778190073519214,00000281,false,Rx,0,8,51,0B,DC,42,00,00,34,42,
-1778190073518189,00000380,false,Rx,0,8,00,00,00,00,00,00,00,00,
-1778190073517207,00000381,false,Rx,0,8,05,00,80,3F,00,00,00,00,
-1778190073500267,00000180,false,Rx,0,8,0D,00,01,00,00,00,00,00,
-1778190073499335,00000280,false,Rx,0,8,BF,D1,8B,3F,29,B0,82,3D,
-1778190073498405,00000281,false,Rx,0,8,51,0B,DC,42,00,00,34,42,
-1778190073497376,00000380,false,Rx,0,8,00,00,00,00,00,00,00,00,
-1778190073496398,00000381,false,Rx,0,8,05,00,80,3F,00,00,00,00,
-1778190073477348,00000180,false,Rx,0,8,0D,00,01,00,00,00,00,00,
-1778190073476415,00000280,false,Rx,0,8,BF,D1,8B,3F,29,B0,82,3D,
-1778190073475486,00000281,false,Rx,0,8,51,0B,DC,42,00,00,34,42,
-1778190073474457,00000380,false,Rx,0,8,00,00,00,00,00,00,00,00,
-1778190073473478,00000381,false,Rx,0,8,05,00,80,3F,00,00,00,00,
-1778190073456716,00000180,false,Rx,0,8,0D,00,01,00,00,00,00,00,
-1778190073455768,00000280,false,Rx,0,8,2E,59,90,3F,DC,2B,81,3D,
-1778190073454835,00000281,false,Rx,0,8,51,0B,DC,42,00,00,34,42,
-1778190073453811,00000380,false,Rx,0,8,00,00,00,00,00,00,00,00,
-1778190073452831,00000381,false,Rx,0,8,05,00,80,3F,00,00,00,00,
-1778190073433786,00000180,false,Rx,0,8,0D,00,01,00,00,00,00,00,
-1778190073432841,00000280,false,Rx,0,8,2E,59,90,3F,DC,2B,81,3D,
-1778190073431908,00000281,false,Rx,0,8,51,0B,DC,42,00,00,34,42,
-1778190073430879,00000380,false,Rx,0,8,00,00,00,00,00,00,00,00,
-1778190073429900,00000381,false,Rx,0,8,05,00,80,3F,00,00,00,00,
-1778190073410824,00000180,false,Rx,0,8,0D,00,01,00,00,00,00,00,
-1778190073409876,00000280,false,Rx,0,8,2E,59,90,3F,DC,2B,81,3D,
-1778190073408947,00000281,false,Rx,0,8,51,0B,DC,42,00,00,34,42,
-1778190073407918,00000380,false,Rx,0,8,00,00,00,00,00,00,00,00,
-1778190073406939,00000381,false,Rx,0,8,05,00,80,3F,00,00,00,00,
-1778190073387785,00000180,false,Rx,0,8,0D,00,01,00,00,00,00,00,
-1778190073386837,00000280,false,Rx,0,8,FF,0A,90,3F,B1,FB,81,3D,
-1778190073385806,00000281,false,Rx,0,8,51,0B,DC,42,00,00,34,42,
-1778190073384780,00000380,false,Rx,0,8,00,00,00,00,00,00,00,00,
-1778190073383799,00000381,false,Rx,0,8,05,00,80,3F,00,00,00,00,
-1778190073364756,00000180,false,Rx,0,8,0D,00,01,00,00,00,00,00,
-1778190073363808,00000280,false,Rx,0,8,FF,0A,90,3F,B1,FB,81,3D,
-1778190073362879,00000281,false,Rx,0,8,51,0B,DC,42,00,00,34,42,
-1778190073361850,00000380,false,Rx,0,8,00,00,00,00,00,00,00,00,
-1778190073360871,00000381,false,Rx,0,8,05,00,80,3F,00,00,00,00,
-1778190073343939,00000180,false,Rx,0,8,0D,00,01,00,00,00,00,00,
-1778190073342999,00000280,false,Rx,0,8,B9,C0,8F,3F,6A,80,80,3D,
-1778190073342066,00000281,false,Rx,0,8,51,0B,DC,42,00,00,34,42,
-1778190073341040,00000380,false,Rx,0,8,00,00,00,00,00,00,00,00,
-1778190073340062,00000381,false,Rx,0,8,05,00,80,3F,00,00,00,00,
-1778190073321000,00000180,false,Rx,0,8,0D,00,01,00,00,00,00,00,
-1778190073320064,00000280,false,Rx,0,8,B9,C0,8F,3F,6A,80,80,3D,
-1778190073319131,00000281,false,Rx,0,8,51,0B,DC,42,00,00,34,42,
-1778190073318106,00000380,false,Rx,0,8,00,00,00,00,00,00,00,00,
-1778190073317127,00000381,false,Rx,0,8,05,00,80,3F,00,00,00,00,
-1778190073300191,00000180,false,Rx,0,8,0D,00,01,00,00,00,00,00,
-1778190073299263,00000280,false,Rx,0,8,2A,7A,8F,3F,D2,58,81,3D,
-1778190073298330,00000281,false,Rx,0,8,51,0B,DC,42,00,00,34,42,
-1778190073297304,00000380,false,Rx,0,8,00,00,00,00,00,00,00,00,
-1778190073296326,00000381,false,Rx,0,8,05,00,80,3F,00,00,00,00,
-1778190073279824,00000180,false,Rx,0,8,0D,00,01,00,00,00,00,00,
-1778190073278895,00000280,false,Rx,0,8,2A,7A,8F,3F,D2,58,81,3D,
-1778190073277963,00000281,false,Rx,0,8,51,0B,DC,42,00,00,34,42,
-1778190073276933,00000380,false,Rx,0,8,00,00,00,00,00,00,00,00,
-1778190073275955,00000381,false,Rx,0,8,05,00,80,3F,00,00,00,00,
-1778190073256905,00000180,false,Rx,0,8,0D,00,01,00,00,00,00,00,
-1778190073255973,00000280,false,Rx,0,8,2A,7A,8F,3F,D2,58,81,3D,
-1778190073255040,00000281,false,Rx,0,8,51,0B,DC,42,00,00,34,42,
-1778190073254015,00000380,false,Rx,0,8,00,00,00,00,00,00,00,00,
-1778190073253036,00000381,false,Rx,0,8,05,00,80,3F,00,00,00,00,
-1778190073236269,00000180,false,Rx,0,8,0D,00,01,00,00,00,00,00,
-1778190073235341,00000280,false,Rx,0,8,22,37,8F,3F,5E,CB,7F,3D,
-1778190073234408,00000281,false,Rx,0,8,51,0B,DC,42,00,00,34,42,
-1778190073233378,00000380,false,Rx,0,8,00,00,00,00,00,00,00,00,
-1778190073232400,00000381,false,Rx,0,8,05,00,80,3F,00,00,00,00,
-1778190073210932,00000180,false,Rx,0,8,0D,00,01,00,00,00,00,00,
-1778190073210003,00000280,false,Rx,0,8,22,37,8F,3F,5E,CB,7F,3D,
-1778190073209071,00000281,false,Rx,0,8,51,0B,DC,42,00,00,34,42,
-1778190073208045,00000380,false,Rx,0,8,00,00,00,00,00,00,00,00,
-1778190073207066,00000381,false,Rx,0,8,05,00,80,3F,00,00,00,00,
-1778190073190123,00000180,false,Rx,0,8,0D,00,01,00,00,00,00,00,
-1778190073189193,00000280,false,Rx,0,8,73,F7,8E,3F,D3,C5,80,3D,
-1778190073188261,00000281,false,Rx,0,8,51,0B,DC,42,00,00,34,42,
-1778190073187232,00000380,false,Rx,0,8,00,00,00,00,00,00,00,00,
-1778190073186253,00000381,false,Rx,0,8,05,00,80,3F,00,00,00,00,
-1778190073167187,00000180,false,Rx,0,8,0D,00,01,00,00,00,00,00,
-1778190073166254,00000280,false,Rx,0,8,73,F7,8E,3F,D3,C5,80,3D,
-1778190073165322,00000281,false,Rx,0,8,51,0B,DC,42,00,00,34,42,
-1778190073164296,00000380,false,Rx,0,8,00,00,00,00,00,00,00,00,
-1778190073163219,00000381,false,Rx,0,8,05,00,80,3F,00,00,00,00,
-1778190073144218,00000180,false,Rx,0,8,0D,00,01,00,00,00,00,00,
-1778190073143188,00000280,false,Rx,0,8,73,F7,8E,3F,D3,C5,80,3D,
-1778190073142255,00000281,false,Rx,0,8,51,0B,DC,42,00,00,34,42,
-1778190073141228,00000380,false,Rx,0,8,00,00,00,00,00,00,00,00,
-1778190073140248,00000381,false,Rx,0,8,05,00,80,3F,00,00,00,00,
-1778190073123300,00000180,false,Rx,0,8,0D,00,01,00,00,00,00,00,
-1778190073122369,00000280,false,Rx,0,8,F4,BA,8E,3F,15,B4,7E,3D,
-1778190073121436,00000281,false,Rx,0,8,51,0B,DC,42,00,00,34,42,
-1778190073120409,00000380,false,Rx,0,8,00,00,00,00,00,00,00,00,
-1778190073119429,00000381,false,Rx,0,8,05,00,80,3F,00,00,00,00,
-1778190073100353,00000180,false,Rx,0,8,0D,00,01,00,00,00,00,00,
-1778190073099425,00000280,false,Rx,0,8,F4,BA,8E,3F,15,B4,7E,3D,
-1778190073098492,00000281,false,Rx,0,8,51,0B,DC,42,00,00,34,42,
-1778190073097466,00000380,false,Rx,0,8,00,00,00,00,00,00,00,00,
-1778190073096484,00000381,false,Rx,0,8,05,00,80,3F,00,00,00,00,
-1778190073079543,00000180,false,Rx,0,8,0D,00,01,00,00,00,00,00,
-1778190073078606,00000280,false,Rx,0,8,7B,81,8E,3F,2A,41,80,3D,
-1778190073077674,00000281,false,Rx,0,8,51,0B,DC,42,00,00,34,42,
-1778190073076649,00000380,false,Rx,0,8,00,00,00,00,00,00,00,00,
-1778190073075669,00000381,false,Rx,0,8,05,00,80,3F,00,00,00,00,
-1778190073054210,00000180,false,Rx,0,8,0D,00,01,00,00,00,00,00,
-1778190073053270,00000280,false,Rx,0,8,7B,81,8E,3F,2A,41,80,3D,
-1778190073052337,00000281,false,Rx,0,8,51,0B,DC,42,00,00,34,42,
-1778190073051311,00000380,false,Rx,0,8,00,00,00,00,00,00,00,00,
-1778190073050333,00000381,false,Rx,0,8,05,00,80,3F,00,00,00,00,
-1778190073033395,00000180,false,Rx,0,8,0D,00,01,00,00,00,00,00,
-1778190073032467,00000280,false,Rx,0,8,E2,4A,8E,3F,06,B8,7D,3D,
-1778190073031534,00000281,false,Rx,0,8,51,0B,DC,42,00,00,34,42,
-1778190073030509,00000380,false,Rx,0,8,00,00,00,00,00,00,00,00,
-1778190073029529,00000381,false,Rx,0,8,05,00,80,3F,00,00,00,00,
-1778190073010445,00000180,false,Rx,0,8,0D,00,01,00,00,00,00,00,
-1778190073009513,00000280,false,Rx,0,8,E2,4A,8E,3F,06,B8,7D,3D,
-1778190073008584,00000281,false,Rx,0,8,51,0B,DC,42,00,00,34,42,
-1778190073007554,00000380,false,Rx,0,8,00,00,00,00,00,00,00,00,
-1778190073006576,00000381,false,Rx,0,8,05,00,80,3F,00,00,00,00,
-1778190072987453,00000180,false,Rx,0,8,0D,00,01,00,00,00,00,00,
-1778190072986520,00000280,false,Rx,0,8,E2,4A,8E,3F,06,B8,7D,3D,
-1778190072985591,00000281,false,Rx,0,8,51,0B,DC,42,00,00,34,42,
-1778190072984562,00000380,false,Rx,0,8,00,00,00,00,00,00,00,00,
-1778190072983583,00000381,false,Rx,0,8,05,00,80,3F,00,00,00,00,
-1778190072966658,00000180,false,Rx,0,8,0D,00,01,00,00,00,00,00,
-1778190072965724,00000280,false,Rx,0,8,03,17,8E,3F,70,11,7B,3D,
-1778190072964796,00000281,false,Rx,0,8,51,0B,DC,42,00,00,34,42,
-1778190072963767,00000380,false,Rx,0,8,00,00,00,00,00,00,00,00,
-1778190072962788,00000381,false,Rx,0,8,05,00,80,3F,00,00,00,00,
-1778190072943702,00000180,false,Rx,0,8,0D,00,01,00,00,00,00,00,
-1778190072942774,00000280,false,Rx,0,8,03,17,8E,3F,70,11,7B,3D,
-1778190072941741,00000281,false,Rx,0,8,51,0B,DC,42,00,00,34,42,
-1778190072940715,00000380,false,Rx,0,8,00,00,00,00,00,00,00,00,
-1778190072939736,00000381,false,Rx,0,8,05,00,80,3F,00,00,00,00,
-1778190072922918,00000180,false,Rx,0,8,0D,00,01,00,00,00,00,00,
-1778190072921879,00000280,false,Rx,0,8,BD,E5,8D,3F,38,0E,7D,3D,
-1778190072920947,00000281,false,Rx,0,8,51,0B,DC,42,00,00,34,42,
-1778190072919920,00000380,false,Rx,0,8,00,00,00,00,00,00,00,00,
-1778190072918942,00000381,false,Rx,0,8,05,00,80,3F,00,00,00,00,
-1778190072897665,00000180,false,Rx,0,8,0D,00,01,00,00,00,00,00,
-1778190072896725,00000280,false,Rx,0,8,BD,E5,8D,3F,38,0E,7D,3D,
-1778190072895796,00000281,false,Rx,0,8,51,0B,DC,42,00,00,34,42,
-1778190072894767,00000380,false,Rx,0,8,00,00,00,00,00,00,00,00,
-1778190072893788,00000381,false,Rx,0,8,05,00,80,3F,00,00,00,00,
-1778190072876855,00000180,false,Rx,0,8,0D,00,01,00,00,00,00,00,
-1778190072875907,00000280,false,Rx,0,8,ED,B6,8D,3F,1E,70,7A,3D,
-1778190072874978,00000281,false,Rx,0,8,51,0B,DC,42,00,00,34,42,
-1778190072873949,00000380,false,Rx,0,8,00,00,00,00,00,00,00,00,
-1778190072872970,00000381,false,Rx,0,8,05,00,80,3F,00,00,00,00,
-1778190072853936,00000180,false,Rx,0,8,0D,00,01,00,00,00,00,00,
-1778190072852988,00000280,false,Rx,0,8,ED,B6,8D,3F,1E,70,7A,3D,
-1778190072852055,00000281,false,Rx,0,8,51,0B,DC,42,00,00,34,42,
-1778190072851029,00000380,false,Rx,0,8,00,00,00,00,00,00,00,00,
-1778190072850051,00000381,false,Rx,0,8,05,00,80,3F,00,00,00,00,
-1778190072831144,00000180,false,Rx,0,8,0D,00,01,00,00,00,00,00,
-1778190072830196,00000280,false,Rx,0,8,ED,B6,8D,3F,1E,70,7A,3D,
-1778190072829263,00000281,false,Rx,0,8,51,0B,DC,42,00,00,34,42,
-1778190072828237,00000380,false,Rx,0,8,00,00,00,00,00,00,00,00,
-1778190072827258,00000381,false,Rx,0,8,05,00,80,3F,00,00,00,00,
-1778190072810341,00000180,false,Rx,0,8,0D,00,01,00,00,00,00,00,
-1778190072809393,00000280,false,Rx,0,8,74,8A,8D,3F,F6,74,7C,3D,
-1778190072808460,00000281,false,Rx,0,8,51,0B,DC,42,00,00,34,42,
-1778190072807435,00000380,false,Rx,0,8,00,00,00,00,00,00,00,00,
-1778190072806456,00000381,false,Rx,0,8,05,00,80,3F,00,00,00,00,
-1778190072787371,00000180,false,Rx,0,8,0D,00,01,00,00,00,00,00,
-1778190072786423,00000280,false,Rx,0,8,74,8A,8D,3F,F6,74,7C,3D,
-1778190072785490,00000281,false,Rx,0,8,51,0B,DC,42,00,00,34,42,
-1778190072784465,00000380,false,Rx,0,8,00,00,00,00,00,00,00,00,
-1778190072783486,00000381,false,Rx,0,8,05,00,80,3F,00,00,00,00,
-1778190072766591,00000180,false,Rx,0,8,0D,00,01,00,00,00,00,00,
-1778190072765663,00000280,false,Rx,0,8,35,60,8D,3F,86,DE,79,3D,
-1778190072764730,00000281,false,Rx,0,8,51,0B,DC,42,00,00,34,42,
-1778190072763704,00000380,false,Rx,0,8,00,00,00,00,00,00,00,00,
-1778190072762726,00000381,false,Rx,0,8,05,00,80,3F,00,00,00,00,
-1778190072741161,00000180,false,Rx,0,8,0D,00,01,00,00,00,00,00,
-1778190072740128,00000280,false,Rx,0,8,35,60,8D,3F,86,DE,79,3D,
-1778190072739195,00000281,false,Rx,0,8,51,0B,DC,42,00,00,34,42,
-1778190072738169,00000380,false,Rx,0,8,00,00,00,00,00,00,00,00,
-1778190072737192,00000381,false,Rx,0,8,05,00,80,3F,00,00,00,00,
-1778190072720321,00000180,false,Rx,0,8,0D,00,01,00,00,00,00,00,
-1778190072719391,00000280,false,Rx,0,8,12,38,8D,3F,A6,EA,7B,3D,
-1778190072718459,00000281,false,Rx,0,8,51,0B,DC,42,00,00,34,42,
-1778190072717433,00000380,false,Rx,0,8,00,00,00,00,00,00,00,00,
-1778190072716453,00000381,false,Rx,0,8,05,00,80,3F,00,00,00,00,
-1778190072699955,00000180,false,Rx,0,8,0D,00,01,00,00,00,00,00,
-1778190072699020,00000280,false,Rx,0,8,12,38,8D,3F,A6,EA,7B,3D,
-1778190072698092,00000281,false,Rx,0,8,51,0B,DC,42,00,00,34,42,
-1778190072697065,00000380,false,Rx,0,8,00,00,00,00,00,00,00,00,
-1778190072696085,00000381,false,Rx,0,8,05,00,80,3F,00,00,00,00,
-1778190072677031,00000180,false,Rx,0,8,0D,00,01,00,00,00,00,00,
-1778190072676102,00000280,false,Rx,0,8,12,38,8D,3F,A6,EA,7B,3D,
-1778190072675169,00000281,false,Rx,0,8,51,0B,DC,42,00,00,34,42,
-1778190072674144,00000380,false,Rx,0,8,00,00,00,00,00,00,00,00,
-1778190072673165,00000381,false,Rx,0,8,05,00,80,3F,00,00,00,00,
-1778190072656213,00000180,false,Rx,0,8,0D,00,01,00,00,00,00,00,
-1778190072655292,00000280,false,Rx,0,8,F1,11,8D,3F,22,5B,79,3D,
-1778190072654359,00000281,false,Rx,0,8,51,0B,DC,42,00,00,34,42,
-1778190072653334,00000380,false,Rx,0,8,00,00,00,00,00,00,00,00,
-1778190072652355,00000381,false,Rx,0,8,05,00,80,3F,00,00,00,00,
-1778190072633278,00000180,false,Rx,0,8,0D,00,01,00,00,00,00,00,
-1778190072632353,00000280,false,Rx,0,8,F1,11,8D,3F,22,5B,79,3D,
-1778190072631421,00000281,false,Rx,0,8,51,0B,DC,42,00,00,34,42,
-1778190072630395,00000380,false,Rx,0,8,00,00,00,00,00,00,00,00,
-1778190072629416,00000381,false,Rx,0,8,05,00,80,3F,00,00,00,00,
-1778190072612467,00000180,false,Rx,0,8,0D,00,01,00,00,00,00,00,
-1778190072611542,00000280,false,Rx,0,8,B8,ED,8C,3F,D3,6D,7B,3D,
-1778190072610610,00000281,false,Rx,0,8,51,0B,DC,42,00,00,34,42,
-1778190072609585,00000380,false,Rx,0,8,00,00,00,00,00,00,00,00,
-1778190072608605,00000381,false,Rx,0,8,05,00,80,3F,00,00,00,00,
-1778190072589521,00000180,false,Rx,0,8,0D,00,01,00,00,00,00,00,
-1778190072588600,00000280,false,Rx,0,8,B8,ED,8C,3F,D3,6D,7B,3D,
-1778190072587667,00000281,false,Rx,0,8,51,0B,DC,42,00,00,34,42,
-1778190072586642,00000380,false,Rx,0,8,00,00,00,00,00,00,00,00,
-1778190072585659,00000381,false,Rx,0,8,05,00,80,3F,00,00,00,00,
-1778190072564143,00000180,false,Rx,0,8,0D,00,01,00,00,00,00,00,
-1778190072563222,00000280,false,Rx,0,8,B8,ED,8C,3F,D3,6D,7B,3D,
-1778190072562290,00000281,false,Rx,0,8,51,0B,DC,42,00,00,34,42,
-1778190072561260,00000380,false,Rx,0,8,00,00,00,00,00,00,00,00,
-1778190072560282,00000381,false,Rx,0,8,05,00,80,3F,00,00,00,00,
-1778190072543326,00000180,false,Rx,0,8,0D,00,01,00,00,00,00,00,
-1778190072542378,00000280,false,Rx,0,8,4F,CB,8C,3F,8B,E4,78,3D,
-1778190072541449,00000281,false,Rx,0,8,51,0B,DC,42,00,00,34,42,
-1778190072540419,00000380,false,Rx,0,8,00,00,00,00,00,00,00,00,
-1778190072539441,00000381,false,Rx,0,8,05,00,80,3F,00,00,00,00,
-1778190072520388,00000180,false,Rx,0,8,0D,00,01,00,00,00,00,00,
-1778190072519443,00000280,false,Rx,0,8,4F,CB,8C,3F,8B,E4,78,3D,
-1778190072518410,00000281,false,Rx,0,8,51,0B,DC,42,00,00,34,42,
-1778190072517384,00000380,false,Rx,0,8,00,00,00,00,00,00,00,00,
-1778190072516405,00000381,false,Rx,0,8,05,00,80,3F,00,00,00,00,
-1778190072499569,00000180,false,Rx,0,8,0D,00,01,00,00,00,00,00,
-1778190072498640,00000280,false,Rx,0,8,9E,AA,8C,3F,2B,FD,7A,3D,
-1778190072497607,00000281,false,Rx,0,8,51,0B,DC,42,00,00,34,42,
-1778190072496581,00000380,false,Rx,0,8,00,00,00,00,00,00,00,00,
-1778190072495602,00000381,false,Rx,0,8,05,00,80,3F,00,00,00,00,
-1778190072476740,00000180,false,Rx,0,8,0D,00,01,00,00,00,00,00,
-1778190072475807,00000280,false,Rx,0,8,9E,AA,8C,3F,2B,FD,7A,3D,
-1778190072474878,00000281,false,Rx,0,8,51,0B,DC,42,00,00,34,42,
-1778190072473848,00000380,false,Rx,0,8,00,00,00,00,00,00,00,00,
-1778190072472873,00000381,false,Rx,0,8,05,00,80,3F,00,00,00,00,
-1778190072456129,00000180,false,Rx,0,8,0D,00,01,00,00,00,00,00,
-1778190072455200,00000280,false,Rx,0,8,90,8B,8C,3F,86,79,78,3D,
-1778190072454268,00000281,false,Rx,0,8,51,0B,DC,42,00,00,34,42,
-1778190072453242,00000380,false,Rx,0,8,00,00,00,00,00,00,00,00,
-1778190072452263,00000381,false,Rx,0,8,05,00,80,3F,00,00,00,00,
-1778190072433417,00000180,false,Rx,0,8,0D,00,01,00,00,00,00,00,
-1778190072432485,00000280,false,Rx,0,8,90,8B,8C,3F,86,79,78,3D,
-1778190072431556,00000281,false,Rx,0,8,51,0B,DC,42,00,00,34,42,
-1778190072430526,00000380,false,Rx,0,8,00,00,00,00,00,00,00,00,
-1778190072429548,00000381,false,Rx,0,8,05,00,80,3F,00,00,00,00,
-1778190072408576,00000180,false,Rx,0,8,0D,00,01,00,00,00,00,00,
-1778190072407647,00000280,false,Rx,0,8,90,8B,8C,3F,86,79,78,3D,
-1778190072406715,00000281,false,Rx,0,8,51,0B,DC,42,00,00,34,42,
-1778190072405689,00000380,false,Rx,0,8,00,00,00,00,00,00,00,00,
-1778190072404710,00000381,false,Rx,0,8,05,00,80,3F,00,00,00,00,
-1778190072387993,00000180,false,Rx,0,8,0D,00,01,00,00,00,00,00,
-1778190072387060,00000280,false,Rx,0,8,0F,6E,8C,3F,80,97,7A,3D,
-1778190072386131,00000281,false,Rx,0,8,51,0B,DC,42,00,00,34,42,
-1778190072385102,00000380,false,Rx,0,8,00,00,00,00,00,00,00,00,
-1778190072384123,00000381,false,Rx,0,8,05,00,80,3F,00,00,00,00,
-1778190072365237,00000180,false,Rx,0,8,0D,00,01,00,00,00,00,00,
-1778190072364309,00000280,false,Rx,0,8,0F,6E,8C,3F,80,97,7A,3D,
-1778190072363376,00000281,false,Rx,0,8,51,0B,DC,42,00,00,34,42,
-1778190072362346,00000380,false,Rx,0,8,00,00,00,00,00,00,00,00,
-1778190072361368,00000381,false,Rx,0,8,05,00,80,3F,00,00,00,00,
-1778190072344643,00000180,false,Rx,0,8,0D,00,01,00,00,00,00,00,
-1778190072343687,00000280,false,Rx,0,8,08,52,8C,3F,F0,18,78,3D,
-1778190072342758,00000281,false,Rx,0,8,51,0B,DC,42,00,00,34,42,
-1778190072341730,00000380,false,Rx,0,8,00,00,00,00,00,00,00,00,
-1778190072340750,00000381,false,Rx,0,8,05,00,80,3F,00,00,00,00,
-1778190072321915,00000180,false,Rx,0,8,0D,00,01,00,00,00,00,00,
-1778190072320959,00000280,false,Rx,0,8,08,52,8C,3F,F0,18,78,3D,
-1778190072320027,00000281,false,Rx,0,8,51,0B,DC,42,00,00,34,42,
-1778190072319002,00000380,false,Rx,0,8,00,00,00,00,00,00,00,00,
-1778190072318122,00000381,false,Rx,0,8,05,00,80,3F,00,00,00,00,
-1778190072301297,00000180,false,Rx,0,8,0D,00,01,00,00,00,00,00,
-1778190072300363,00000280,false,Rx,0,8,68,37,8C,3F,BE,3B,7A,3D,
-1778190072299435,00000281,false,Rx,0,8,51,0B,DC,42,00,00,34,42,
-1778190072298509,00000380,false,Rx,0,8,00,00,00,00,00,00,00,00,
-1778190072297528,00000381,false,Rx,0,8,05,00,80,3F,00,00,00,00,
-1778190072278682,00000180,false,Rx,0,8,0D,00,01,00,00,00,00,00,
-1778190072277754,00000280,false,Rx,0,8,68,37,8C,3F,BE,3B,7A,3D,
-1778190072276820,00000281,false,Rx,0,8,51,0B,DC,42,00,00,34,42,
-1778190072275793,00000380,false,Rx,0,8,00,00,00,00,00,00,00,00,
-1778190072274816,00000381,false,Rx,0,8,05,00,80,3F,00,00,00,00,
-1778190072253690,00000180,false,Rx,0,8,0D,00,01,00,00,00,00,00,
-1778190072252757,00000280,false,Rx,0,8,68,37,8C,3F,BE,3B,7A,3D,
-1778190072251829,00000281,false,Rx,0,8,51,0B,DC,42,00,00,34,42,
-1778190072250800,00000380,false,Rx,0,8,00,00,00,00,00,00,00,00,
-1778190072249820,00000381,false,Rx,0,8,05,00,80,3F,00,00,00,00,
-1778190072233250,00000180,false,Rx,0,8,0D,00,01,00,00,00,00,00,
-1778190072232310,00000280,false,Rx,0,8,1D,1E,8C,3F,C5,C1,77,3D,
-1778190072231381,00000281,false,Rx,0,8,51,0B,DC,42,00,00,34,42,
-1778190072230352,00000380,false,Rx,0,8,00,00,00,00,00,00,00,00,
-1778190072229373,00000381,false,Rx,0,8,05,00,80,3F,00,00,00,00,
-1778190072210503,00000180,false,Rx,0,8,0D,00,01,00,00,00,00,00,
-1778190072209566,00000280,false,Rx,0,8,1D,1E,8C,3F,C5,C1,77,3D,
-1778190072208634,00000281,false,Rx,0,8,51,0B,DC,42,00,00,34,42,
-1778190072207605,00000380,false,Rx,0,8,00,00,00,00,00,00,00,00,
-1778190072206626,00000381,false,Rx,0,8,05,00,80,3F,00,00,00,00,
-1778190072189909,00000180,false,Rx,0,8,0D,00,01,00,00,00,00,00,
-1778190072188972,00000280,false,Rx,0,8,15,06,8C,3F,EE,E8,79,3D,
-1778190072188039,00000281,false,Rx,0,8,51,0B,DC,42,00,00,34,42,
-1778190072187011,00000380,false,Rx,0,8,00,00,00,00,00,00,00,00,
-1778190072186032,00000381,false,Rx,0,8,05,00,80,3F,00,00,00,00,
-1778190072167188,00000180,false,Rx,0,8,0D,00,01,00,00,00,00,00,
-1778190072166248,00000280,false,Rx,0,8,15,06,8C,3F,EE,E8,79,3D,
-1778190072165319,00000281,false,Rx,0,8,51,0B,DC,42,00,00,34,42,
-1778190072164290,00000380,false,Rx,0,8,00,00,00,00,00,00,00,00,
-1778190072163311,00000381,false,Rx,0,8,05,00,80,3F,00,00,00,00,
-1778190072146733,00000180,false,Rx,0,8,0D,00,01,00,00,00,00,00,
-1778190072145785,00000280,false,Rx,0,8,41,EF,8B,3F,18,73,77,3D,
-1778190072144855,00000281,false,Rx,0,8,51,0B,DC,42,00,00,34,42,
-1778190072143827,00000380,false,Rx,0,8,00,00,00,00,00,00,00,00,
-1778190072142848,00000381,false,Rx,0,8,05,00,80,3F,00,00,00,00,
-1778190072126586,00000180,false,Rx,0,8,0D,00,01,00,00,00,00,00,
-1778190072125642,00000280,false,Rx,0,8,41,EF,8B,3F,18,73,77,3D,
-1778190072124712,00000281,false,Rx,0,8,51,0B,DC,42,00,00,34,42,
-1778190072123683,00000380,false,Rx,0,8,00,00,00,00,00,00,00,00,
-1778190072122704,00000381,false,Rx,0,8,05,00,80,3F,00,00,00,00,
-1778190072103866,00000180,false,Rx,0,8,0D,00,01,00,00,00,00,00,
-1778190072102922,00000280,false,Rx,0,8,41,EF,8B,3F,18,73,77,3D,
-1778190072101989,00000281,false,Rx,0,8,51,0B,DC,42,00,00,34,42,
-1778190072100960,00000380,false,Rx,0,8,00,00,00,00,00,00,00,00,
-1778190072099981,00000381,false,Rx,0,8,05,00,80,3F,00,00,00,00,
-1778190072080830,00000180,false,Rx,0,8,0D,00,01,00,00,00,00,00,
-1778190072079917,00000280,false,Rx,0,8,91,D9,8B,3F,E6,DE,7B,3D,
-1778190072079086,00000281,false,Rx,0,8,51,0B,DC,42,00,00,34,42,
-1778190072078061,00000380,false,Rx,0,8,00,00,00,00,00,00,00,00,
-1778190072077081,00000381,false,Rx,0,8,05,00,80,3F,00,00,00,00,
-1778190072058195,00000180,false,Rx,0,8,0D,00,01,00,00,00,00,00,
-1778190072057282,00000280,false,Rx,0,8,91,D9,8B,3F,E6,DE,7B,3D,
-1778190072056349,00000281,false,Rx,0,8,51,0B,DC,42,00,00,34,42,
-1778190072055324,00000380,false,Rx,0,8,00,00,00,00,00,00,00,00,
-1778190072054345,00000381,false,Rx,0,8,05,00,80,3F,00,00,00,00,
-1778190072037585,00000180,false,Rx,0,8,0D,00,01,00,00,00,00,00,
-1778190072036664,00000280,false,Rx,0,8,F6,C4,8B,3F,F8,4F,79,3D,
-1778190072035732,00000281,false,Rx,0,8,51,0B,DC,42,00,00,34,42,
-1778190072034702,00000380,false,Rx,0,8,00,00,00,00,00,00,00,00,
-1778190072033723,00000381,false,Rx,0,8,05,00,80,3F,00,00,00,00,
-1778190072014873,00000180,false,Rx,0,8,0D,00,01,00,00,00,00,00,
-1778190072013948,00000280,false,Rx,0,8,F6,C4,8B,3F,F8,4F,79,3D,
-1778190072013019,00000281,false,Rx,0,8,51,0B,DC,42,00,00,34,42,
-1778190072011990,00000380,false,Rx,0,8,00,00,00,00,00,00,00,00,
-1778190072011011,00000381,false,Rx,0,8,05,00,80,3F,00,00,00,00,
-1778190071992265,00000180,false,Rx,0,8,0D,00,01,00,00,00,00,00,
-1778190071991340,00000280,false,Rx,0,8,F6,C4,8B,3F,F8,4F,79,3D,
-1778190071990412,00000281,false,Rx,0,8,51,0B,DC,42,00,00,34,42,
-1778190071989383,00000380,false,Rx,0,8,00,00,00,00,00,00,00,00,
-1778190071988403,00000381,false,Rx,0,8,05,00,80,3F,00,00,00,00,
-1778190071971670,00000180,false,Rx,0,8,0D,00,01,00,00,00,00,00,
-1778190071970749,00000280,false,Rx,0,8,63,B1,8B,3F,38,63,7B,3D,
-1778190071969817,00000281,false,Rx,0,8,51,0B,DC,42,00,00,34,42,
-1778190071968791,00000380,false,Rx,0,8,00,00,00,00,00,00,00,00,
-1778190071967812,00000381,false,Rx,0,8,05,00,80,3F,00,00,00,00,
-1778190071948916,00000180,false,Rx,0,8,0D,00,01,00,00,00,00,00,
-1778190071947995,00000280,false,Rx,0,8,63,B1,8B,3F,38,63,7B,3D,
-1778190071947063,00000281,false,Rx,0,8,51,0B,DC,42,00,00,34,42,
-1778190071946038,00000380,false,Rx,0,8,00,00,00,00,00,00,00,00,
-1778190071945058,00000381,false,Rx,0,8,05,00,80,3F,00,00,00,00,
-1778190071925707,00000180,false,Rx,0,8,0D,00,01,00,00,00,00,00,
-1778190071924774,00000280,false,Rx,0,8,CB,9E,8B,3F,78,DA,78,3D,
-1778190071923845,00000281,false,Rx,0,8,51,0B,DC,42,00,00,34,42,
-1778190071922821,00000380,false,Rx,0,8,00,00,00,00,00,00,00,00,
-1778190071921841,00000381,false,Rx,0,8,05,00,80,3F,00,00,00,00,
-1778190071902988,00000180,false,Rx,0,8,0D,00,01,00,00,00,00,00,
-1778190071902056,00000280,false,Rx,0,8,CB,9E,8B,3F,78,DA,78,3D,
-1778190071901127,00000281,false,Rx,0,8,51,0B,DC,42,00,00,34,42,
-1778190071900097,00000380,false,Rx,0,8,00,00,00,00,00,00,00,00,
-1778190071899218,00000381,false,Rx,0,8,05,00,80,3F,00,00,00,00,
-1778190071882361,00000180,false,Rx,0,8,0D,00,01,00,00,00,00,00,
-1778190071881429,00000280,false,Rx,0,8,21,8D,8B,3F,98,F3,7A,3D,
-1778190071880500,00000281,false,Rx,0,8,51,0B,DC,42,00,00,34,42,
-1778190071879471,00000380,false,Rx,0,8,00,00,00,00,00,00,00,00,
-1778190071878591,00000381,false,Rx,0,8,05,00,80,3F,00,00,00,00,
-1778190071859648,00000180,false,Rx,0,8,0D,00,01,00,00,00,00,00,
-1778190071858818,00000280,false,Rx,0,8,21,8D,8B,3F,98,F3,7A,3D,
-1778190071857885,00000281,false,Rx,0,8,51,0B,DC,42,00,00,34,42,
-1778190071856857,00000380,false,Rx,0,8,00,00,00,00,00,00,00,00,
-1778190071855880,00000381,false,Rx,0,8,05,00,80,3F,00,00,00,00,
-1778190071837148,00000180,false,Rx,0,8,0D,00,01,00,00,00,00,00,
-1778190071836215,00000280,false,Rx,0,8,21,8D,8B,3F,98,F3,7A,3D,
-1778190071835287,00000281,false,Rx,0,8,51,0B,DC,42,00,00,34,42,
-1778190071834257,00000380,false,Rx,0,8,00,00,00,00,00,00,00,00,
-1778190071833278,00000381,false,Rx,0,8,05,00,80,3F,00,00,00,00,
-1778190071816530,00000180,false,Rx,0,8,0D,00,01,00,00,00,00,00,
-1778190071815574,00000280,false,Rx,0,8,59,7C,8B,3F,6D,70,78,3D,
-1778190071814645,00000281,false,Rx,0,8,51,0B,DC,42,00,00,34,42,
-1778190071813616,00000380,false,Rx,0,8,00,00,00,00,00,00,00,00,
-1778190071812638,00000381,false,Rx,0,8,05,00,80,3F,00,00,00,00,
-1778190071793807,00000180,false,Rx,0,8,0D,00,01,00,00,00,00,00,
-1778190071792855,00000280,false,Rx,0,8,59,7C,8B,3F,6D,70,78,3D,
-1778190071791923,00000281,false,Rx,0,8,51,0B,DC,42,00,00,34,42,
-1778190071790894,00000380,false,Rx,0,8,00,00,00,00,00,00,00,00,
-1778190071789914,00000381,false,Rx,0,8,05,00,80,3F,00,00,00,00,
-1778190071770983,00000180,false,Rx,0,8,0D,00,01,00,00,00,00,00,
-1778190071770069,00000280,false,Rx,0,8,68,6C,8B,3F,6B,0D,76,3D,
-1778190071769140,00000281,false,Rx,0,8,51,0B,DC,42,00,00,34,42,
-1778190071768111,00000380,false,Rx,0,8,00,00,00,00,00,00,00,00,
-1778190071767132,00000381,false,Rx,0,8,05,00,80,3F,00,00,00,00,
-1778190071748263,00000180,false,Rx,0,8,0D,00,01,00,00,00,00,00,
-1778190071747350,00000280,false,Rx,0,8,68,6C,8B,3F,6B,0D,76,3D,
-1778190071746417,00000281,false,Rx,0,8,51,0B,DC,42,00,00,34,42,
-1778190071745389,00000380,false,Rx,0,8,00,00,00,00,00,00,00,00,
-1778190071744409,00000381,false,Rx,0,8,05,00,80,3F,00,00,00,00,
-1778190071727832,00000180,false,Rx,0,8,0D,00,01,00,00,00,00,00,
-1778190071726899,00000280,false,Rx,0,8,43,5D,8B,3F,66,4A,78,3D,
-1778190071725970,00000281,false,Rx,0,8,51,0B,DC,42,00,00,34,42,
-1778190071724940,00000380,false,Rx,0,8,00,00,00,00,00,00,00,00,
-1778190071723962,00000381,false,Rx,0,8,05,00,80,3F,00,00,00,00,
-1778190071707669,00000180,false,Rx,0,8,0D,00,01,00,00,00,00,00,
-1778190071706740,00000280,false,Rx,0,8,43,5D,8B,3F,66,4A,78,3D,
-1778190071705808,00000281,false,Rx,0,8,51,0B,DC,42,00,00,34,42,
-1778190071704778,00000380,false,Rx,0,8,00,00,00,00,00,00,00,00,
-1778190071703799,00000381,false,Rx,0,8,05,00,80,3F,00,00,00,00,
-1778190071684931,00000180,false,Rx,0,8,0D,00,01,00,00,00,00,00,
-1778190071684003,00000280,false,Rx,0,8,43,5D,8B,3F,66,4A,78,3D,
-1778190071683070,00000281,false,Rx,0,8,51,0B,DC,42,00,00,34,42,
-1778190071682044,00000380,false,Rx,0,8,00,00,00,00,00,00,00,00,
-1778190071681066,00000381,false,Rx,0,8,05,00,80,3F,00,00,00,00,
-1778190071664310,00000180,false,Rx,0,8,0D,00,01,00,00,00,00,00,
-1778190071663376,00000280,false,Rx,0,8,E0,4E,8B,3F,4B,E9,75,3D,
-1778190071662448,00000281,false,Rx,0,8,51,0B,DC,42,00,00,34,42,
-1778190071661419,00000380,false,Rx,0,8,00,00,00,00,00,00,00,00,
-1778190071660440,00000381,false,Rx,0,8,05,00,80,3F,00,00,00,00,
-1778190071641572,00000180,false,Rx,0,8,0D,00,01,00,00,00,00,00,
-1778190071640639,00000280,false,Rx,0,8,E0,4E,8B,3F,4B,E9,75,3D,
-1778190071639809,00000281,false,Rx,0,8,51,0B,DC,42,00,00,34,42,
-1778190071638783,00000380,false,Rx,0,8,00,00,00,00,00,00,00,00,
-1778190071637803,00000381,false,Rx,0,8,05,00,80,3F,00,00,00,00,
-1778190071620960,00000180,false,Rx,0,8,0D,00,01,00,00,00,00,00,
-1778190071620032,00000280,false,Rx,0,8,35,41,8B,3F,CB,68,7A,3D,
-1778190071619197,00000281,false,Rx,0,8,51,0B,DC,42,00,00,34,42,
-1778190071618172,00000380,false,Rx,0,8,00,00,00,00,00,00,00,00,
-1778190071617192,00000381,false,Rx,0,8,05,00,80,3F,00,00,00,00,
-1778190071595955,00000180,false,Rx,0,8,0D,00,01,00,00,00,00,00,
-1778190071595026,00000280,false,Rx,0,8,35,41,8B,3F,CB,68,7A,3D,
-1778190071594094,00000281,false,Rx,0,8,51,0B,DC,42,00,00,34,42,
-1778190071593068,00000380,false,Rx,0,8,00,00,00,00,00,00,00,00,
-1778190071592089,00000381,false,Rx,0,8,05,00,80,3F,00,00,00,00,
-1778190071573354,00000180,false,Rx,0,8,0D,00,01,00,00,00,00,00,
-1778190071572426,00000280,false,Rx,0,8,35,41,8B,3F,CB,68,7A,3D,
-1778190071571493,00000281,false,Rx,0,8,51,0B,DC,42,00,00,34,42,
-1778190071570468,00000380,false,Rx,0,8,00,00,00,00,00,00,00,00,
-1778190071569488,00000381,false,Rx,0,8,05,00,80,3F,00,00,00,00,
-1778190071552938,00000180,false,Rx,0,8,0D,00,01,00,00,00,00,00,
-1778190071552006,00000280,false,Rx,0,8,39,34,8B,3F,92,EC,77,3D,
-1778190071551077,00000281,false,Rx,0,8,51,0B,DC,42,00,00,34,42,
-1778190071550047,00000380,false,Rx,0,8,00,00,00,00,00,00,00,00,
-1778190071549069,00000381,false,Rx,0,8,05,00,80,3F,00,00,00,00,
-1778190071530204,00000180,false,Rx,0,8,0D,00,01,00,00,00,00,00,
-1778190071529271,00000280,false,Rx,0,8,39,34,8B,3F,92,EC,77,3D,
-1778190071528339,00000281,false,Rx,0,8,51,0B,DC,42,00,00,34,42,
-1778190071527313,00000380,false,Rx,0,8,00,00,00,00,00,00,00,00,
-1778190071526334,00000381,false,Rx,0,8,05,00,80,3F,00,00,00,00,
-1778190071509586,00000180,false,Rx,0,8,0D,00,01,00,00,00,00,00,
-1778190071508654,00000280,false,Rx,0,8,E3,27,8B,3F,98,11,7A,3D,
-1778190071507725,00000281,false,Rx,0,8,51,0B,DC,42,00,00,34,42,
-1778190071506696,00000380,false,Rx,0,8,00,00,00,00,00,00,00,00,
-1778190071505717,00000381,false,Rx,0,8,05,00,80,3F,00,00,00,00,
-1778190071486864,00000180,false,Rx,0,8,0D,00,01,00,00,00,00,00,
-1778190071485935,00000280,false,Rx,0,8,E3,27,8B,3F,98,11,7A,3D,
-1778190071485003,00000281,false,Rx,0,8,51,0B,DC,42,00,00,34,42,
-1778190071483977,00000380,false,Rx,0,8,00,00,00,00,00,00,00,00,
-1778190071482994,00000381,false,Rx,0,8,05,00,80,3F,00,00,00,00,
-1778190071466439,00000180,false,Rx,0,8,0D,00,01,00,00,00,00,00,
-1778190071465518,00000280,false,Rx,0,8,2B,1C,8B,3F,BA,99,77,3D,
-1778190071464585,00000281,false,Rx,0,8,51,0B,DC,42,00,00,34,42,
-1778190071463557,00000380,false,Rx,0,8,00,00,00,00,00,00,00,00,
-1778190071462578,00000381,false,Rx,0,8,05,00,80,3F,00,00,00,00,
-1778190071441303,00000180,false,Rx,0,8,0D,00,01,00,00,00,00,00,
-1778190071440382,00000280,false,Rx,0,8,2B,1C,8B,3F,BA,99,77,3D,
-1778190071439348,00000281,false,Rx,0,8,51,0B,DC,42,00,00,34,42,
-1778190071438322,00000380,false,Rx,0,8,00,00,00,00,00,00,00,00,
-1778190071437343,00000381,false,Rx,0,8,05,00,80,3F,00,00,00,00,
-1778190071418212,00000180,false,Rx,0,8,0D,00,01,00,00,00,00,00,
-1778190071417287,00000280,false,Rx,0,8,2B,1C,8B,3F,BA,99,77,3D,
-1778190071416358,00000281,false,Rx,0,8,51,0B,DC,42,00,00,34,42,
-1778190071415328,00000380,false,Rx,0,8,00,00,00,00,00,00,00,00,
-1778190071414350,00000381,false,Rx,0,8,05,00,80,3F,00,00,00,00,
-1778190071397410,00000180,false,Rx,0,8,0D,00,01,00,00,00,00,00,
-1778190071396478,00000280,false,Rx,0,8,09,11,8B,3F,E3,C2,79,3D,
-1778190071395545,00000281,false,Rx,0,8,51,0B,DC,42,00,00,34,42,
-1778190071394519,00000380,false,Rx,0,8,00,00,00,00,00,00,00,00,
-1778190071393541,00000381,false,Rx,0,8,05,00,80,3F,00,00,00,00,
-1778190071374479,00000180,false,Rx,0,8,0D,00,01,00,00,00,00,00,
-1778190071373550,00000280,false,Rx,0,8,09,11,8B,3F,E3,C2,79,3D,
-1778190071372617,00000281,false,Rx,0,8,51,0B,DC,42,00,00,34,42,
-1778190071371592,00000380,false,Rx,0,8,00,00,00,00,00,00,00,00,
-1778190071370613,00000381,false,Rx,0,8,05,00,80,3F,00,00,00,00,
-1778190071353655,00000180,false,Rx,0,8,0D,00,01,00,00,00,00,00,
-1778190071352725,00000280,false,Rx,0,8,76,06,8B,3F,F5,4E,77,3D,
-1778190071351792,00000281,false,Rx,0,8,51,0B,DC,42,00,00,34,42,
-1778190071350767,00000380,false,Rx,0,8,00,00,00,00,00,00,00,00,
-1778190071349789,00000381,false,Rx,0,8,05,00,80,3F,00,00,00,00,
-1778190071330720,00000180,false,Rx,0,8,0D,00,01,00,00,00,00,00,
-1778190071329787,00000280,false,Rx,0,8,76,06,8B,3F,F5,4E,77,3D,
-1778190071328858,00000281,false,Rx,0,8,51,0B,DC,42,00,00,34,42,
-1778190071327830,00000380,false,Rx,0,8,00,00,00,00,00,00,00,00,
-1778190071326850,00000381,false,Rx,0,8,05,00,80,3F,00,00,00,00,
-1778190071309910,00000180,false,Rx,0,8,0D,00,01,00,00,00,00,00,
-1778190071308985,00000280,false,Rx,0,8,6A,FC,8A,3F,DB,7B,79,3D,
-1778190071308056,00000281,false,Rx,0,8,51,0B,DC,42,00,00,34,42,
-1778190071307028,00000380,false,Rx,0,8,00,00,00,00,00,00,00,00,
-1778190071306048,00000381,false,Rx,0,8,05,00,80,3F,00,00,00,00,
-1778190071284782,00000180,false,Rx,0,8,0D,00,01,00,00,00,00,00,
-1778190071283857,00000280,false,Rx,0,8,6A,FC,8A,3F,DB,7B,79,3D,
-1778190071282928,00000281,false,Rx,0,8,51,0B,DC,42,00,00,34,42,
-1778190071281898,00000380,false,Rx,0,8,00,00,00,00,00,00,00,00,
-1778190071280920,00000381,false,Rx,0,8,05,00,80,3F,00,00,00,00,
-1778190071261811,00000180,false,Rx,0,8,0D,00,01,00,00,00,00,00,
-1778190071260890,00000280,false,Rx,0,8,6A,FC,8A,3F,DB,7B,79,3D,
-1778190071259957,00000281,false,Rx,0,8,51,0B,DC,42,00,00,34,42,
-1778190071258929,00000380,false,Rx,0,8,00,00,00,00,00,00,00,00,
-1778190071257848,00000381,false,Rx,0,8,05,00,80,3F,00,00,00,00,
-1778190071241178,00000180,false,Rx,0,8,0D,00,01,00,00,00,00,00,
-1778190071240257,00000280,false,Rx,0,8,DE,F2,8A,3F,7A,0B,77,3D,
-1778190071239324,00000281,false,Rx,0,8,51,0B,DC,42,00,00,34,42,
-1778190071238194,00000380,false,Rx,0,8,00,00,00,00,00,00,00,00,
-1778190071237219,00000381,false,Rx,0,8,05,00,80,3F,00,00,00,00,
-1778190071218251,00000180,false,Rx,0,8,0D,00,01,00,00,00,00,00,
-1778190071217227,00000280,false,Rx,0,8,DE,F2,8A,3F,7A,0B,77,3D,
-1778190071216298,00000281,false,Rx,0,8,51,0B,DC,42,00,00,34,42,
-1778190071215271,00000380,false,Rx,0,8,00,00,00,00,00,00,00,00,
-1778190071214291,00000381,false,Rx,0,8,05,00,80,3F,00,00,00,00,
-1778190071197332,00000180,false,Rx,0,8,0D,00,01,00,00,00,00,00,
-1778190071196402,00000280,false,Rx,0,8,CD,E9,8A,3F,C0,3B,79,3D,
-1778190071195471,00000281,false,Rx,0,8,51,0B,DC,42,00,00,34,42,
-1778190071194442,00000380,false,Rx,0,8,00,00,00,00,00,00,00,00,
-1778190071193463,00000381,false,Rx,0,8,05,00,80,3F,00,00,00,00,
-1778190071174405,00000180,false,Rx,0,8,0D,00,01,00,00,00,00,00,
-1778190071173472,00000280,false,Rx,0,8,CD,E9,8A,3F,C0,3B,79,3D,
-1778190071172543,00000281,false,Rx,0,8,51,0B,DC,42,00,00,34,42,
-1778190071171514,00000380,false,Rx,0,8,00,00,00,00,00,00,00,00,
-1778190071170535,00000381,false,Rx,0,8,05,00,80,3F,00,00,00,00,
-1778190071153588,00000180,false,Rx,0,8,0D,00,01,00,00,00,00,00,
-1778190071152648,00000280,false,Rx,0,8,2F,E1,8A,3F,93,CE,76,3D,
-1778190071151714,00000281,false,Rx,0,8,51,0B,DC,42,00,00,34,42,
-1778190071150689,00000380,false,Rx,0,8,00,00,00,00,00,00,00,00,
-1778190071149711,00000381,false,Rx,0,8,05,00,80,3F,00,00,00,00,
-1778190071133218,00000180,false,Rx,0,8,0D,00,01,00,00,00,00,00,
-1778190071132278,00000280,false,Rx,0,8,2F,E1,8A,3F,93,CE,76,3D,
-1778190071131349,00000281,false,Rx,0,8,51,0B,DC,42,00,00,34,42,
-1778190071130319,00000380,false,Rx,0,8,00,00,00,00,00,00,00,00,
-1778190071129341,00000381,false,Rx,0,8,05,00,80,3F,00,00,00,00,
-1778190071107864,00000180,false,Rx,0,8,0D,00,01,00,00,00,00,00,
-1778190071106928,00000280,false,Rx,0,8,2F,E1,8A,3F,93,CE,76,3D,
-1778190071105995,00000281,false,Rx,0,8,51,0B,DC,42,00,00,34,42,
-1778190071104967,00000380,false,Rx,0,8,00,00,00,00,00,00,00,00,
-1778190071103987,00000381,false,Rx,0,8,05,00,80,3F,00,00,00,00,
-1778190071087055,00000180,false,Rx,0,8,0D,00,01,00,00,00,00,00,
-1778190071086115,00000280,false,Rx,0,8,00,D9,8A,3F,E5,01,79,3D,
-1778190071085186,00000281,false,Rx,0,8,51,0B,DC,42,00,00,34,42,
-1778190071084157,00000380,false,Rx,0,8,00,00,00,00,00,00,00,00,
-1778190071083178,00000381,false,Rx,0,8,05,00,80,3F,00,00,00,00,
-1778190071064136,00000180,false,Rx,0,8,0D,00,01,00,00,00,00,00,
-1778190071063195,00000280,false,Rx,0,8,00,D9,8A,3F,E5,01,79,3D,
-1778190071062262,00000281,false,Rx,0,8,51,0B,DC,42,00,00,34,42,
-1778190071061237,00000380,false,Rx,0,8,00,00,00,00,00,00,00,00,
-1778190071060259,00000381,false,Rx,0,8,05,00,80,3F,00,00,00,00,
-1778190071043311,00000180,false,Rx,0,8,0D,00,01,00,00,00,00,00,
-1778190071042378,00000280,false,Rx,0,8,3A,D1,8A,3F,9D,97,76,3D,
-1778190071041449,00000281,false,Rx,0,8,51,0B,DC,42,00,00,34,42,
-1778190071040421,00000380,false,Rx,0,8,00,00,00,00,00,00,00,00,
-1778190071039441,00000381,false,Rx,0,8,05,00,80,3F,00,00,00,00,
-1778190071020372,00000180,false,Rx,0,8,0D,00,01,00,00,00,00,00,
-1778190071019443,00000280,false,Rx,0,8,3A,D1,8A,3F,9D,97,76,3D,
-1778190071018509,00000281,false,Rx,0,8,51,0B,DC,42,00,00,34,42,
-1778190071017485,00000380,false,Rx,0,8,00,00,00,00,00,00,00,00,
-1778190071016506,00000381,false,Rx,0,8,05,00,80,3F,00,00,00,00,
-1778190070997389,00000180,false,Rx,0,8,0D,00,01,00,00,00,00,00,
-1778190070996456,00000280,false,Rx,0,8,3A,D1,8A,3F,9D,97,76,3D,
-1778190070995426,00000281,false,Rx,0,8,51,0B,DC,42,00,00,34,42,
-1778190070994396,00000380,false,Rx,0,8,00,00,00,00,00,00,00,00,
-1778190070993417,00000381,false,Rx,0,8,05,00,80,3F,00,00,00,00,
-1778190070976586,00000180,false,Rx,0,8,0D,00,01,00,00,00,00,00,
-1778190070975548,00000280,false,Rx,0,8,7D,65,8F,3F,AE,CD,78,3D,
-1778190070974615,00000281,false,Rx,0,8,51,0B,DC,42,00,00,34,42,
-1778190070973588,00000380,false,Rx,0,8,00,00,00,00,00,00,00,00,
-1778190070972611,00000381,false,Rx,0,8,05,00,80,3F,00,00,00,00,
-1778190070951156,00000180,false,Rx,0,8,0D,00,01,00,00,00,00,00,
-1778190070950219,00000280,false,Rx,0,8,7D,65,8F,3F,AE,CD,78,3D,
-1778190070949287,00000281,false,Rx,0,8,51,0B,DC,42,00,00,34,42,
-1778190070948257,00000380,false,Rx,0,8,00,00,00,00,00,00,00,00,
-1778190070947278,00000381,false,Rx,0,8,05,00,80,3F,00,00,00,00,
-1778190070930531,00000180,false,Rx,0,8,0D,00,01,00,00,00,00,00,
-1778190070929591,00000280,false,Rx,0,8,7D,23,8F,3F,02,66,76,3D,
-1778190070928662,00000281,false,Rx,0,8,51,0B,DC,42,00,00,34,42,
-1778190070927633,00000380,false,Rx,0,8,00,00,00,00,00,00,00,00,
-1778190070926654,00000381,false,Rx,0,8,05,00,80,3F,00,00,00,00,
-1778190070907569,00000180,false,Rx,0,8,0D,00,01,00,00,00,00,00,
-1778190070906632,00000280,false,Rx,0,8,7D,23,8F,3F,02,66,76,3D,
-1778190070905700,00000281,false,Rx,0,8,51,0B,DC,42,00,00,34,42,
-1778190070904675,00000380,false,Rx,0,8,00,00,00,00,00,00,00,00,
-1778190070903695,00000381,false,Rx,0,8,05,00,80,3F,00,00,00,00,
-1778190070886787,00000180,false,Rx,0,8,0D,00,01,00,00,00,00,00,
-1778190070885862,00000280,false,Rx,0,8,CA,E4,8E,3F,45,DF,7A,3D,
-1778190070884933,00000281,false,Rx,0,8,51,0B,DC,42,00,00,34,42,
-1778190070883903,00000380,false,Rx,0,8,00,00,00,00,00,00,00,00,
-1778190070882925,00000381,false,Rx,0,8,05,00,80,3F,00,00,00,00,
-1778190070863847,00000180,false,Rx,0,8,0D,00,01,00,00,00,00,00,
-1778190070862926,00000280,false,Rx,0,8,CA,E4,8E,3F,45,DF,7A,3D,
-1778190070861993,00000281,false,Rx,0,8,51,0B,DC,42,00,00,34,42,
-1778190070860965,00000380,false,Rx,0,8,00,00,00,00,00,00,00,00,
-1778190070859985,00000381,false,Rx,0,8,05,00,80,3F,00,00,00,00,
-1778190070840878,00000180,false,Rx,0,8,0D,00,01,00,00,00,00,00,
-1778190070839957,00000280,false,Rx,0,8,CA,E4,8E,3F,45,DF,7A,3D,
-1778190070839024,00000281,false,Rx,0,8,51,0B,DC,42,00,00,34,42,
-1778190070837995,00000380,false,Rx,0,8,00,00,00,00,00,00,00,00,
-1778190070837020,00000381,false,Rx,0,8,05,00,80,3F,00,00,00,00,
-1778190070820060,00000180,false,Rx,0,8,0D,00,01,00,00,00,00,00,
-1778190070819139,00000280,false,Rx,0,8,3A,A9,8E,3F,D6,9D,7A,3D,
-1778190070818206,00000281,false,Rx,0,8,51,0B,DC,42,00,00,34,42,
-1778190070817181,00000380,false,Rx,0,8,00,00,00,00,00,00,00,00,
-1778190070816202,00000381,false,Rx,0,8,05,00,80,3F,00,00,00,00,
-1778190070794908,00000180,false,Rx,0,8,0D,00,01,00,00,00,00,00,
-1778190070793887,00000280,false,Rx,0,8,3A,A9,8E,3F,D6,9D,7A,3D,
-1778190070792954,00000281,false,Rx,0,8,51,0B,DC,42,00,00,34,42,
-1778190070791926,00000380,false,Rx,0,8,00,00,00,00,00,00,00,00,
-1778190070790949,00000381,false,Rx,0,8,05,00,80,3F,00,00,00,00,
-1778190070774005,00000180,false,Rx,0,8,0D,00,01,00,00,00,00,00,
-1778190070773061,00000280,false,Rx,0,8,A4,70,8E,3F,65,A0,7C,3D,
-1778190070772130,00000281,false,Rx,0,8,51,0B,DC,42,00,00,34,42,
-1778190070771100,00000380,false,Rx,0,8,00,00,00,00,00,00,00,00,
-1778190070770122,00000381,false,Rx,0,8,05,00,80,3F,00,00,00,00,
-1778190070751060,00000180,false,Rx,0,8,0D,00,01,00,00,00,00,00,
-1778190070750116,00000280,false,Rx,0,8,A4,70,8E,3F,65,A0,7C,3D,
-1778190070749183,00000281,false,Rx,0,8,51,0B,DC,42,00,00,34,42,
-1778190070748159,00000380,false,Rx,0,8,00,00,00,00,00,00,00,00,
-1778190070747179,00000381,false,Rx,0,8,05,00,80,3F,00,00,00,00,
-1778190070730243,00000180,false,Rx,0,8,0D,00,01,00,00,00,00,00,
-1778190070729322,00000280,false,Rx,0,8,E2,3A,8E,3F,CA,07,7A,3D,
-1778190070728390,00000281,false,Rx,0,8,51,0B,DC,42,00,00,34,42,
-1778190070727364,00000380,false,Rx,0,8,00,00,00,00,00,00,00,00,
-1778190070726385,00000381,false,Rx,0,8,05,00,80,3F,00,00,00,00,
-1778190070707315,00000180,false,Rx,0,8,0D,00,01,00,00,00,00,00,
-1778190070706390,00000280,false,Rx,0,8,E2,3A,8E,3F,CA,07,7A,3D,
-1778190070705462,00000281,false,Rx,0,8,51,0B,DC,42,00,00,34,42,
-1778190070704432,00000380,false,Rx,0,8,00,00,00,00,00,00,00,00,
-1778190070703453,00000381,false,Rx,0,8,05,00,80,3F,00,00,00,00,
-1778190070684346,00000180,false,Rx,0,8,0D,00,01,00,00,00,00,00,
-1778190070683421,00000280,false,Rx,0,8,E2,3A,8E,3F,CA,07,7A,3D,
-1778190070682492,00000281,false,Rx,0,8,51,0B,DC,42,00,00,34,42,
-1778190070681462,00000380,false,Rx,0,8,00,00,00,00,00,00,00,00,
-1778190070680484,00000381,false,Rx,0,8,05,00,80,3F,00,00,00,00,
-1778190070663527,00000180,false,Rx,0,8,0D,00,01,00,00,00,00,00,
-1778190070662572,00000280,false,Rx,0,8,D0,07,8E,3F,DA,11,7C,3D,
-1778190070661643,00000281,false,Rx,0,8,51,0B,DC,42,00,00,34,42,
-1778190070660613,00000380,false,Rx,0,8,00,00,00,00,00,00,00,00,
-1778190070659635,00000381,false,Rx,0,8,05,00,80,3F,00,00,00,00,
-1778190070638205,00000180,false,Rx,0,8,0D,00,01,00,00,00,00,00,
-1778190070637253,00000280,false,Rx,0,8,D0,07,8E,3F,DA,11,7C,3D,
-1778190070636321,00000281,false,Rx,0,8,51,0B,DC,42,00,00,34,42,
-1778190070635291,00000380,false,Rx,0,8,00,00,00,00,00,00,00,00,
-1778190070634312,00000381,false,Rx,0,8,05,00,80,3F,00,00,00,00,
-1778190070617564,00000180,false,Rx,0,8,0D,00,01,00,00,00,00,00,
-1778190070616636,00000280,false,Rx,0,8,4C,D7,8D,3F,CE,01,7E,3D,
-1778190070615703,00000281,false,Rx,0,8,51,0B,DC,42,00,00,34,42,
-1778190070614677,00000380,false,Rx,0,8,00,00,00,00,00,00,00,00,
-1778190070613699,00000381,false,Rx,0,8,05,00,80,3F,00,00,00,00,
-1778190070594652,00000180,false,Rx,0,8,0D,00,01,00,00,00,00,00,
-1778190070593724,00000280,false,Rx,0,8,4C,D7,8D,3F,CE,01,7E,3D,
-1778190070592692,00000281,false,Rx,0,8,51,0B,DC,42,00,00,34,42,
-1778190070591663,00000380,false,Rx,0,8,00,00,00,00,00,00,00,00,
-1778190070590683,00000381,false,Rx,0,8,05,00,80,3F,00,00,00,00,
-1778190070574022,00000180,false,Rx,0,8,0D,00,01,00,00,00,00,00,
-1778190070573097,00000280,false,Rx,0,8,35,A9,8D,3F,86,57,7B,3D,
-1778190070572065,00000281,false,Rx,0,8,51,0B,DC,42,00,00,34,42,
-1778190070571039,00000380,false,Rx,0,8,00,00,00,00,00,00,00,00,
-1778190070570060,00000381,false,Rx,0,8,05,00,80,3F,00,00,00,00,
-1778190070553652,00000180,false,Rx,0,8,0D,00,01,00,00,00,00,00,
-1778190070552727,00000280,false,Rx,0,8,35,A9,8D,3F,86,57,7B,3D,
-1778190070551695,00000281,false,Rx,0,8,51,0B,DC,42,00,00,34,42,
-1778190070550670,00000380,false,Rx,0,8,00,00,00,00,00,00,00,00,
-1778190070549691,00000381,false,Rx,0,8,05,00,80,3F,00,00,00,00,
-1778190070530613,00000180,false,Rx,0,8,0D,00,01,00,00,00,00,00,
-1778190070529692,00000280,false,Rx,0,8,35,A9,8D,3F,86,57,7B,3D,
-1778190070528758,00000281,false,Rx,0,8,51,0B,DC,42,00,00,34,42,
-1778190070527729,00000380,false,Rx,0,8,00,00,00,00,00,00,00,00,
-1778190070526751,00000381,false,Rx,0,8,05,00,80,3F,00,00,00,00,
-1778190070509794,00000180,false,Rx,0,8,0D,00,01,00,00,00,00,00,
-1778190070508850,00000280,false,Rx,0,8,6C,7D,8D,3F,CD,50,7D,3D,
-1778190070507916,00000281,false,Rx,0,8,51,0B,DC,42,00,00,34,42,
-1778190070506891,00000380,false,Rx,0,8,00,00,00,00,00,00,00,00,
-1778190070505913,00000381,false,Rx,0,8,05,00,80,3F,00,00,00,00,
-1778190070486882,00000180,false,Rx,0,8,0D,00,01,00,00,00,00,00,
-1778190070485934,00000280,false,Rx,0,8,6C,7D,8D,3F,CD,50,7D,3D,
-1778190070485004,00000281,false,Rx,0,8,51,0B,DC,42,00,00,34,42,
-1778190070483975,00000380,false,Rx,0,8,00,00,00,00,00,00,00,00,
-1778190070482997,00000381,false,Rx,0,8,05,00,80,3F,00,00,00,00,
-1778190070463849,00000180,false,Rx,0,8,0D,00,01,00,00,00,00,00,
-1778190070462916,00000280,false,Rx,0,8,D3,53,8D,3F,60,AF,7A,3D,
-1778190070461984,00000281,false,Rx,0,8,51,0B,DC,42,00,00,34,42,
-1778190070460959,00000380,false,Rx,0,8,00,00,00,00,00,00,00,00,
-1778190070459979,00000381,false,Rx,0,8,05,00,80,3F,00,00,00,00,
-1778190070440933,00000180,false,Rx,0,8,0D,00,01,00,00,00,00,00,
-1778190070440005,00000280,false,Rx,0,8,D3,53,8D,3F,60,AF,7A,3D,
-1778190070439072,00000281,false,Rx,0,8,51,0B,DC,42,00,00,34,42,
-1778190070438047,00000380,false,Rx,0,8,00,00,00,00,00,00,00,00,
-1778190070437068,00000381,false,Rx,0,8,05,00,80,3F,00,00,00,00,
-1778190070418341,00000180,false,Rx,0,8,0D,00,01,00,00,00,00,00,
-1778190070417412,00000280,false,Rx,0,8,D3,53,8D,3F,60,AF,7A,3D,
-1778190070416479,00000281,false,Rx,0,8,51,0B,DC,42,00,00,34,42,
-1778190070415454,00000380,false,Rx,0,8,00,00,00,00,00,00,00,00,
-1778190070414475,00000381,false,Rx,0,8,05,00,80,3F,00,00,00,00,
-1778190070397915,00000180,false,Rx,0,8,0D,00,01,00,00,00,00,00,
-1778190070396967,00000280,false,Rx,0,8,4F,2C,8D,3F,0E,B1,7C,3D,
-1778190070396039,00000281,false,Rx,0,8,51,0B,DC,42,00,00,34,42,
-1778190070395010,00000380,false,Rx,0,8,00,00,00,00,00,00,00,00,
-1778190070394030,00000381,false,Rx,0,8,05,00,80,3F,00,00,00,00,
-1778190070375176,00000180,false,Rx,0,8,0D,00,01,00,00,00,00,00,
-1778190070374232,00000280,false,Rx,0,8,4F,2C,8D,3F,0E,B1,7C,3D,
-1778190070373300,00000281,false,Rx,0,8,51,0B,DC,42,00,00,34,42,
-1778190070372271,00000380,false,Rx,0,8,00,00,00,00,00,00,00,00,
-1778190070371392,00000381,false,Rx,0,8,05,00,80,3F,00,00,00,00,
-1778190070354570,00000180,false,Rx,0,8,0D,00,01,00,00,00,00,00,
-1778190070353621,00000280,false,Rx,0,8,C5,06,8D,3F,55,58,7C,3D,
-1778190070352689,00000281,false,Rx,0,8,51,0B,DC,42,00,00,34,42,
-1778190070351762,00000380,false,Rx,0,8,00,00,00,00,00,00,00,00,
-1778190070350785,00000381,false,Rx,0,8,05,00,80,3F,00,00,00,00,
-1778190070331832,00000180,false,Rx,0,8,0D,00,01,00,00,00,00,00,
-1778190070330983,00000280,false,Rx,0,8,C5,06,8D,3F,55,58,7C,3D,
-1778190070330055,00000281,false,Rx,0,8,51,0B,DC,42,00,00,34,42,
-1778190070329024,00000380,false,Rx,0,8,00,00,00,00,00,00,00,00,
-1778190070328047,00000381,false,Rx,0,8,05,00,80,3F,00,00,00,00,
-1778190070309113,00000180,false,Rx,0,8,0D,00,01,00,00,00,00,00,
-1778190070308173,00000280,false,Rx,0,8,1B,E3,8C,3F,C3,44,7E,3D,
-1778190070307244,00000281,false,Rx,0,8,51,0B,DC,42,00,00,34,42,
-1778190070306214,00000380,false,Rx,0,8,00,00,00,00,00,00,00,00,
-1778190070305236,00000381,false,Rx,0,8,05,00,80,3F,00,00,00,00,
-1778190070286382,00000180,false,Rx,0,8,0D,00,01,00,00,00,00,00,
-1778190070285445,00000280,false,Rx,0,8,1B,E3,8C,3F,C3,44,7E,3D,
-1778190070284513,00000281,false,Rx,0,8,51,0B,DC,42,00,00,34,42,
-1778190070283488,00000380,false,Rx,0,8,00,00,00,00,00,00,00,00,
-1778190070282508,00000381,false,Rx,0,8,05,00,80,3F,00,00,00,00,
-1778190070263592,00000180,false,Rx,0,8,0D,00,01,00,00,00,00,00,
-1778190070262652,00000280,false,Rx,0,8,1B,E3,8C,3F,C3,44,7E,3D,
-1778190070261723,00000281,false,Rx,0,8,51,0B,DC,42,00,00,34,42,
-1778190070260693,00000380,false,Rx,0,8,00,00,00,00,00,00,00,00,
-1778190070259715,00000381,false,Rx,0,8,05,00,80,3F,00,00,00,00,
-1778190070242982,00000180,false,Rx,0,8,0D,00,01,00,00,00,00,00,
-1778190070242049,00000280,false,Rx,0,8,3A,C1,8C,3F,23,97,7B,3D,
-1778190070241117,00000281,false,Rx,0,8,51,0B,DC,42,00,00,34,42,
-1778190070240092,00000380,false,Rx,0,8,00,00,00,00,00,00,00,00,
-1778190070239112,00000381,false,Rx,0,8,05,00,80,3F,00,00,00,00,
-1778190070220259,00000180,false,Rx,0,8,0D,00,01,00,00,00,00,00,
-1778190070219326,00000280,false,Rx,0,8,3A,C1,8C,3F,23,97,7B,3D,
-1778190070218396,00000281,false,Rx,0,8,51,0B,DC,42,00,00,34,42,
-1778190070217368,00000380,false,Rx,0,8,00,00,00,00,00,00,00,00,
-1778190070216393,00000381,false,Rx,0,8,05,00,80,3F,00,00,00,00,
-1778190070199641,00000180,false,Rx,0,8,0D,00,01,00,00,00,00,00,
-1778190070198712,00000280,false,Rx,0,8,0A,A1,8C,3F,3B,8D,7D,3D,
-1778190070197780,00000281,false,Rx,0,8,51,0B,DC,42,00,00,34,42,
-1778190070196754,00000380,false,Rx,0,8,00,00,00,00,00,00,00,00,
-1778190070195775,00000381,false,Rx,0,8,05,00,80,3F,00,00,00,00,
-1778190070176879,00000180,false,Rx,0,8,0D,00,01,00,00,00,00,00,
-1778190070175950,00000280,false,Rx,0,8,0A,A1,8C,3F,3B,8D,7D,3D,
-1778190070175018,00000281,false,Rx,0,8,51,0B,DC,42,00,00,34,42,
-1778190070173992,00000380,false,Rx,0,8,00,00,00,00,00,00,00,00,
-1778190070173013,00000381,false,Rx,0,8,05,00,80,3F,00,00,00,00,
-1778190070153877,00000180,false,Rx,0,8,0D,00,01,00,00,00,00,00,
-1778190070152956,00000280,false,Rx,0,8,76,82,8C,3F,C8,E8,7A,3D,
-1778190070152122,00000281,false,Rx,0,8,51,0B,DC,42,00,00,34,42,
-1778190070151097,00000380,false,Rx,0,8,00,00,00,00,00,00,00,00,
-1778190070150117,00000381,false,Rx,0,8,05,00,80,3F,00,00,00,00,
-1778190070133708,00000180,false,Rx,0,8,0D,00,01,00,00,00,00,00,
-1778190070132787,00000280,false,Rx,0,8,76,82,8C,3F,C8,E8,7A,3D,
-1778190070131954,00000281,false,Rx,0,8,51,0B,DC,42,00,00,34,42,
-1778190070130928,00000380,false,Rx,0,8,00,00,00,00,00,00,00,00,
-1778190070129949,00000381,false,Rx,0,8,05,00,80,3F,00,00,00,00,
-1778190070111055,00000180,false,Rx,0,8,0D,00,01,00,00,00,00,00,
-1778190070110134,00000280,false,Rx,0,8,76,82,8C,3F,C8,E8,7A,3D,
-1778190070109205,00000281,false,Rx,0,8,51,0B,DC,42,00,00,34,42,
-1778190070108176,00000380,false,Rx,0,8,00,00,00,00,00,00,00,00,
-1778190070107197,00000381,false,Rx,0,8,05,00,80,3F,00,00,00,00,
-1778190070090454,00000180,false,Rx,0,8,0D,00,01,00,00,00,00,00,
-1778190070089509,00000280,false,Rx,0,8,6A,65,8C,3F,98,E7,7C,3D,
-1778190070088576,00000281,false,Rx,0,8,51,0B,DC,42,00,00,34,42,
-1778190070087551,00000380,false,Rx,0,8,00,00,00,00,00,00,00,00,
-1778190070086569,00000381,false,Rx,0,8,05,00,80,3F,00,00,00,00,
-1778190070067734,00000180,false,Rx,0,8,0D,00,01,00,00,00,00,00,
-1778190070066786,00000280,false,Rx,0,8,6A,65,8C,3F,98,E7,7C,3D,
-1778190070065857,00000281,false,Rx,0,8,51,0B,DC,42,00,00,34,42,
-1778190070064827,00000380,false,Rx,0,8,00,00,00,00,00,00,00,00,
-1778190070063849,00000381,false,Rx,0,8,05,00,80,3F,00,00,00,00,
-1778190070047309,00000180,false,Rx,0,8,0D,00,01,00,00,00,00,00,
-1778190070046369,00000280,false,Rx,0,8,D2,49,8C,3F,25,8C,7C,3D,
-1778190070045436,00000281,false,Rx,0,8,51,0B,DC,42,00,00,34,42,
-1778190070044410,00000380,false,Rx,0,8,00,00,00,00,00,00,00,00,
-1778190070043432,00000381,false,Rx,0,8,05,00,80,3F,00,00,00,00,
-1778190070024555,00000180,false,Rx,0,8,0D,00,01,00,00,00,00,00,
-1778190070023618,00000280,false,Rx,0,8,D2,49,8C,3F,25,8C,7C,3D,
-1778190070022686,00000281,false,Rx,0,8,51,0B,DC,42,00,00,34,42,
-1778190070021656,00000380,false,Rx,0,8,00,00,00,00,00,00,00,00,
-1778190070020677,00000381,false,Rx,0,8,05,00,80,3F,00,00,00,00,
-1778190070001812,00000180,false,Rx,0,8,0D,00,01,00,00,00,00,00,
-1778190070000871,00000280,false,Rx,0,8,D2,49,8C,3F,25,8C,7C,3D,
-1778190069999938,00000281,false,Rx,0,8,51,0B,DC,42,00,00,34,42,
-1778190069998913,00000380,false,Rx,0,8,00,00,00,00,00,00,00,00,
-1778190069997935,00000381,false,Rx,0,8,05,00,80,3F,00,00,00,00,
-1778190069978784,00000180,false,Rx,0,8,0D,00,01,00,00,00,00,00,
-1778190069977836,00000280,false,Rx,0,8,9A,2F,8C,3F,FD,75,7E,3D,
-1778190069976907,00000281,false,Rx,0,8,51,0B,DC,42,00,00,34,42,
-1778190069975877,00000380,false,Rx,0,8,00,00,00,00,00,00,00,00,
-1778190069974899,00000381,false,Rx,0,8,05,00,80,3F,00,00,00,00,
-1778190069956040,00000180,false,Rx,0,8,0D,00,01,00,00,00,00,00,
-1778190069955092,00000280,false,Rx,0,8,9A,2F,8C,3F,FD,75,7E,3D,
-1778190069954163,00000281,false,Rx,0,8,51,0B,DC,42,00,00,34,42,
-1778190069953134,00000380,false,Rx,0,8,00,00,00,00,00,00,00,00,
-1778190069952256,00000381,false,Rx,0,8,05,00,80,3F,00,00,00,00,
-1778190069935438,00000180,false,Rx,0,8,0D,00,01,00,00,00,00,00,
-1778190069934505,00000280,false,Rx,0,8,B2,16,8C,3F,9E,06,7E,3D,
-1778190069933577,00000281,false,Rx,0,8,51,0B,DC,42,00,00,34,42,
-1778190069932547,00000380,false,Rx,0,8,00,00,00,00,00,00,00,00,
-1778190069931670,00000381,false,Rx,0,8,05,00,80,3F,00,00,00,00,
-1778190069912691,00000180,false,Rx,0,8,0D,00,01,00,00,00,00,00,
-1778190069911862,00000280,false,Rx,0,8,B2,16,8C,3F,9E,06,7E,3D,
-1778190069910929,00000281,false,Rx,0,8,51,0B,DC,42,00,00,34,42,
-1778190069909902,00000380,false,Rx,0,8,00,00,00,00,00,00,00,00,
-1778190069908925,00000381,false,Rx,0,8,05,00,80,3F,00,00,00,00,
-1778190069892182,00000180,false,Rx,0,8,0D,00,01,00,00,00,00,00,
-1778190069891235,00000280,false,Rx,0,8,09,FF,8B,3F,8A,DD,7F,3D,
-1778190069890305,00000281,false,Rx,0,8,51,0B,DC,42,00,00,34,42,
-1778190069889278,00000380,false,Rx,0,8,00,00,00,00,00,00,00,00,
-1778190069888299,00000381,false,Rx,0,8,05,00,80,3F,00,00,00,00,
-1778190069869437,00000180,false,Rx,0,8,0D,00,01,00,00,00,00,00,
-1778190069868493,00000280,false,Rx,0,8,09,FF,8B,3F,8A,DD,7F,3D,
-1778190069867560,00000281,false,Rx,0,8,51,0B,DC,42,00,00,34,42,
-1778190069866530,00000380,false,Rx,0,8,00,00,00,00,00,00,00,00,
-1778190069865552,00000381,false,Rx,0,8,05,00,80,3F,00,00,00,00,
-1778190069846684,00000180,false,Rx,0,8,0D,00,01,00,00,00,00,00,
-1778190069845738,00000280,false,Rx,0,8,09,FF,8B,3F,8A,DD,7F,3D,
-1778190069844806,00000281,false,Rx,0,8,51,0B,DC,42,00,00,34,42,
-1778190069843777,00000380,false,Rx,0,8,00,00,00,00,00,00,00,00,
-1778190069842799,00000381,false,Rx,0,8,05,00,80,3F,00,00,00,00,
-1778190069824053,00000180,false,Rx,0,8,0D,00,01,00,00,00,00,00,
-1778190069823120,00000280,false,Rx,0,8,8F,E8,8B,3F,7A,1B,7D,3D,
-1778190069822191,00000281,false,Rx,0,8,51,0B,DC,42,00,00,34,42,
-1778190069821162,00000380,false,Rx,0,8,00,00,00,00,00,00,00,00,
-1778190069820184,00000381,false,Rx,0,8,05,00,80,3F,00,00,00,00,
-1778190069801333,00000180,false,Rx,0,8,0D,00,01,00,00,00,00,00,
-1778190069800400,00000280,false,Rx,0,8,8F,E8,8B,3F,7A,1B,7D,3D,
-1778190069799468,00000281,false,Rx,0,8,51,0B,DC,42,00,00,34,42,
-1778190069798442,00000380,false,Rx,0,8,00,00,00,00,00,00,00,00,
-1778190069797463,00000381,false,Rx,0,8,05,00,80,3F,00,00,00,00,
-1778190069780905,00000180,false,Rx,0,8,0D,00,01,00,00,00,00,00,
-1778190069779968,00000280,false,Rx,0,8,35,D3,8B,3F,26,FE,7E,3D,
-1778190069779036,00000281,false,Rx,0,8,51,0B,DC,42,00,00,34,42,
-1778190069778007,00000380,false,Rx,0,8,00,00,00,00,00,00,00,00,
-1778190069777027,00000381,false,Rx,0,8,05,00,80,3F,00,00,00,00,
-1778190069758154,00000180,false,Rx,0,8,0D,00,01,00,00,00,00,00,
-1778190069757213,00000280,false,Rx,0,8,35,D3,8B,3F,26,FE,7E,3D,
-1778190069756281,00000281,false,Rx,0,8,51,0B,DC,42,00,00,34,42,
-1778190069755255,00000380,false,Rx,0,8,00,00,00,00,00,00,00,00,
-1778190069754276,00000381,false,Rx,0,8,05,00,80,3F,00,00,00,00,
-1778190069737560,00000180,false,Rx,0,8,0D,00,01,00,00,00,00,00,
-1778190069736620,00000280,false,Rx,0,8,EC,BE,8B,3F,FA,87,7E,3D,
-1778190069735690,00000281,false,Rx,0,8,51,0B,DC,42,00,00,34,42,
-1778190069734661,00000380,false,Rx,0,8,00,00,00,00,00,00,00,00,
-1778190069733683,00000381,false,Rx,0,8,05,00,80,3F,00,00,00,00,
-1778190069714840,00000180,false,Rx,0,8,0D,00,01,00,00,00,00,00,
-1778190069713899,00000280,false,Rx,0,8,EC,BE,8B,3F,FA,87,7E,3D,
-1778190069712971,00000281,false,Rx,0,8,51,0B,DC,42,00,00,34,42,
-1778190069712041,00000380,false,Rx,0,8,00,00,00,00,00,00,00,00,
-1778190069711063,00000381,false,Rx,0,8,05,00,80,3F,00,00,00,00,
-1778190069692322,00000180,false,Rx,0,8,0D,00,01,00,00,00,00,00,
-1778190069691382,00000280,false,Rx,0,8,EC,BE,8B,3F,FA,87,7E,3D,
-1778190069690451,00000281,false,Rx,0,8,51,0B,DC,42,00,00,34,42,
-1778190069689427,00000380,false,Rx,0,8,00,00,00,00,00,00,00,00,
-1778190069688443,00000381,false,Rx,0,8,05,00,80,3F,00,00,00,00,
-1778190069669520,00000180,false,Rx,0,8,0D,00,01,00,00,00,00,00,
-1778190069668599,00000280,false,Rx,0,8,A6,AB,8B,3F,36,2C,80,3D,
-1778190069667667,00000281,false,Rx,0,8,51,0B,DC,42,00,00,34,42,
-1778190069666641,00000380,false,Rx,0,8,00,00,00,00,00,00,00,00,
-1778190069665662,00000381,false,Rx,0,8,05,00,80,3F,00,00,00,00,
-1778190069646794,00000180,false,Rx,0,8,0D,00,01,00,00,00,00,00,
-1778190069645869,00000280,false,Rx,0,8,A6,AB,8B,3F,36,2C,80,3D,
-1778190069644940,00000281,false,Rx,0,8,51,0B,DC,42,00,00,34,42,
-1778190069643911,00000380,false,Rx,0,8,00,00,00,00,00,00,00,00,
-1778190069642932,00000381,false,Rx,0,8,05,00,80,3F,00,00,00,00,
-1778190069626169,00000180,false,Rx,0,8,0D,00,01,00,00,00,00,00,
-1778190069625236,00000280,false,Rx,0,8,57,99,8B,3F,36,90,7D,3D,
-1778190069624304,00000281,false,Rx,0,8,51,0B,DC,42,00,00,34,42,
-1778190069623279,00000380,false,Rx,0,8,00,00,00,00,00,00,00,00,
-1778190069622299,00000381,false,Rx,0,8,05,00,80,3F,00,00,00,00,
-1778190069603453,00000180,false,Rx,0,8,0D,00,01,00,00,00,00,00,
-1778190069602525,00000280,false,Rx,0,8,57,99,8B,3F,36,90,7D,3D,
-1778190069601592,00000281,false,Rx,0,8,51,0B,DC,42,00,00,34,42,
-1778190069600567,00000380,false,Rx,0,8,00,00,00,00,00,00,00,00,
-1778190069599588,00000381,false,Rx,0,8,05,00,80,3F,00,00,00,00,
-1778190069583030,00000180,false,Rx,0,8,0D,00,01,00,00,00,00,00,
-1778190069582101,00000280,false,Rx,0,8,F2,87,8B,3F,0D,6D,7F,3D,
-1778190069581168,00000281,false,Rx,0,8,51,0B,DC,42,00,00,34,42,
-1778190069580143,00000380,false,Rx,0,8,00,00,00,00,00,00,00,00,
-1778190069579164,00000381,false,Rx,0,8,05,00,80,3F,00,00,00,00,
-1778190069562863,00000180,false,Rx,0,8,0D,00,01,00,00,00,00,00,
-1778190069561934,00000280,false,Rx,0,8,F2,87,8B,3F,0D,6D,7F,3D,
-1778190069561001,00000281,false,Rx,0,8,51,0B,DC,42,00,00,34,42,
-1778190069559976,00000380,false,Rx,0,8,00,00,00,00,00,00,00,00,
-1778190069558997,00000381,false,Rx,0,8,05,00,80,3F,00,00,00,00,
-1778190069540121,00000180,false,Rx,0,8,0D,00,01,00,00,00,00,00,
-1778190069539188,00000280,false,Rx,0,8,F2,87,8B,3F,0D,6D,7F,3D,
-1778190069538256,00000281,false,Rx,0,8,51,0B,DC,42,00,00,34,42,
-1778190069537230,00000380,false,Rx,0,8,00,00,00,00,00,00,00,00,
-1778190069536251,00000381,false,Rx,0,8,05,00,80,3F,00,00,00,00,
-1778190069519507,00000180,false,Rx,0,8,0D,00,01,00,00,00,00,00,
-1778190069518579,00000280,false,Rx,0,8,6C,77,8B,3F,9D,B0,7C,3D,
-1778190069517646,00000281,false,Rx,0,8,51,0B,DC,42,00,00,34,42,
-1778190069516620,00000380,false,Rx,0,8,00,00,00,00,00,00,00,00,
-1778190069515641,00000381,false,Rx,0,8,05,00,80,3F,00,00,00,00,
-1778190069494370,00000180,false,Rx,0,8,0D,00,01,00,00,00,00,00,
-1778190069493441,00000280,false,Rx,0,8,6C,77,8B,3F,9D,B0,7C,3D,
-1778190069492609,00000281,false,Rx,0,8,51,0B,DC,42,00,00,34,42,
-1778190069491583,00000380,false,Rx,0,8,00,00,00,00,00,00,00,00,
-1778190069490604,00000381,false,Rx,0,8,05,00,80,3F,00,00,00,00,
-1778190069473754,00000180,false,Rx,0,8,0D,00,01,00,00,00,00,00,
-1778190069472931,00000280,false,Rx,0,8,BA,67,8B,3F,A2,98,7E,3D,
-1778190069472001,00000281,false,Rx,0,8,51,0B,DC,42,00,00,34,42,
-1778190069470974,00000380,false,Rx,0,8,00,00,00,00,00,00,00,00,
-1778190069469993,00000381,false,Rx,0,8,05,00,80,3F,00,00,00,00,
-1778190069451126,00000180,false,Rx,0,8,0D,00,01,00,00,00,00,00,
-1778190069450200,00000280,false,Rx,0,8,BA,67,8B,3F,A2,98,7E,3D,
-1778190069449271,00000281,false,Rx,0,8,51,0B,DC,42,00,00,34,42,
-1778190069448242,00000380,false,Rx,0,8,00,00,00,00,00,00,00,00,
-1778190069447264,00000381,false,Rx,0,8,05,00,80,3F,00,00,00,00,
-1778190069428333,00000180,false,Rx,0,8,0D,00,01,00,00,00,00,00,
-1778190069427408,00000280,false,Rx,0,8,BA,67,8B,3F,A2,98,7E,3D,
-1778190069426479,00000281,false,Rx,0,8,51,0B,DC,42,00,00,34,42,
-1778190069425451,00000380,false,Rx,0,8,00,00,00,00,00,00,00,00,
-1778190069424471,00000381,false,Rx,0,8,05,00,80,3F,00,00,00,00,
-1778190069407723,00000180,false,Rx,0,8,0D,00,01,00,00,00,00,00,
-1778190069406802,00000280,false,Rx,0,8,D1,58,8B,3F,D0,E6,7B,3D,
-1778190069405870,00000281,false,Rx,0,8,51,0B,DC,42,00,00,34,42,
-1778190069404845,00000380,false,Rx,0,8,00,00,00,00,00,00,00,00,
-1778190069403861,00000381,false,Rx,0,8,05,00,80,3F,00,00,00,00,
-1778190069384785,00000180,false,Rx,0,8,0D,00,01,00,00,00,00,00,
-1778190069383864,00000280,false,Rx,0,8,D1,58,8B,3F,D0,E6,7B,3D,
-1778190069382932,00000281,false,Rx,0,8,51,0B,DC,42,00,00,34,42,
-1778190069381907,00000380,false,Rx,0,8,00,00,00,00,00,00,00,00,
-1778190069380927,00000381,false,Rx,0,8,05,00,80,3F,00,00,00,00,
-1778190069363987,00000180,false,Rx,0,8,0D,00,01,00,00,00,00,00,
-1778190069363062,00000280,false,Rx,0,8,A6,4A,8B,3F,ED,D8,7D,3D,
-1778190069362129,00000281,false,Rx,0,8,51,0B,DC,42,00,00,34,42,
-1778190069361104,00000380,false,Rx,0,8,00,00,00,00,00,00,00,00,
-1778190069360125,00000381,false,Rx,0,8,05,00,80,3F,00,00,00,00,
-1778190069338642,00000180,false,Rx,0,8,0D,00,01,00,00,00,00,00,
-1778190069337717,00000280,false,Rx,0,8,A6,4A,8B,3F,ED,D8,7D,3D,
-1778190069336785,00000281,false,Rx,0,8,51,0B,DC,42,00,00,34,42,
-1778190069335760,00000380,false,Rx,0,8,00,00,00,00,00,00,00,00,
-1778190069334780,00000381,false,Rx,0,8,05,00,80,3F,00,00,00,00,
-1778190069317821,00000180,false,Rx,0,8,0D,00,01,00,00,00,00,00,
-1778190069316892,00000280,false,Rx,0,8,31,3D,8B,3F,22,B2,7F,3D,
-1778190069315960,00000281,false,Rx,0,8,51,0B,DC,42,00,00,34,42,
-1778190069314935,00000380,false,Rx,0,8,00,00,00,00,00,00,00,00,
-1778190069313955,00000381,false,Rx,0,8,05,00,80,3F,00,00,00,00,
-1778190069294887,00000180,false,Rx,0,8,0D,00,01,00,00,00,00,00,
-1778190069293955,00000280,false,Rx,0,8,31,3D,8B,3F,22,B2,7F,3D,
-1778190069293022,00000281,false,Rx,0,8,51,0B,DC,42,00,00,34,42,
-1778190069291897,00000380,false,Rx,0,8,00,00,00,00,00,00,00,00,
-1778190069290916,00000381,false,Rx,0,8,05,00,80,3F,00,00,00,00,
-1778190069271818,00000180,false,Rx,0,8,0D,00,01,00,00,00,00,00,
-1778190069270885,00000280,false,Rx,0,8,31,3D,8B,3F,22,B2,7F,3D,
-1778190069269955,00000281,false,Rx,0,8,51,0B,DC,42,00,00,34,42,
-1778190069268930,00000380,false,Rx,0,8,00,00,00,00,00,00,00,00,
-1778190069267947,00000381,false,Rx,0,8,05,00,80,3F,00,00,00,00,
-1778190069251000,00000180,false,Rx,0,8,0D,00,01,00,00,00,00,00,
-1778190069250062,00000280,false,Rx,0,8,68,30,8B,3F,F5,32,7F,3D,
-1778190069249130,00000281,false,Rx,0,8,51,0B,DC,42,00,00,34,42,
-1778190069248101,00000380,false,Rx,0,8,00,00,00,00,00,00,00,00,
-1778190069247122,00000381,false,Rx,0,8,05,00,80,3F,00,00,00,00,
-1778190069228072,00000180,false,Rx,0,8,0D,00,01,00,00,00,00,00,
-1778190069227132,00000280,false,Rx,0,8,68,30,8B,3F,F5,32,7F,3D,
-1778190069226200,00000281,false,Rx,0,8,51,0B,DC,42,00,00,34,42,
-1778190069225175,00000380,false,Rx,0,8,00,00,00,00,00,00,00,00,
-1778190069224196,00000381,false,Rx,0,8,05,00,80,3F,00,00,00,00,
-1778190069207251,00000180,false,Rx,0,8,0D,00,01,00,00,00,00,00,
-1778190069206315,00000280,false,Rx,0,8,43,24,8B,3F,6E,7D,80,3D,
-1778190069205382,00000281,false,Rx,0,8,51,0B,DC,42,00,00,34,42,
-1778190069204357,00000380,false,Rx,0,8,00,00,00,00,00,00,00,00,
-1778190069203378,00000381,false,Rx,0,8,05,00,80,3F,00,00,00,00,
-1778190069182127,00000180,false,Rx,0,8,0D,00,01,00,00,00,00,00,
-1778190069181187,00000280,false,Rx,0,8,43,24,8B,3F,6E,7D,80,3D,
-1778190069180253,00000281,false,Rx,0,8,51,0B,DC,42,00,00,34,42,
-1778190069179228,00000380,false,Rx,0,8,00,00,00,00,00,00,00,00,
-1778190069178250,00000381,false,Rx,0,8,05,00,80,3F,00,00,00,00,
-1778190069161501,00000180,false,Rx,0,8,0D,00,01,00,00,00,00,00,
-1778190069160561,00000280,false,Rx,0,8,BA,18,8B,3F,88,2A,7E,3D,
-1778190069159628,00000281,false,Rx,0,8,51,0B,DC,42,00,00,34,42,
-1778190069158603,00000380,false,Rx,0,8,00,00,00,00,00,00,00,00,
-1778190069157624,00000381,false,Rx,0,8,05,00,80,3F,00,00,00,00,
-1778190069138571,00000180,false,Rx,0,8,0D,00,01,00,00,00,00,00,
-1778190069137631,00000280,false,Rx,0,8,BA,18,8B,3F,88,2A,7E,3D,
-1778190069136702,00000281,false,Rx,0,8,51,0B,DC,42,00,00,34,42,
-1778190069135672,00000380,false,Rx,0,8,00,00,00,00,00,00,00,00,
-1778190069134694,00000381,false,Rx,0,8,05,00,80,3F,00,00,00,00,
-1778190069115593,00000180,false,Rx,0,8,0D,00,01,00,00,00,00,00,
-1778190069114657,00000280,false,Rx,0,8,BA,18,8B,3F,88,2A,7E,3D,
-1778190069113724,00000281,false,Rx,0,8,51,0B,DC,42,00,00,34,42,
-1778190069112699,00000380,false,Rx,0,8,00,00,00,00,00,00,00,00,
-1778190069111716,00000381,false,Rx,0,8,05,00,80,3F,00,00,00,00,
-1778190069094768,00000180,false,Rx,0,8,0D,00,01,00,00,00,00,00,
-1778190069093820,00000280,false,Rx,0,8,C4,0D,8B,3F,A8,FF,7F,3D,
-1778190069092891,00000281,false,Rx,0,8,51,0B,DC,42,00,00,34,42,
-1778190069091861,00000380,false,Rx,0,8,00,00,00,00,00,00,00,00,
-1778190069090883,00000381,false,Rx,0,8,05,00,80,3F,00,00,00,00,
-1778190069071833,00000180,false,Rx,0,8,0D,00,01,00,00,00,00,00,
-1778190069070885,00000280,false,Rx,0,8,C4,0D,8B,3F,A8,FF,7F,3D,
-1778190069069852,00000281,false,Rx,0,8,51,0B,DC,42,00,00,34,42,
-1778190069068826,00000380,false,Rx,0,8,00,00,00,00,00,00,00,00,
-1778190069067847,00000381,false,Rx,0,8,05,00,80,3F,00,00,00,00,
-1778190069051023,00000180,false,Rx,0,8,0D,00,01,00,00,00,00,00,
-1778190069049983,00000280,false,Rx,0,8,5A,03,8B,3F,E3,3B,7D,3D,
-1778190069049050,00000281,false,Rx,0,8,51,0B,DC,42,00,00,34,42,
-1778190069048024,00000380,false,Rx,0,8,00,00,00,00,00,00,00,00,
-1778190069047047,00000381,false,Rx,0,8,05,00,80,3F,00,00,00,00,
-1778190069027979,00000180,false,Rx,0,8,0D,00,01,00,00,00,00,00,
-1778190069027039,00000280,false,Rx,0,8,5A,03,8B,3F,E3,3B,7D,3D,
-1778190069026107,00000281,false,Rx,0,8,51,0B,DC,42,00,00,34,42,
-1778190069025081,00000380,false,Rx,0,8,00,00,00,00,00,00,00,00,
-1778190069024102,00000381,false,Rx,0,8,05,00,80,3F,00,00,00,00,
-1778190069004778,00000180,false,Rx,0,8,0D,00,01,00,00,00,00,00,
-1778190069003822,00000280,false,Rx,0,8,76,F9,8A,3F,F2,1C,7F,3D,
-1778190069002889,00000281,false,Rx,0,8,51,0B,DC,42,00,00,34,42,
-1778190069001864,00000380,false,Rx,0,8,00,00,00,00,00,00,00,00,
-1778190069000881,00000381,false,Rx,0,8,05,00,80,3F,00,00,00,00,
-1778190068984408,00000180,false,Rx,0,8,0D,00,01,00,00,00,00,00,
-1778190068983452,00000280,false,Rx,0,8,76,F9,8A,3F,F2,1C,7F,3D,
-1778190068982520,00000281,false,Rx,0,8,51,0B,DC,42,00,00,34,42,
-1778190068981494,00000380,false,Rx,0,8,00,00,00,00,00,00,00,00,
-1778190068980515,00000381,false,Rx,0,8,05,00,80,3F,00,00,00,00,
-1778190068961460,00000180,false,Rx,0,8,0D,00,01,00,00,00,00,00,
-1778190068960509,00000280,false,Rx,0,8,76,F9,8A,3F,F2,1C,7F,3D,
-1778190068959576,00000281,false,Rx,0,8,51,0B,DC,42,00,00,34,42,
-1778190068958551,00000380,false,Rx,0,8,00,00,00,00,00,00,00,00,
-1778190068957571,00000381,false,Rx,0,8,05,00,80,3F,00,00,00,00,
-1778190068940655,00000180,false,Rx,0,8,0D,00,01,00,00,00,00,00,
-1778190068939723,00000280,false,Rx,0,8,10,F0,8A,3F,3B,A5,7E,3D,
-1778190068938794,00000281,false,Rx,0,8,51,0B,DC,42,00,00,34,42,
-1778190068937764,00000380,false,Rx,0,8,00,00,00,00,00,00,00,00,
-1778190068936786,00000381,false,Rx,0,8,05,00,80,3F,00,00,00,00,
-1778190068917733,00000180,false,Rx,0,8,0D,00,01,00,00,00,00,00,
-1778190068916803,00000280,false,Rx,0,8,10,F0,8A,3F,3B,A5,7E,3D,
-1778190068915870,00000281,false,Rx,0,8,51,0B,DC,42,00,00,34,42,
-1778190068914845,00000380,false,Rx,0,8,00,00,00,00,00,00,00,00,
-1778190068913862,00000381,false,Rx,0,8,05,00,80,3F,00,00,00,00,
-1778190068896907,00000180,false,Rx,0,8,0D,00,01,00,00,00,00,00,
-1778190068895974,00000280,false,Rx,0,8,22,E7,8A,3F,1C,3A,80,3D,
-1778190068895045,00000281,false,Rx,0,8,51,0B,DC,42,00,00,34,42,
-1778190068894016,00000380,false,Rx,0,8,00,00,00,00,00,00,00,00,
-1778190068893037,00000381,false,Rx,0,8,05,00,80,3F,00,00,00,00,
-1778190068873976,00000180,false,Rx,0,8,0D,00,01,00,00,00,00,00,
-1778190068873047,00000280,false,Rx,0,8,22,E7,8A,3F,1C,3A,80,3D,
-1778190068872114,00000281,false,Rx,0,8,51,0B,DC,42,00,00,34,42,
-1778190068871089,00000380,false,Rx,0,8,00,00,00,00,00,00,00,00,
-1778190068870111,00000381,false,Rx,0,8,05,00,80,3F,00,00,00,00,
-1778190068848494,00000180,false,Rx,0,8,0D,00,01,00,00,00,00,00,
-1778190068847562,00000280,false,Rx,0,8,22,E7,8A,3F,1C,3A,80,3D,
-1778190068846633,00000281,false,Rx,0,8,51,0B,DC,42,00,00,34,42,
-1778190068845605,00000380,false,Rx,0,8,00,00,00,00,00,00,00,00,
-1778190068844624,00000381,false,Rx,0,8,05,00,80,3F,00,00,00,00,
-1778190068827675,00000180,false,Rx,0,8,0D,00,01,00,00,00,00,00,
-1778190068826751,00000280,false,Rx,0,8,A6,DE,8A,3F,9E,AA,7D,3D,
-1778190068825822,00000281,false,Rx,0,8,51,0B,DC,42,00,00,34,42,
-1778190068824793,00000380,false,Rx,0,8,00,00,00,00,00,00,00,00,
-1778190068823814,00000381,false,Rx,0,8,05,00,80,3F,00,00,00,00,
-1778190068804764,00000180,false,Rx,0,8,0D,00,01,00,00,00,00,00,
-1778190068803839,00000280,false,Rx,0,8,A6,DE,8A,3F,9E,AA,7D,3D,
-1778190068802909,00000281,false,Rx,0,8,51,0B,DC,42,00,00,34,42,
-1778190068801881,00000380,false,Rx,0,8,00,00,00,00,00,00,00,00,
-1778190068800902,00000381,false,Rx,0,8,05,00,80,3F,00,00,00,00,
-1778190068784132,00000180,false,Rx,0,8,0D,00,01,00,00,00,00,00,
-1778190068783199,00000280,false,Rx,0,8,97,D6,8A,3F,23,86,7F,3D,
-1778190068782267,00000281,false,Rx,0,8,51,0B,DC,42,00,00,34,42,
-1778190068781241,00000380,false,Rx,0,8,00,00,00,00,00,00,00,00,
-1778190068780262,00000381,false,Rx,0,8,05,00,80,3F,00,00,00,00,
-1778190068761192,00000180,false,Rx,0,8,0D,00,01,00,00,00,00,00,
-1778190068760263,00000280,false,Rx,0,8,97,D6,8A,3F,23,86,7F,3D,
-1778190068759330,00000281,false,Rx,0,8,51,0B,DC,42,00,00,34,42,
-1778190068758301,00000380,false,Rx,0,8,00,00,00,00,00,00,00,00,
-1778190068757321,00000381,false,Rx,0,8,05,00,80,3F,00,00,00,00,
-1778190068740382,00000180,false,Rx,0,8,0D,00,01,00,00,00,00,00,
-1778190068739433,00000280,false,Rx,0,8,EF,CE,8A,3F,2A,09,7F,3D,
-1778190068738504,00000281,false,Rx,0,8,51,0B,DC,42,00,00,34,42,
-1778190068737476,00000380,false,Rx,0,8,00,00,00,00,00,00,00,00,
-1778190068736496,00000381,false,Rx,0,8,05,00,80,3F,00,00,00,00,
-1778190068717428,00000180,false,Rx,0,8,0D,00,01,00,00,00,00,00,
-1778190068716484,00000280,false,Rx,0,8,EF,CE,8A,3F,2A,09,7F,3D,
-1778190068715550,00000281,false,Rx,0,8,51,0B,DC,42,00,00,34,42,
-1778190068714525,00000380,false,Rx,0,8,00,00,00,00,00,00,00,00,
-1778190068713546,00000381,false,Rx,0,8,05,00,80,3F,00,00,00,00,
-1778190068692251,00000180,false,Rx,0,8,0D,00,01,00,00,00,00,00,
-1778190068691307,00000280,false,Rx,0,8,EF,CE,8A,3F,2A,09,7F,3D,
-1778190068690374,00000281,false,Rx,0,8,51,0B,DC,42,00,00,34,42,
-1778190068689345,00000380,false,Rx,0,8,00,00,00,00,00,00,00,00,
-1778190068688366,00000381,false,Rx,0,8,05,00,80,3F,00,00,00,00,
-1778190068671434,00000180,false,Rx,0,8,0D,00,01,00,00,00,00,00,
-1778190068670513,00000280,false,Rx,0,8,AA,C7,8A,3F,94,69,80,3D,
-1778190068669580,00000281,false,Rx,0,8,51,0B,DC,42,00,00,34,42,
-1778190068668555,00000380,false,Rx,0,8,00,00,00,00,00,00,00,00,
-1778190068667576,00000381,false,Rx,0,8,05,00,80,3F,00,00,00,00,
-1778190068648482,00000180,false,Rx,0,8,0D,00,01,00,00,00,00,00,
-1778190068647561,00000280,false,Rx,0,8,AA,C7,8A,3F,94,69,80,3D,
-1778190068646527,00000281,false,Rx,0,8,51,0B,DC,42,00,00,34,42,
-1778190068645501,00000380,false,Rx,0,8,00,00,00,00,00,00,00,00,
-1778190068644522,00000381,false,Rx,0,8,05,00,80,3F,00,00,00,00,
-1778190068627694,00000180,false,Rx,0,8,0D,00,01,00,00,00,00,00,
-1778190068626666,00000280,false,Rx,0,8,C2,C0,8A,3F,C4,22,80,3D,
-1778190068625733,00000281,false,Rx,0,8,51,0B,DC,42,00,00,34,42,
-1778190068624707,00000380,false,Rx,0,8,00,00,00,00,00,00,00,00,
-1778190068623729,00000381,false,Rx,0,8,05,00,80,3F,00,00,00,00,
-1778190068604657,00000180,false,Rx,0,8,0D,00,01,00,00,00,00,00,
-1778190068603728,00000280,false,Rx,0,8,C2,C0,8A,3F,C4,22,80,3D,
-1778190068602795,00000281,false,Rx,0,8,51,0B,DC,42,00,00,34,42,
-1778190068601770,00000380,false,Rx,0,8,00,00,00,00,00,00,00,00,
-1778190068600792,00000381,false,Rx,0,8,05,00,80,3F,00,00,00,00,
-1778190068583840,00000180,false,Rx,0,8,0D,00,01,00,00,00,00,00,
-1778190068582892,00000280,false,Rx,0,8,32,BA,8A,3F,DA,FF,80,3D,
-1778190068581962,00000281,false,Rx,0,8,51,0B,DC,42,00,00,34,42,
-1778190068580933,00000380,false,Rx,0,8,00,00,00,00,00,00,00,00,
-1778190068579955,00000381,false,Rx,0,8,05,00,80,3F,00,00,00,00,
-1778190068563473,00000180,false,Rx,0,8,0D,00,01,00,00,00,00,00,
-1778190068562524,00000280,false,Rx,0,8,32,BA,8A,3F,DA,FF,80,3D,
-1778190068561595,00000281,false,Rx,0,8,51,0B,DC,42,00,00,34,42,
-1778190068560566,00000380,false,Rx,0,8,00,00,00,00,00,00,00,00,
-1778190068559586,00000381,false,Rx,0,8,05,00,80,3F,00,00,00,00,
-1778190068540537,00000180,false,Rx,0,8,0D,00,01,00,00,00,00,00,
-1778190068539589,00000280,false,Rx,0,8,32,BA,8A,3F,DA,FF,80,3D,
-1778190068538656,00000281,false,Rx,0,8,51,0B,DC,42,00,00,34,42,
-1778190068537631,00000380,false,Rx,0,8,00,00,00,00,00,00,00,00,
-1778190068536653,00000381,false,Rx,0,8,05,00,80,3F,00,00,00,00,
-1778190068516715,00000180,false,Rx,0,8,0D,00,01,00,00,00,00,00,
-1778190068515783,00000280,false,Rx,0,8,F6,B3,8A,3F,55,22,7F,3D,
-1778190068514853,00000281,false,Rx,0,8,51,0B,DC,42,00,00,34,42,
-1778190068513824,00000380,false,Rx,0,8,00,00,00,00,00,00,00,00,
-1778190068512845,00000381,false,Rx,0,8,05,00,80,3F,00,00,00,00,
-1778190068493802,00000180,false,Rx,0,8,0D,00,01,00,00,00,00,00,
-1778190068492870,00000280,false,Rx,0,8,F6,B3,8A,3F,55,22,7F,3D,
-1778190068491941,00000281,false,Rx,0,8,51,0B,DC,42,00,00,34,42,
-1778190068490911,00000380,false,Rx,0,8,00,00,00,00,00,00,00,00,
-1778190068489933,00000381,false,Rx,0,8,05,00,80,3F,00,00,00,00,
-1778190068473170,00000180,false,Rx,0,8,0D,00,01,00,00,00,00,00,
-1778190068472237,00000280,false,Rx,0,8,0A,AE,8A,3F,88,75,80,3D,
-1778190068471308,00000281,false,Rx,0,8,51,0B,DC,42,00,00,34,42,
-1778190068470279,00000380,false,Rx,0,8,00,00,00,00,00,00,00,00,
-1778190068469300,00000381,false,Rx,0,8,05,00,80,3F,00,00,00,00,
-1778190068450231,00000180,false,Rx,0,8,0D,00,01,00,00,00,00,00,
-1778190068449302,00000280,false,Rx,0,8,0A,AE,8A,3F,88,75,80,3D,
-1778190068448368,00000281,false,Rx,0,8,51,0B,DC,42,00,00,34,42,
-1778190068447340,00000380,false,Rx,0,8,00,00,00,00,00,00,00,00,
-1778190068446361,00000381,false,Rx,0,8,05,00,80,3F,00,00,00,00,
-1778190068429189,00000180,false,Rx,0,8,0D,00,01,00,00,00,00,00,
-1778190068428256,00000280,false,Rx,0,8,6A,A8,8A,3F,1F,2E,80,3D,
-1778190068427324,00000281,false,Rx,0,8,51,0B,DC,42,00,00,34,42,
-1778190068426298,00000380,false,Rx,0,8,00,00,00,00,00,00,00,00,
-1778190068425319,00000381,false,Rx,0,8,05,00,80,3F,00,00,00,00,
-1778190068408843,00000180,false,Rx,0,8,0D,00,01,00,00,00,00,00,
-1778190068407911,00000280,false,Rx,0,8,6A,A8,8A,3F,1F,2E,80,3D,
-1778190068406981,00000281,false,Rx,0,8,51,0B,DC,42,00,00,34,42,
-1778190068405953,00000380,false,Rx,0,8,00,00,00,00,00,00,00,00,
-1778190068404876,00000381,false,Rx,0,8,05,00,80,3F,00,00,00,00,
-1778190068385924,00000180,false,Rx,0,8,0D,00,01,00,00,00,00,00,
-1778190068384991,00000280,false,Rx,0,8,6A,A8,8A,3F,1F,2E,80,3D,
-1778190068383961,00000281,false,Rx,0,8,51,0B,DC,42,00,00,34,42,
-1778190068382932,00000380,false,Rx,0,8,00,00,00,00,00,00,00,00,
-1778190068381953,00000381,false,Rx,0,8,05,00,80,3F,00,00,00,00,
-1778190068362797,00000180,false,Rx,0,8,0D,00,01,00,00,00,00,00,
-1778190068361855,00000280,false,Rx,0,8,12,A3,8A,3F,A4,0A,81,3D,
-1778190068360926,00000281,false,Rx,0,8,51,0B,DC,42,00,00,34,42,
-1778190068359898,00000380,false,Rx,0,8,00,00,00,00,00,00,00,00,
-1778190068358919,00000381,false,Rx,0,8,05,00,80,3F,00,00,00,00,
-1778190068340050,00000180,false,Rx,0,8,0D,00,01,00,00,00,00,00,
-1778190068339109,00000280,false,Rx,0,8,12,A3,8A,3F,A4,0A,81,3D,
-1778190068338180,00000281,false,Rx,0,8,51,0B,DC,42,00,00,34,42,
-1778190068337151,00000380,false,Rx,0,8,00,00,00,00,00,00,00,00,
-1778190068336172,00000381,false,Rx,0,8,05,00,80,3F,00,00,00,00,
-1778190068319447,00000180,false,Rx,0,8,0D,00,01,00,00,00,00,00,
-1778190068318511,00000280,false,Rx,0,8,FE,9D,8A,3F,C6,BB,80,3D,
-1778190068317578,00000281,false,Rx,0,8,51,0B,DC,42,00,00,34,42,
-1778190068316553,00000380,false,Rx,0,8,00,00,00,00,00,00,00,00,
-1778190068315570,00000381,false,Rx,0,8,05,00,80,3F,00,00,00,00,
-1778190068296704,00000180,false,Rx,0,8,0D,00,01,00,00,00,00,00,
-1778190068295764,00000280,false,Rx,0,8,FE,9D,8A,3F,C6,BB,80,3D,
-1778190068294830,00000281,false,Rx,0,8,51,0B,DC,42,00,00,34,42,
-1778190068293806,00000380,false,Rx,0,8,00,00,00,00,00,00,00,00,
-1778190068292827,00000381,false,Rx,0,8,05,00,80,3F,00,00,00,00,
-1778190068273935,00000180,false,Rx,0,8,0D,00,01,00,00,00,00,00,
-1778190068272993,00000280,false,Rx,0,8,FE,9D,8A,3F,C6,BB,80,3D,
-1778190068272061,00000281,false,Rx,0,8,51,0B,DC,42,00,00,34,42,
-1778190068271036,00000380,false,Rx,0,8,00,00,00,00,00,00,00,00,
-1778190068270057,00000381,false,Rx,0,8,05,00,80,3F,00,00,00,00,
-1778190068253316,00000180,false,Rx,0,8,0D,00,01,00,00,00,00,00,
-1778190068252383,00000280,false,Rx,0,8,2B,99,8A,3F,36,91,81,3D,
-1778190068251453,00000281,false,Rx,0,8,51,0B,DC,42,00,00,34,42,
-1778190068250425,00000380,false,Rx,0,8,00,00,00,00,00,00,00,00,
-1778190068249446,00000381,false,Rx,0,8,05,00,80,3F,00,00,00,00,
-1778190068230577,00000180,false,Rx,0,8,0D,00,01,00,00,00,00,00,
-1778190068229648,00000280,false,Rx,0,8,2B,99,8A,3F,36,91,81,3D,
-1778190068228716,00000281,false,Rx,0,8,51,0B,DC,42,00,00,34,42,
-1778190068227690,00000380,false,Rx,0,8,00,00,00,00,00,00,00,00,
-1778190068226711,00000381,false,Rx,0,8,05,00,80,3F,00,00,00,00,
-1778190068207552,00000180,false,Rx,0,8,0D,00,01,00,00,00,00,00,
-1778190068206627,00000280,false,Rx,0,8,96,94,8A,3F,42,1B,80,3D,
-1778190068205698,00000281,false,Rx,0,8,51,0B,DC,42,00,00,34,42,
-1778190068204768,00000380,false,Rx,0,8,00,00,00,00,00,00,00,00,
-1778190068203791,00000381,false,Rx,0,8,05,00,80,3F,00,00,00,00,
-1778190068184899,00000180,false,Rx,0,8,0D,00,01,00,00,00,00,00,
-1778190068183976,00000280,false,Rx,0,8,96,94,8A,3F,42,1B,80,3D,
-1778190068183044,00000281,false,Rx,0,8,51,0B,DC,42,00,00,34,42,
-1778190068182017,00000380,false,Rx,0,8,00,00,00,00,00,00,00,00,
-1778190068181037,00000381,false,Rx,0,8,05,00,80,3F,00,00,00,00,
-1778190068164312,00000180,false,Rx,0,8,0D,00,01,00,00,00,00,00,
-1778190068163375,00000280,false,Rx,0,8,3B,90,8A,3F,B8,B0,7F,3D,
-1778190068162443,00000281,false,Rx,0,8,51,0B,DC,42,00,00,34,42,
-1778190068161417,00000380,false,Rx,0,8,00,00,00,00,00,00,00,00,
-1778190068160438,00000381,false,Rx,0,8,05,00,80,3F,00,00,00,00,
-1778190068141591,00000180,false,Rx,0,8,0D,00,01,00,00,00,00,00,
-1778190068140651,00000280,false,Rx,0,8,3B,90,8A,3F,B8,B0,7F,3D,
-1778190068139722,00000281,false,Rx,0,8,51,0B,DC,42,00,00,34,42,
-1778190068138694,00000380,false,Rx,0,8,00,00,00,00,00,00,00,00,
-1778190068137714,00000381,false,Rx,0,8,05,00,80,3F,00,00,00,00,
-1778190068118980,00000180,false,Rx,0,8,0D,00,01,00,00,00,00,00,
-1778190068118044,00000280,false,Rx,0,8,3B,90,8A,3F,B8,B0,7F,3D,
-1778190068117111,00000281,false,Rx,0,8,51,0B,DC,42,00,00,34,42,
-1778190068116086,00000380,false,Rx,0,8,00,00,00,00,00,00,00,00,
-1778190068115107,00000381,false,Rx,0,8,05,00,80,3F,00,00,00,00,
-1778190068098381,00000180,false,Rx,0,8,0D,00,01,00,00,00,00,00,
-1778190068097449,00000280,false,Rx,0,8,18,8C,8A,3F,2A,B9,80,3D,
-1778190068096520,00000281,false,Rx,0,8,51,0B,DC,42,00,00,34,42,
-1778190068095491,00000380,false,Rx,0,8,00,00,00,00,00,00,00,00,
-1778190068094512,00000381,false,Rx,0,8,05,00,80,3F,00,00,00,00,
-1778190068075643,00000180,false,Rx,0,8,0D,00,01,00,00,00,00,00,
-1778190068074715,00000280,false,Rx,0,8,18,8C,8A,3F,2A,B9,80,3D,
-1778190068073781,00000281,false,Rx,0,8,51,0B,DC,42,00,00,34,42,
-1778190068072756,00000380,false,Rx,0,8,00,00,00,00,00,00,00,00,
-1778190068071774,00000381,false,Rx,0,8,05,00,80,3F,00,00,00,00,
-1778190068052819,00000180,false,Rx,0,8,0D,00,01,00,00,00,00,00,
-1778190068051870,00000280,false,Rx,0,8,2A,88,8A,3F,5F,6E,80,3D,
-1778190068050938,00000281,false,Rx,0,8,51,0B,DC,42,00,00,34,42,
-1778190068049913,00000380,false,Rx,0,8,00,00,00,00,00,00,00,00,
-1778190068048934,00000381,false,Rx,0,8,05,00,80,3F,00,00,00,00,
-1778190068030096,00000180,false,Rx,0,8,0D,00,01,00,00,00,00,00,
-1778190068029152,00000280,false,Rx,0,8,2A,88,8A,3F,5F,6E,80,3D,
-1778190068028219,00000281,false,Rx,0,8,51,0B,DC,42,00,00,34,42,
-1778190068027193,00000380,false,Rx,0,8,00,00,00,00,00,00,00,00,
-1778190068026215,00000381,false,Rx,0,8,05,00,80,3F,00,00,00,00,
-1778190068009674,00000180,false,Rx,0,8,0D,00,01,00,00,00,00,00,
-1778190068008734,00000280,false,Rx,0,8,6E,84,8A,3F,AE,47,81,3D,
-1778190068007802,00000281,false,Rx,0,8,51,0B,DC,42,00,00,34,42,
-1778190068006776,00000380,false,Rx,0,8,00,00,00,00,00,00,00,00,
-1778190068005797,00000381,false,Rx,0,8,05,00,80,3F,00,00,00,00,
-1778190067989505,00000180,false,Rx,0,8,0D,00,01,00,00,00,00,00,
-1778190067988565,00000280,false,Rx,0,8,6E,84,8A,3F,AE,47,81,3D,
-1778190067987636,00000281,false,Rx,0,8,51,0B,DC,42,00,00,34,42,
-1778190067986607,00000380,false,Rx,0,8,00,00,00,00,00,00,00,00,
-1778190067985628,00000381,false,Rx,0,8,05,00,80,3F,00,00,00,00,
-1778190067966749,00000180,false,Rx,0,8,0D,00,01,00,00,00,00,00,
-1778190067965813,00000280,false,Rx,0,8,6E,84,8A,3F,AE,47,81,3D,
-1778190067964982,00000281,false,Rx,0,8,51,0B,DC,42,00,00,34,42,
-1778190067963952,00000380,false,Rx,0,8,00,00,00,00,00,00,00,00,
-1778190067962973,00000381,false,Rx,0,8,05,00,80,3F,00,00,00,00,
-1778190067946164,00000180,false,Rx,0,8,0D,00,01,00,00,00,00,00,
-1778190067945336,00000280,false,Rx,0,8,E2,80,8A,3F,CE,AA,7F,3D,
-1778190067944402,00000281,false,Rx,0,8,51,0B,DC,42,00,00,34,42,
-1778190067943375,00000380,false,Rx,0,8,00,00,00,00,00,00,00,00,
-1778190067942395,00000381,false,Rx,0,8,05,00,80,3F,00,00,00,00,
-1778190067923554,00000180,false,Rx,0,8,0D,00,01,00,00,00,00,00,
-1778190067922621,00000280,false,Rx,0,8,E2,80,8A,3F,CE,AA,7F,3D,
-1778190067921692,00000281,false,Rx,0,8,51,0B,DC,42,00,00,34,42,
-1778190067920663,00000380,false,Rx,0,8,00,00,00,00,00,00,00,00,
-1778190067919684,00000381,false,Rx,0,8,05,00,80,3F,00,00,00,00,
-1778190067903113,00000180,false,Rx,0,8,0D,00,01,00,00,00,00,00,
-1778190067902173,00000280,false,Rx,0,8,83,7D,8A,3F,5B,B6,80,3D,
-1778190067901240,00000281,false,Rx,0,8,51,0B,DC,42,00,00,34,42,
-1778190067900215,00000380,false,Rx,0,8,00,00,00,00,00,00,00,00,
-1778190067899236,00000381,false,Rx,0,8,05,00,80,3F,00,00,00,00,
-1778190067877957,00000180,false,Rx,0,8,0D,00,01,00,00,00,00,00,
-1778190067877020,00000280,false,Rx,0,8,83,7D,8A,3F,5B,B6,80,3D,
-1778190067876087,00000281,false,Rx,0,8,51,0B,DC,42,00,00,34,42,
-1778190067875062,00000380,false,Rx,0,8,00,00,00,00,00,00,00,00,
-1778190067874084,00000381,false,Rx,0,8,05,00,80,3F,00,00,00,00,
-1778190067855198,00000180,false,Rx,0,8,0D,00,01,00,00,00,00,00,
-1778190067854258,00000280,false,Rx,0,8,83,7D,8A,3F,5B,B6,80,3D,
-1778190067853329,00000281,false,Rx,0,8,51,0B,DC,42,00,00,34,42,
-1778190067852300,00000380,false,Rx,0,8,00,00,00,00,00,00,00,00,
-1778190067851321,00000381,false,Rx,0,8,05,00,80,3F,00,00,00,00,
-1778190067834581,00000180,false,Rx,0,8,0D,00,01,00,00,00,00,00,
-1778190067833633,00000280,false,Rx,0,8,50,7A,8A,3F,B0,96,7E,3D,
-1778190067832700,00000281,false,Rx,0,8,51,0B,DC,42,00,00,34,42,
-1778190067831675,00000380,false,Rx,0,8,00,00,00,00,00,00,00,00,
-1778190067830696,00000381,false,Rx,0,8,05,00,80,3F,00,00,00,00,
-1778190067811842,00000180,false,Rx,0,8,0D,00,01,00,00,00,00,00,
-1778190067810894,00000280,false,Rx,0,8,50,7A,8A,3F,B0,96,7E,3D,
-1778190067809965,00000281,false,Rx,0,8,51,0B,DC,42,00,00,34,42,
-1778190067808936,00000380,false,Rx,0,8,00,00,00,00,00,00,00,00,
-1778190067807957,00000381,false,Rx,0,8,05,00,80,3F,00,00,00,00,
-1778190067791225,00000180,false,Rx,0,8,0D,00,01,00,00,00,00,00,
-1778190067790299,00000280,false,Rx,0,8,46,77,8A,3F,34,33,80,3D,
-1778190067789371,00000281,false,Rx,0,8,51,0B,DC,42,00,00,34,42,
-1778190067788342,00000380,false,Rx,0,8,00,00,00,00,00,00,00,00,
-1778190067787363,00000381,false,Rx,0,8,05,00,80,3F,00,00,00,00,
-1778190067768490,00000180,false,Rx,0,8,0D,00,01,00,00,00,00,00,
-1778190067767565,00000280,false,Rx,0,8,46,77,8A,3F,34,33,80,3D,
-1778190067766637,00000281,false,Rx,0,8,51,0B,DC,42,00,00,34,42,
-1778190067765708,00000380,false,Rx,0,8,00,00,00,00,00,00,00,00,
-1778190067764730,00000381,false,Rx,0,8,05,00,80,3F,00,00,00,00,
-1778190067747879,00000180,false,Rx,0,8,0D,00,01,00,00,00,00,00,
-1778190067746958,00000280,false,Rx,0,8,62,74,8A,3F,38,DE,7F,3D,
-1778190067746024,00000281,false,Rx,0,8,51,0B,DC,42,00,00,34,42,
-1778190067745099,00000380,false,Rx,0,8,00,00,00,00,00,00,00,00,
-1778190067744118,00000381,false,Rx,0,8,05,00,80,3F,00,00,00,00,
-1778190067722843,00000180,false,Rx,0,8,0D,00,01,00,00,00,00,00,
-1778190067721918,00000280,false,Rx,0,8,62,74,8A,3F,38,DE,7F,3D,
-1778190067720989,00000281,false,Rx,0,8,51,0B,DC,42,00,00,34,42,
-1778190067719960,00000380,false,Rx,0,8,00,00,00,00,00,00,00,00,
-1778190067718981,00000381,false,Rx,0,8,05,00,80,3F,00,00,00,00,
-1778190067700066,00000180,false,Rx,0,8,0D,00,01,00,00,00,00,00,
-1778190067699141,00000280,false,Rx,0,8,62,74,8A,3F,38,DE,7F,3D,
-1778190067698211,00000281,false,Rx,0,8,51,0B,DC,42,00,00,34,42,
-1778190067697182,00000380,false,Rx,0,8,00,00,00,00,00,00,00,00,
-1778190067696204,00000381,false,Rx,0,8,05,00,80,3F,00,00,00,00,
-1778190067679448,00000180,false,Rx,0,8,0D,00,01,00,00,00,00,00,
-1778190067678515,00000280,false,Rx,0,8,A3,71,8A,3F,C7,CE,80,3D,
-1778190067677583,00000281,false,Rx,0,8,51,0B,DC,42,00,00,34,42,
-1778190067676558,00000380,false,Rx,0,8,00,00,00,00,00,00,00,00,
-1778190067675578,00000381,false,Rx,0,8,05,00,80,3F,00,00,00,00,
-1778190067656717,00000180,false,Rx,0,8,0D,00,01,00,00,00,00,00,
-1778190067655788,00000280,false,Rx,0,8,A3,71,8A,3F,C7,CE,80,3D,
-1778190067654856,00000281,false,Rx,0,8,51,0B,DC,42,00,00,34,42,
-1778190067653826,00000380,false,Rx,0,8,00,00,00,00,00,00,00,00,
-1778190067652847,00000381,false,Rx,0,8,05,00,80,3F,00,00,00,00,
-1778190067636100,00000180,false,Rx,0,8,0D,00,01,00,00,00,00,00,
-1778190067635160,00000280,false,Rx,0,8,08,6F,8A,3F,16,C5,7E,3D,
-1778190067634231,00000281,false,Rx,0,8,51,0B,DC,42,00,00,34,42,
-1778190067633202,00000380,false,Rx,0,8,00,00,00,00,00,00,00,00,
-1778190067632223,00000381,false,Rx,0,8,05,00,80,3F,00,00,00,00,
-1778190067613382,00000180,false,Rx,0,8,0D,00,01,00,00,00,00,00,
-1778190067612440,00000280,false,Rx,0,8,08,6F,8A,3F,16,C5,7E,3D,
-1778190067611511,00000281,false,Rx,0,8,51,0B,DC,42,00,00,34,42,
-1778190067610482,00000380,false,Rx,0,8,00,00,00,00,00,00,00,00,
-1778190067609504,00000381,false,Rx,0,8,05,00,80,3F,00,00,00,00,
-1778190067592956,00000180,false,Rx,0,8,0D,00,01,00,00,00,00,00,
-1778190067592024,00000280,false,Rx,0,8,8E,6C,8A,3F,3E,49,80,3D,
-1778190067591091,00000281,false,Rx,0,8,51,0B,DC,42,00,00,34,42,
-1778190067590066,00000380,false,Rx,0,8,00,00,00,00,00,00,00,00,
-1778190067589087,00000381,false,Rx,0,8,05,00,80,3F,00,00,00,00,
-1778190067568012,00000180,false,Rx,0,8,0D,00,01,00,00,00,00,00,
-1778190067567079,00000280,false,Rx,0,8,8E,6C,8A,3F,3E,49,80,3D,
-1778190067566147,00000281,false,Rx,0,8,51,0B,DC,42,00,00,34,42,
-1778190067565222,00000380,false,Rx,0,8,00,00,00,00,00,00,00,00,
-1778190067564244,00000381,false,Rx,0,8,05,00,80,3F,00,00,00,00,
-1778190067545310,00000180,false,Rx,0,8,0D,00,01,00,00,00,00,00,
-1778190067544377,00000280,false,Rx,0,8,8E,6C,8A,3F,3E,49,80,3D,
-1778190067543449,00000281,false,Rx,0,8,51,0B,DC,42,00,00,34,42,
-1778190067542419,00000380,false,Rx,0,8,00,00,00,00,00,00,00,00,
-1778190067541440,00000381,false,Rx,0,8,05,00,80,3F,00,00,00,00,
-1778190067524716,00000180,false,Rx,0,8,0D,00,01,00,00,00,00,00,
-1778190067523776,00000280,false,Rx,0,8,34,6A,8A,3F,60,C7,7D,3D,
-1778190067522847,00000281,false,Rx,0,8,51,0B,DC,42,00,00,34,42,
-1778190067521818,00000380,false,Rx,0,8,00,00,00,00,00,00,00,00,
-1778190067520839,00000381,false,Rx,0,8,05,00,80,3F,00,00,00,00,
-1778190067502005,00000180,false,Rx,0,8,0D,00,01,00,00,00,00,00,
-1778190067501064,00000280,false,Rx,0,8,34,6A,8A,3F,60,C7,7D,3D,
-1778190067500130,00000281,false,Rx,0,8,51,0B,DC,42,00,00,34,42,
-1778190067499106,00000380,false,Rx,0,8,00,00,00,00,00,00,00,00,
-1778190067498127,00000381,false,Rx,0,8,05,00,80,3F,00,00,00,00,
-1778190067481572,00000180,false,Rx,0,8,0D,00,01,00,00,00,00,00,
-1778190067480632,00000280,false,Rx,0,8,F8,67,8A,3F,75,A1,7F,3D,
-1778190067479699,00000281,false,Rx,0,8,51,0B,DC,42,00,00,34,42,
-1778190067478673,00000380,false,Rx,0,8,00,00,00,00,00,00,00,00,
-1778190067477695,00000381,false,Rx,0,8,05,00,80,3F,00,00,00,00,
-1778190067458833,00000180,false,Rx,0,8,0D,00,01,00,00,00,00,00,
-1778190067457897,00000280,false,Rx,0,8,F8,67,8A,3F,75,A1,7F,3D,
-1778190067456965,00000281,false,Rx,0,8,51,0B,DC,42,00,00,34,42,
-1778190067455935,00000380,false,Rx,0,8,00,00,00,00,00,00,00,00,
-1778190067454956,00000381,false,Rx,0,8,05,00,80,3F,00,00,00,00,
-1778190067438232,00000180,false,Rx,0,8,0D,00,01,00,00,00,00,00,
-1778190067437292,00000280,false,Rx,0,8,D9,65,8A,3F,65,E2,7C,3D,
-1778190067436363,00000281,false,Rx,0,8,51,0B,DC,42,00,00,34,42,
-1778190067435333,00000380,false,Rx,0,8,00,00,00,00,00,00,00,00,
-1778190067434355,00000381,false,Rx,0,8,05,00,80,3F,00,00,00,00,
-1778190067418062,00000180,false,Rx,0,8,0D,00,01,00,00,00,00,00,
-1778190067417126,00000280,false,Rx,0,8,D9,65,8A,3F,65,E2,7C,3D,
-1778190067416193,00000281,false,Rx,0,8,51,0B,DC,42,00,00,34,42,
-1778190067415165,00000380,false,Rx,0,8,00,00,00,00,00,00,00,00,
-1778190067414185,00000381,false,Rx,0,8,05,00,80,3F,00,00,00,00,
-1778190067392925,00000180,false,Rx,0,8,0D,00,01,00,00,00,00,00,
-1778190067391988,00000280,false,Rx,0,8,D9,65,8A,3F,65,E2,7C,3D,
-1778190067391056,00000281,false,Rx,0,8,51,0B,DC,42,00,00,34,42,
-1778190067390031,00000380,false,Rx,0,8,00,00,00,00,00,00,00,00,
-1778190067389051,00000381,false,Rx,0,8,05,00,80,3F,00,00,00,00,
-1778190067372300,00000180,false,Rx,0,8,0D,00,01,00,00,00,00,00,
-1778190067371372,00000280,false,Rx,0,8,D5,63,8A,3F,ED,C7,7E,3D,
-1778190067370439,00000281,false,Rx,0,8,51,0B,DC,42,00,00,34,42,
-1778190067369414,00000380,false,Rx,0,8,00,00,00,00,00,00,00,00,
-1778190067368431,00000381,false,Rx,0,8,05,00,80,3F,00,00,00,00,
-1778190067349573,00000180,false,Rx,0,8,0D,00,01,00,00,00,00,00,
-1778190067348640,00000280,false,Rx,0,8,D5,63,8A,3F,ED,C7,7E,3D,
-1778190067347712,00000281,false,Rx,0,8,51,0B,DC,42,00,00,34,42,
-1778190067346683,00000380,false,Rx,0,8,00,00,00,00,00,00,00,00,
-1778190067345603,00000381,false,Rx,0,8,05,00,80,3F,00,00,00,00,
-1778190067328755,00000180,false,Rx,0,8,0D,00,01,00,00,00,00,00,
-1778190067327834,00000280,false,Rx,0,8,EA,61,8A,3F,76,54,7E,3D,
-1778190067326901,00000281,false,Rx,0,8,51,0B,DC,42,00,00,34,42,
-1778190067325775,00000380,false,Rx,0,8,00,00,00,00,00,00,00,00,
-1778190067324793,00000381,false,Rx,0,8,05,00,80,3F,00,00,00,00,
-1778190067305721,00000180,false,Rx,0,8,0D,00,01,00,00,00,00,00,
-1778190067304798,00000280,false,Rx,0,8,EA,61,8A,3F,76,54,7E,3D,
-1778190067303866,00000281,false,Rx,0,8,51,0B,DC,42,00,00,34,42,
-1778190067302837,00000380,false,Rx,0,8,00,00,00,00,00,00,00,00,
-1778190067301860,00000381,false,Rx,0,8,05,00,80,3F,00,00,00,00,
-1778190067282734,00000180,false,Rx,0,8,0D,00,01,00,00,00,00,00,
-1778190067281813,00000280,false,Rx,0,8,EA,61,8A,3F,76,54,7E,3D,
-1778190067280881,00000281,false,Rx,0,8,51,0B,DC,42,00,00,34,42,
-1778190067279851,00000380,false,Rx,0,8,00,00,00,00,00,00,00,00,
-1778190067278873,00000381,false,Rx,0,8,05,00,80,3F,00,00,00,00,
-1778190067261925,00000180,false,Rx,0,8,0D,00,01,00,00,00,00,00,
-1778190067260969,00000280,false,Rx,0,8,18,60,8A,3F,BE,13,80,3D,
-1778190067260040,00000281,false,Rx,0,8,51,0B,DC,42,00,00,34,42,
-1778190067259011,00000380,false,Rx,0,8,00,00,00,00,00,00,00,00,
-1778190067258032,00000381,false,Rx,0,8,05,00,80,3F,00,00,00,00,
-1778190067236580,00000180,false,Rx,0,8,0D,00,01,00,00,00,00,00,
-1778190067235623,00000280,false,Rx,0,8,18,60,8A,3F,BE,13,80,3D,
-1778190067234694,00000281,false,Rx,0,8,51,0B,DC,42,00,00,34,42,
-1778190067233666,00000380,false,Rx,0,8,00,00,00,00,00,00,00,00,
-1778190067232687,00000381,false,Rx,0,8,05,00,80,3F,00,00,00,00,
-1778190067215778,00000180,false,Rx,0,8,0D,00,01,00,00,00,00,00,
-1778190067214837,00000280,false,Rx,0,8,5E,5E,8A,3F,BA,61,7D,3D,
-1778190067213908,00000281,false,Rx,0,8,51,0B,DC,42,00,00,34,42,
-1778190067212880,00000380,false,Rx,0,8,00,00,00,00,00,00,00,00,
-1778190067211900,00000381,false,Rx,0,8,05,00,80,3F,00,00,00,00,
-1778190067192839,00000180,false,Rx,0,8,0D,00,01,00,00,00,00,00,
-1778190067191903,00000280,false,Rx,0,8,5E,5E,8A,3F,BA,61,7D,3D,
-1778190067190970,00000281,false,Rx,0,8,51,0B,DC,42,00,00,34,42,
-1778190067189941,00000380,false,Rx,0,8,00,00,00,00,00,00,00,00,
-1778190067188965,00000381,false,Rx,0,8,05,00,80,3F,00,00,00,00,
-1778190067172022,00000180,false,Rx,0,8,0D,00,01,00,00,00,00,00,
-1778190067171086,00000280,false,Rx,0,8,BA,5C,8A,3F,E3,40,7F,3D,
-1778190067170153,00000281,false,Rx,0,8,51,0B,DC,42,00,00,34,42,
-1778190067169128,00000380,false,Rx,0,8,00,00,00,00,00,00,00,00,
-1778190067168149,00000381,false,Rx,0,8,05,00,80,3F,00,00,00,00,
-1778190067149095,00000180,false,Rx,0,8,0D,00,01,00,00,00,00,00,
-1778190067148158,00000280,false,Rx,0,8,BA,5C,8A,3F,E3,40,7F,3D,
-1778190067147226,00000281,false,Rx,0,8,51,0B,DC,42,00,00,34,42,
-1778190067146196,00000380,false,Rx,0,8,00,00,00,00,00,00,00,00,
-1778190067145217,00000381,false,Rx,0,8,05,00,80,3F,00,00,00,00,
-1778190067126112,00000180,false,Rx,0,8,0D,00,01,00,00,00,00,00,
-1778190067125172,00000280,false,Rx,0,8,BA,5C,8A,3F,E3,40,7F,3D,
-1778190067124140,00000281,false,Rx,0,8,51,0B,DC,42,00,00,34,42,
-1778190067123111,00000380,false,Rx,0,8,00,00,00,00,00,00,00,00,
-1778190067122132,00000381,false,Rx,0,8,05,00,80,3F,00,00,00,00,
-1778190067105299,00000180,false,Rx,0,8,0D,00,01,00,00,00,00,00,
-1778190067104261,00000280,false,Rx,0,8,2A,5B,8A,3F,60,C7,7E,3D,
-1778190067103331,00000281,false,Rx,0,8,51,0B,DC,42,00,00,34,42,
-1778190067102304,00000380,false,Rx,0,8,00,00,00,00,00,00,00,00,
-1778190067101321,00000381,false,Rx,0,8,05,00,80,3F,00,00,00,00,
-1778190067080048,00000180,false,Rx,0,8,0D,00,01,00,00,00,00,00,
-1778190067079107,00000280,false,Rx,0,8,2A,5B,8A,3F,60,C7,7E,3D,
-1778190067078178,00000281,false,Rx,0,8,51,0B,DC,42,00,00,34,42,
-1778190067077149,00000380,false,Rx,0,8,00,00,00,00,00,00,00,00,
-1778190067076170,00000381,false,Rx,0,8,05,00,80,3F,00,00,00,00,
-1778190067059246,00000180,false,Rx,0,8,0D,00,01,00,00,00,00,00,
-1778190067058316,00000280,false,Rx,0,8,AE,59,8A,3F,54,4A,80,3D,
-1778190067057383,00000281,false,Rx,0,8,51,0B,DC,42,00,00,34,42,
-1778190067056355,00000380,false,Rx,0,8,00,00,00,00,00,00,00,00,
-1778190067055376,00000381,false,Rx,0,8,05,00,80,3F,00,00,00,00,
-1778190067036315,00000180,false,Rx,0,8,0D,00,01,00,00,00,00,00,
-1778190067035386,00000280,false,Rx,0,8,AE,59,8A,3F,54,4A,80,3D,
-1778190067034453,00000281,false,Rx,0,8,51,0B,DC,42,00,00,34,42,
-1778190067033428,00000380,false,Rx,0,8,00,00,00,00,00,00,00,00,
-1778190067032449,00000381,false,Rx,0,8,05,00,80,3F,00,00,00,00,
-1778190067015498,00000180,false,Rx,0,8,0D,00,01,00,00,00,00,00,
-1778190067014569,00000280,false,Rx,0,8,46,58,8A,3F,14,05,80,3D,
-1778190067013637,00000281,false,Rx,0,8,51,0B,DC,42,00,00,34,42,
-1778190067012611,00000380,false,Rx,0,8,00,00,00,00,00,00,00,00,
-1778190067011632,00000381,false,Rx,0,8,05,00,80,3F,00,00,00,00,
-1778190066992570,00000180,false,Rx,0,8,0D,00,01,00,00,00,00,00,
-1778190066991641,00000280,false,Rx,0,8,46,58,8A,3F,14,05,80,3D,
-1778190066990708,00000281,false,Rx,0,8,51,0B,DC,42,00,00,34,42,
-1778190066989683,00000380,false,Rx,0,8,00,00,00,00,00,00,00,00,
-1778190066988701,00000381,false,Rx,0,8,05,00,80,3F,00,00,00,00,
-1778190066969786,00000180,false,Rx,0,8,0D,00,01,00,00,00,00,00,
-1778190066968854,00000280,false,Rx,0,8,46,58,8A,3F,14,05,80,3D,
-1778190066967924,00000281,false,Rx,0,8,51,0B,DC,42,00,00,34,42,
-1778190066966895,00000380,false,Rx,0,8,00,00,00,00,00,00,00,00,
-1778190066965917,00000381,false,Rx,0,8,05,00,80,3F,00,00,00,00,
-1778190066948967,00000180,false,Rx,0,8,0D,00,01,00,00,00,00,00,
-1778190066948039,00000280,false,Rx,0,8,EF,56,8A,3F,95,86,7F,3D,
-1778190066947106,00000281,false,Rx,0,8,51,0B,DC,42,00,00,34,42,
-1778190066946077,00000380,false,Rx,0,8,00,00,00,00,00,00,00,00,
-1778190066945098,00000381,false,Rx,0,8,05,00,80,3F,00,00,00,00,
-1778190066926026,00000180,false,Rx,0,8,0D,00,01,00,00,00,00,00,
-1778190066925093,00000280,false,Rx,0,8,EF,56,8A,3F,95,86,7F,3D,
-1778190066924164,00000281,false,Rx,0,8,51,0B,DC,42,00,00,34,42,
-1778190066923135,00000380,false,Rx,0,8,00,00,00,00,00,00,00,00,
-1778190066922055,00000381,false,Rx,0,8,05,00,80,3F,00,00,00,00,
-1778190066902821,00000180,false,Rx,0,8,0D,00,01,00,00,00,00,00,
-1778190066901800,00000280,false,Rx,0,8,AA,55,8A,3F,26,A5,80,3D,
-1778190066900867,00000281,false,Rx,0,8,51,0B,DC,42,00,00,34,42,
-1778190066899840,00000380,false,Rx,0,8,00,00,00,00,00,00,00,00,
-1778190066898859,00000381,false,Rx,0,8,05,00,80,3F,00,00,00,00,
-1778190066879761,00000180,false,Rx,0,8,0D,00,01,00,00,00,00,00,
-1778190066878836,00000280,false,Rx,0,8,AA,55,8A,3F,26,A5,80,3D,
-1778190066877907,00000281,false,Rx,0,8,51,0B,DC,42,00,00,34,42,
-1778190066876877,00000380,false,Rx,0,8,00,00,00,00,00,00,00,00,
-1778190066875899,00000381,false,Rx,0,8,05,00,80,3F,00,00,00,00,
-1778190066858927,00000180,false,Rx,0,8,0D,00,01,00,00,00,00,00,
-1778190066858006,00000280,false,Rx,0,8,75,54,8A,3F,5B,5B,80,3D,
-1778190066857073,00000281,false,Rx,0,8,51,0B,DC,42,00,00,34,42,
-1778190066856049,00000380,false,Rx,0,8,00,00,00,00,00,00,00,00,
-1778190066855069,00000381,false,Rx,0,8,05,00,80,3F,00,00,00,00,
-1778190066838600,00000180,false,Rx,0,8,0D,00,01,00,00,00,00,00,
-1778190066837678,00000280,false,Rx,0,8,75,54,8A,3F,5B,5B,80,3D,
-1778190066836746,00000281,false,Rx,0,8,51,0B,DC,42,00,00,34,42,
-1778190066835721,00000380,false,Rx,0,8,00,00,00,00,00,00,00,00,
-1778190066834738,00000381,false,Rx,0,8,05,00,80,3F,00,00,00,00,
-1778190066815661,00000180,false,Rx,0,8,0D,00,01,00,00,00,00,00,
-1778190066814740,00000280,false,Rx,0,8,75,54,8A,3F,5B,5B,80,3D,
-1778190066813808,00000281,false,Rx,0,8,51,0B,DC,42,00,00,34,42,
-1778190066812782,00000380,false,Rx,0,8,00,00,00,00,00,00,00,00,
-1778190066811803,00000381,false,Rx,0,8,05,00,80,3F,00,00,00,00,
-1778190066794843,00000180,false,Rx,0,8,0D,00,01,00,00,00,00,00,
-1778190066793914,00000280,false,Rx,0,8,4F,53,8A,3F,9D,35,81,3D,
-1778190066792982,00000281,false,Rx,0,8,51,0B,DC,42,00,00,34,42,
-1778190066791953,00000380,false,Rx,0,8,00,00,00,00,00,00,00,00,
-1778190066790973,00000381,false,Rx,0,8,05,00,80,3F,00,00,00,00,
-1778190066771917,00000180,false,Rx,0,8,0D,00,01,00,00,00,00,00,
-1778190066770984,00000280,false,Rx,0,8,4F,53,8A,3F,9D,35,81,3D,
-1778190066770055,00000281,false,Rx,0,8,51,0B,DC,42,00,00,34,42,
-1778190066769026,00000380,false,Rx,0,8,00,00,00,00,00,00,00,00,
-1778190066768047,00000381,false,Rx,0,8,05,00,80,3F,00,00,00,00,
-1778190066748699,00000180,false,Rx,0,8,0D,00,01,00,00,00,00,00,
-1778190066747767,00000280,false,Rx,0,8,38,52,8A,3F,7A,88,7F,3D,
-1778190066746834,00000281,false,Rx,0,8,51,0B,DC,42,00,00,34,42,
-1778190066745809,00000380,false,Rx,0,8,00,00,00,00,00,00,00,00,
-1778190066744829,00000381,false,Rx,0,8,05,00,80,3F,00,00,00,00,
-1778190066725745,00000180,false,Rx,0,8,0D,00,01,00,00,00,00,00,
-1778190066724812,00000280,false,Rx,0,8,38,52,8A,3F,7A,88,7F,3D,
-1778190066723883,00000281,false,Rx,0,8,51,0B,DC,42,00,00,34,42,
-1778190066722854,00000380,false,Rx,0,8,00,00,00,00,00,00,00,00,
-1778190066721876,00000381,false,Rx,0,8,05,00,80,3F,00,00,00,00,
-1778190066702776,00000180,false,Rx,0,8,0D,00,01,00,00,00,00,00,
-1778190066701847,00000280,false,Rx,0,8,38,52,8A,3F,7A,88,7F,3D,
-1778190066700814,00000281,false,Rx,0,8,51,0B,DC,42,00,00,34,42,
-1778190066699785,00000380,false,Rx,0,8,00,00,00,00,00,00,00,00,
-1778190066698806,00000381,false,Rx,0,8,05,00,80,3F,00,00,00,00,
-1778190066681974,00000180,false,Rx,0,8,0D,00,01,00,00,00,00,00,
-1778190066681042,00000280,false,Rx,0,8,2F,51,8A,3F,0D,A6,80,3D,
-1778190066680010,00000281,false,Rx,0,8,51,0B,DC,42,00,00,34,42,
-1778190066678984,00000380,false,Rx,0,8,00,00,00,00,00,00,00,00,
-1778190066678005,00000381,false,Rx,0,8,05,00,80,3F,00,00,00,00,
-1778190066658943,00000180,false,Rx,0,8,0D,00,01,00,00,00,00,00,
-1778190066658014,00000280,false,Rx,0,8,2F,51,8A,3F,0D,A6,80,3D,
-1778190066657081,00000281,false,Rx,0,8,51,0B,DC,42,00,00,34,42,
-1778190066656056,00000380,false,Rx,0,8,00,00,00,00,00,00,00,00,
-1778190066655076,00000381,false,Rx,0,8,05,00,80,3F,00,00,00,00,
-1778190066638125,00000180,false,Rx,0,8,0D,00,01,00,00,00,00,00,
-1778190066637197,00000280,false,Rx,0,8,33,50,8A,3F,36,5C,80,3D,
-1778190066636264,00000281,false,Rx,0,8,51,0B,DC,42,00,00,34,42,
-1778190066635234,00000380,false,Rx,0,8,00,00,00,00,00,00,00,00,
-1778190066634256,00000381,false,Rx,0,8,05,00,80,3F,00,00,00,00,
-1778190066615190,00000180,false,Rx,0,8,0D,00,01,00,00,00,00,00,
-1778190066614258,00000280,false,Rx,0,8,33,50,8A,3F,36,5C,80,3D,
-1778190066613329,00000281,false,Rx,0,8,51,0B,DC,42,00,00,34,42,
-1778190066612299,00000380,false,Rx,0,8,00,00,00,00,00,00,00,00,
-1778190066611321,00000381,false,Rx,0,8,05,00,80,3F,00,00,00,00,
-1778190066592155,00000180,false,Rx,0,8,0D,00,01,00,00,00,00,00,
-1778190066591226,00000280,false,Rx,0,8,44,4F,8A,3F,6D,36,81,3D,
-1778190066590293,00000281,false,Rx,0,8,51,0B,DC,42,00,00,34,42,
-1778190066589268,00000380,false,Rx,0,8,00,00,00,00,00,00,00,00,
-1778190066588289,00000381,false,Rx,0,8,05,00,80,3F,00,00,00,00,
-1778190066569243,00000180,false,Rx,0,8,0D,00,01,00,00,00,00,00,
-1778190066568310,00000280,false,Rx,0,8,44,4F,8A,3F,6D,36,81,3D,
-1778190066567381,00000281,false,Rx,0,8,51,0B,DC,42,00,00,34,42,
-1778190066566352,00000380,false,Rx,0,8,00,00,00,00,00,00,00,00,
-1778190066565373,00000381,false,Rx,0,8,05,00,80,3F,00,00,00,00,
-1778190066546450,00000180,false,Rx,0,8,0D,00,01,00,00,00,00,00,
-1778190066545521,00000280,false,Rx,0,8,44,4F,8A,3F,6D,36,81,3D,
-1778190066544588,00000281,false,Rx,0,8,51,0B,DC,42,00,00,34,42,
-1778190066543559,00000380,false,Rx,0,8,00,00,00,00,00,00,00,00,
-1778190066542580,00000381,false,Rx,0,8,05,00,80,3F,00,00,00,00,
-1778190066525640,00000180,false,Rx,0,8,0D,00,01,00,00,00,00,00,
-1778190066524719,00000280,false,Rx,0,8,61,4E,8A,3F,5E,E5,80,3D,
-1778190066523786,00000281,false,Rx,0,8,51,0B,DC,42,00,00,34,42,
-1778190066522757,00000380,false,Rx,0,8,00,00,00,00,00,00,00,00,
-1778190066521778,00000381,false,Rx,0,8,05,00,80,3F,00,00,00,00,
-1778190066502693,00000180,false,Rx,0,8,0D,00,01,00,00,00,00,00,
-1778190066501772,00000280,false,Rx,0,8,61,4E,8A,3F,5E,E5,80,3D,
-1778190066500839,00000281,false,Rx,0,8,51,0B,DC,42,00,00,34,42,
-1778190066499814,00000380,false,Rx,0,8,00,00,00,00,00,00,00,00,
-1778190066498733,00000381,false,Rx,0,8,05,00,80,3F,00,00,00,00,
-1778190066481891,00000180,false,Rx,0,8,0D,00,01,00,00,00,00,00,
-1778190066480970,00000280,false,Rx,0,8,89,4D,8A,3F,BA,B8,81,3D,
-1778190066480037,00000281,false,Rx,0,8,51,0B,DC,42,00,00,34,42,
-1778190066478910,00000380,false,Rx,0,8,00,00,00,00,00,00,00,00,
-1778190066477932,00000381,false,Rx,0,8,05,00,80,3F,00,00,00,00,
-1778190066458849,00000180,false,Rx,0,8,0D,00,01,00,00,00,00,00,
-1778190066457922,00000280,false,Rx,0,8,89,4D,8A,3F,BA,B8,81,3D,
-1778190066456992,00000281,false,Rx,0,8,51,0B,DC,42,00,00,34,42,
-1778190066455967,00000380,false,Rx,0,8,00,00,00,00,00,00,00,00,
-1778190066454988,00000381,false,Rx,0,8,05,00,80,3F,00,00,00,00,
-1778190066435629,00000180,false,Rx,0,8,0D,00,01,00,00,00,00,00,
-1778190066434696,00000280,false,Rx,0,8,BC,4C,8A,3F,CC,40,80,3D,
-1778190066433767,00000281,false,Rx,0,8,51,0B,DC,42,00,00,34,42,
-1778190066432739,00000380,false,Rx,0,8,00,00,00,00,00,00,00,00,
-1778190066431760,00000381,false,Rx,0,8,05,00,80,3F,00,00,00,00,
-1778190066415259,00000180,false,Rx,0,8,0D,00,01,00,00,00,00,00,
-1778190066414330,00000280,false,Rx,0,8,BC,4C,8A,3F,CC,40,80,3D,
-1778190066413397,00000281,false,Rx,0,8,51,0B,DC,42,00,00,34,42,
-1778190066412369,00000380,false,Rx,0,8,00,00,00,00,00,00,00,00,
-1778190066411389,00000381,false,Rx,0,8,05,00,80,3F,00,00,00,00,
-1778190066392331,00000180,false,Rx,0,8,0D,00,01,00,00,00,00,00,
-1778190066391398,00000280,false,Rx,0,8,BC,4C,8A,3F,CC,40,80,3D,
-1778190066390469,00000281,false,Rx,0,8,51,0B,DC,42,00,00,34,42,
-1778190066389441,00000380,false,Rx,0,8,00,00,00,00,00,00,00,00,
-1778190066388461,00000381,false,Rx,0,8,05,00,80,3F,00,00,00,00,
-1778190066371513,00000180,false,Rx,0,8,0D,00,01,00,00,00,00,00,
-1778190066370580,00000280,false,Rx,0,8,F9,4B,8A,3F,62,1C,81,3D,
-1778190066369652,00000281,false,Rx,0,8,51,0B,DC,42,00,00,34,42,
-1778190066368623,00000380,false,Rx,0,8,00,00,00,00,00,00,00,00,
-1778190066367643,00000381,false,Rx,0,8,05,00,80,3F,00,00,00,00,
-1778190066348577,00000180,false,Rx,0,8,0D,00,01,00,00,00,00,00,
-1778190066347644,00000280,false,Rx,0,8,F9,4B,8A,3F,62,1C,81,3D,
-1778190066346712,00000281,false,Rx,0,8,51,0B,DC,42,00,00,34,42,
-1778190066345687,00000380,false,Rx,0,8,00,00,00,00,00,00,00,00,
-1778190066344707,00000381,false,Rx,0,8,05,00,80,3F,00,00,00,00,
-1778190066327755,00000180,false,Rx,0,8,0D,00,01,00,00,00,00,00,
-1778190066326819,00000280,false,Rx,0,8,40,4B,8A,3F,A1,CC,80,3D,
-1778190066325886,00000281,false,Rx,0,8,51,0B,DC,42,00,00,34,42,
-1778190066324858,00000380,false,Rx,0,8,00,00,00,00,00,00,00,00,
-1778190066323878,00000381,false,Rx,0,8,05,00,80,3F,00,00,00,00,
-1778190066305020,00000180,false,Rx,0,8,0D,00,01,00,00,00,00,00,
-1778190066304079,00000280,false,Rx,0,8,40,4B,8A,3F,A1,CC,80,3D,
-1778190066303151,00000281,false,Rx,0,8,51,0B,DC,42,00,00,34,42,
-1778190066302122,00000380,false,Rx,0,8,00,00,00,00,00,00,00,00,
-1778190066301142,00000381,false,Rx,0,8,05,00,80,3F,00,00,00,00,
-1778190066282242,00000180,false,Rx,0,8,0D,00,01,00,00,00,00,00,
-1778190066281302,00000280,false,Rx,0,8,40,4B,8A,3F,A1,CC,80,3D,
-1778190066280373,00000281,false,Rx,0,8,51,0B,DC,42,00,00,34,42,
-1778190066279344,00000380,false,Rx,0,8,00,00,00,00,00,00,00,00,
-1778190066278365,00000381,false,Rx,0,8,05,00,80,3F,00,00,00,00,
-1778190066259222,00000180,false,Rx,0,8,0D,00,01,00,00,00,00,00,
-1778190066258293,00000280,false,Rx,0,8,90,4A,8A,3F,39,A1,81,3D,
-1778190066257461,00000281,false,Rx,0,8,51,0B,DC,42,00,00,34,42,
-1778190066256431,00000380,false,Rx,0,8,00,00,00,00,00,00,00,00,
-1778190066255452,00000381,false,Rx,0,8,05,00,80,3F,00,00,00,00,
-1778190066236592,00000180,false,Rx,0,8,0D,00,01,00,00,00,00,00,
-1778190066235664,00000280,false,Rx,0,8,90,4A,8A,3F,39,A1,81,3D,
-1778190066234731,00000281,false,Rx,0,8,51,0B,DC,42,00,00,34,42,
-1778190066233706,00000380,false,Rx,0,8,00,00,00,00,00,00,00,00,
-1778190066232727,00000381,false,Rx,0,8,05,00,80,3F,00,00,00,00,
-1778190066215975,00000180,false,Rx,0,8,0D,00,01,00,00,00,00,00,
-1778190066215038,00000280,false,Rx,0,8,E9,49,8A,3F,78,2A,80,3D,
-1778190066214106,00000281,false,Rx,0,8,51,0B,DC,42,00,00,34,42,
-1778190066213081,00000380,false,Rx,0,8,00,00,00,00,00,00,00,00,
-1778190066212101,00000381,false,Rx,0,8,05,00,80,3F,00,00,00,00,
-1778190066193263,00000180,false,Rx,0,8,0D,00,01,00,00,00,00,00,
-1778190066192322,00000280,false,Rx,0,8,E9,49,8A,3F,78,2A,80,3D,
-1778190066191393,00000281,false,Rx,0,8,51,0B,DC,42,00,00,34,42,
-1778190066190364,00000380,false,Rx,0,8,00,00,00,00,00,00,00,00,
-1778190066189386,00000381,false,Rx,0,8,05,00,80,3F,00,00,00,00,
-1778190066172830,00000180,false,Rx,0,8,0D,00,01,00,00,00,00,00,
-1778190066171897,00000280,false,Rx,0,8,4A,49,8A,3F,2C,07,81,3D,
-1778190066170965,00000281,false,Rx,0,8,51,0B,DC,42,00,00,34,42,
-1778190066169940,00000380,false,Rx,0,8,00,00,00,00,00,00,00,00,
-1778190066168960,00000381,false,Rx,0,8,05,00,80,3F,00,00,00,00,
-1778190066150106,00000180,false,Rx,0,8,0D,00,01,00,00,00,00,00,
-1778190066149176,00000280,false,Rx,0,8,4A,49,8A,3F,2C,07,81,3D,
-1778190066148248,00000281,false,Rx,0,8,51,0B,DC,42,00,00,34,42,
-1778190066147219,00000380,false,Rx,0,8,00,00,00,00,00,00,00,00,
-1778190066146240,00000381,false,Rx,0,8,05,00,80,3F,00,00,00,00,
-1778190066127305,00000180,false,Rx,0,8,0D,00,01,00,00,00,00,00,
-1778190066126376,00000280,false,Rx,0,8,4A,49,8A,3F,2C,07,81,3D,
-1778190066125444,00000281,false,Rx,0,8,51,0B,DC,42,00,00,34,42,
-1778190066124419,00000380,false,Rx,0,8,00,00,00,00,00,00,00,00,
-1778190066123435,00000381,false,Rx,0,8,05,00,80,3F,00,00,00,00,
-1778190066096761,00000180,false,Rx,0,8,0D,00,01,00,00,00,00,00,
-1778190066095821,00000280,false,Rx,0,8,B3,48,8A,3F,3D,30,7F,3D,
-1778190066094892,00000281,false,Rx,0,8,51,0B,DC,42,00,00,34,42,
-1778190066093863,00000380,false,Rx,0,8,00,00,00,00,00,00,00,00,
-1778190066092884,00000381,false,Rx,0,8,05,00,80,3F,00,00,00,00,
-1778190066074065,00000180,false,Rx,0,8,0D,00,01,00,00,00,00,00,
-1778190066073124,00000280,false,Rx,0,8,B3,48,8A,3F,3D,30,7F,3D,
-1778190066072196,00000281,false,Rx,0,8,51,0B,DC,42,00,00,34,42,
-1778190066071167,00000380,false,Rx,0,8,00,00,00,00,00,00,00,00,
-1778190066070187,00000381,false,Rx,0,8,05,00,80,3F,00,00,00,00,
-1778190066053616,00000180,false,Rx,0,8,0D,00,01,00,00,00,00,00,
-1778190066052676,00000280,false,Rx,0,8,24,48,8A,3F,23,7C,80,3D,
-1778190066051747,00000281,false,Rx,0,8,51,0B,DC,42,00,00,34,42,
-1778190066050718,00000380,false,Rx,0,8,00,00,00,00,00,00,00,00,
-1778190066049739,00000381,false,Rx,0,8,05,00,80,3F,00,00,00,00,
-1778190066030929,00000180,false,Rx,0,8,0D,00,01,00,00,00,00,00,
-1778190066029987,00000280,false,Rx,0,8,24,48,8A,3F,23,7C,80,3D,
-1778190066029055,00000281,false,Rx,0,8,51,0B,DC,42,00,00,34,42,
-1778190066028030,00000380,false,Rx,0,8,00,00,00,00,00,00,00,00,
-1778190066027050,00000381,false,Rx,0,8,05,00,80,3F,00,00,00,00,
-1778190066010468,00000180,false,Rx,0,8,0D,00,01,00,00,00,00,00,
-1778190066009528,00000280,false,Rx,0,8,9C,47,8A,3F,13,28,7E,3D,
-1778190066008600,00000281,false,Rx,0,8,51,0B,DC,42,00,00,34,42,
-1778190066007571,00000380,false,Rx,0,8,00,00,00,00,00,00,00,00,
-1778190066006591,00000381,false,Rx,0,8,05,00,80,3F,00,00,00,00,
-1778190065987780,00000180,false,Rx,0,8,0D,00,01,00,00,00,00,00,
-1778190065986839,00000280,false,Rx,0,8,9C,47,8A,3F,13,28,7E,3D,
-1778190065985910,00000281,false,Rx,0,8,51,0B,DC,42,00,00,34,42,
-1778190065984881,00000380,false,Rx,0,8,00,00,00,00,00,00,00,00,
-1778190065983902,00000381,false,Rx,0,8,05,00,80,3F,00,00,00,00,
-1778190065965180,00000180,false,Rx,0,8,0D,00,01,00,00,00,00,00,
-1778190065964239,00000280,false,Rx,0,8,9C,47,8A,3F,13,28,7E,3D,
-1778190065963310,00000281,false,Rx,0,8,51,0B,DC,42,00,00,34,42,
-1778190065962281,00000380,false,Rx,0,8,00,00,00,00,00,00,00,00,
-1778190065961303,00000381,false,Rx,0,8,05,00,80,3F,00,00,00,00,
-1778190065942536,00000180,false,Rx,0,8,0D,00,01,00,00,00,00,00,
-1778190065941607,00000280,false,Rx,0,8,1A,47,8A,3F,9A,BC,7D,3D,
-1778190065940675,00000281,false,Rx,0,8,51,0B,DC,42,00,00,34,42,
-1778190065939649,00000380,false,Rx,0,8,00,00,00,00,00,00,00,00,
-1778190065938670,00000381,false,Rx,0,8,05,00,80,3F,00,00,00,00,
-1778190065919848,00000180,false,Rx,0,8,0D,00,01,00,00,00,00,00,
-1778190065918919,00000280,false,Rx,0,8,1A,47,8A,3F,9A,BC,7D,3D,
-1778190065918087,00000281,false,Rx,0,8,51,0B,DC,42,00,00,34,42,
-1778190065917058,00000380,false,Rx,0,8,00,00,00,00,00,00,00,00,
-1778190065916079,00000381,false,Rx,0,8,05,00,80,3F,00,00,00,00,
-1778190065899390,00000180,false,Rx,0,8,0D,00,01,00,00,00,00,00,
-1778190065898563,00000280,false,Rx,0,8,9F,46,8A,3F,38,97,7F,3D,
-1778190065897629,00000281,false,Rx,0,8,51,0B,DC,42,00,00,34,42,
-1778190065896603,00000380,false,Rx,0,8,00,00,00,00,00,00,00,00,
-1778190065895626,00000381,false,Rx,0,8,05,00,80,3F,00,00,00,00,
-1778190065876804,00000180,false,Rx,0,8,0D,00,01,00,00,00,00,00,
-1778190065875871,00000280,false,Rx,0,8,9F,46,8A,3F,38,97,7F,3D,
-1778190065874943,00000281,false,Rx,0,8,51,0B,DC,42,00,00,34,42,
-1778190065873913,00000380,false,Rx,0,8,00,00,00,00,00,00,00,00,
-1778190065872934,00000381,false,Rx,0,8,05,00,80,3F,00,00,00,00,
-1778190065856337,00000180,false,Rx,0,8,0D,00,01,00,00,00,00,00,
-1778190065855408,00000280,false,Rx,0,8,2A,46,8A,3F,63,19,7F,3D,
-1778190065854475,00000281,false,Rx,0,8,51,0B,DC,42,00,00,34,42,
-1778190065853445,00000380,false,Rx,0,8,00,00,00,00,00,00,00,00,
-1778190065852467,00000381,false,Rx,0,8,05,00,80,3F,00,00,00,00,
-1778190065836167,00000180,false,Rx,0,8,0D,00,01,00,00,00,00,00,
-1778190065835238,00000280,false,Rx,0,8,2A,46,8A,3F,63,19,7F,3D,
-1778190065834305,00000281,false,Rx,0,8,51,0B,DC,42,00,00,34,42,
-1778190065833280,00000380,false,Rx,0,8,00,00,00,00,00,00,00,00,
-1778190065832301,00000381,false,Rx,0,8,05,00,80,3F,00,00,00,00,
-1778190065813471,00000180,false,Rx,0,8,0D,00,01,00,00,00,00,00,
-1778190065812542,00000280,false,Rx,0,8,2A,46,8A,3F,63,19,7F,3D,
-1778190065811610,00000281,false,Rx,0,8,51,0B,DC,42,00,00,34,42,
-1778190065810584,00000380,false,Rx,0,8,00,00,00,00,00,00,00,00,
-1778190065809605,00000381,false,Rx,0,8,05,00,80,3F,00,00,00,00,
-1778190065790624,00000180,false,Rx,0,8,0D,00,01,00,00,00,00,00,
-1778190065789699,00000280,false,Rx,0,8,BB,45,8A,3F,49,71,80,3D,
-1778190065788770,00000281,false,Rx,0,8,51,0B,DC,42,00,00,34,42,
-1778190065787741,00000380,false,Rx,0,8,00,00,00,00,00,00,00,00,
-1778190065786762,00000381,false,Rx,0,8,05,00,80,3F,00,00,00,00,
-1778190065767923,00000180,false,Rx,0,8,0D,00,01,00,00,00,00,00,
-1778190065767002,00000280,false,Rx,0,8,BB,45,8A,3F,49,71,80,3D,
-1778190065766070,00000281,false,Rx,0,8,51,0B,DC,42,00,00,34,42,
-1778190065765045,00000380,false,Rx,0,8,00,00,00,00,00,00,00,00,
-1778190065764066,00000381,false,Rx,0,8,05,00,80,3F,00,00,00,00,
-1778190065747476,00000180,false,Rx,0,8,0D,00,01,00,00,00,00,00,
-1778190065746527,00000280,false,Rx,0,8,F7,E0,8E,3F,75,13,7E,3D,
-1778190065745598,00000281,false,Rx,0,8,51,0B,DC,42,00,00,34,42,
-1778190065744569,00000380,false,Rx,0,8,00,00,00,00,00,00,00,00,
-1778190065743591,00000381,false,Rx,0,8,05,00,80,3F,00,00,00,00,
-1778190065724786,00000180,false,Rx,0,8,0D,00,01,00,00,00,00,00,
-1778190065723842,00000280,false,Rx,0,8,F7,E0,8E,3F,75,13,7E,3D,
-1778190065722910,00000281,false,Rx,0,8,51,0B,DC,42,00,00,34,42,
-1778190065721881,00000380,false,Rx,0,8,00,00,00,00,00,00,00,00,
-1778190065720901,00000381,false,Rx,0,8,05,00,80,3F,00,00,00,00,
-1778190065702186,00000180,false,Rx,0,8,0D,00,01,00,00,00,00,00,
-1778190065701238,00000280,false,Rx,0,8,F7,E0,8E,3F,75,13,7E,3D,
-1778190065700310,00000281,false,Rx,0,8,51,0B,DC,42,00,00,34,42,
-1778190065699281,00000380,false,Rx,0,8,00,00,00,00,00,00,00,00,
-1778190065698403,00000381,false,Rx,0,8,05,00,80,3F,00,00,00,00,
-1778190065681755,00000180,false,Rx,0,8,0D,00,01,00,00,00,00,00,
-1778190065680799,00000280,false,Rx,0,8,3D,41,93,3F,BB,E9,7F,3D,
-1778190065679866,00000281,false,Rx,0,8,51,0B,DC,42,00,00,34,42,
-1778190065678939,00000380,false,Rx,0,8,00,00,00,00,00,00,00,00,
-1778190065677960,00000381,false,Rx,0,8,05,00,80,3F,00,00,00,00,
-1778190065659049,00000180,false,Rx,0,8,0D,00,01,00,00,00,00,00,
-1778190065658194,00000280,false,Rx,0,8,3D,41,93,3F,BB,E9,7F,3D,
-1778190065657261,00000281,false,Rx,0,8,51,0B,DC,42,00,00,34,42,
-1778190065656234,00000380,false,Rx,0,8,00,00,00,00,00,00,00,00,
-1778190065655257,00000381,false,Rx,0,8,05,00,80,3F,00,00,00,00,
-1778190065638709,00000180,false,Rx,0,8,0D,00,01,00,00,00,00,00,
-1778190065637783,00000280,false,Rx,0,8,DA,CD,92,3F,C6,67,7F,3D,
-1778190065636854,00000281,false,Rx,0,8,51,0B,DC,42,00,00,34,42,
-1778190065635826,00000380,false,Rx,0,8,00,00,00,00,00,00,00,00,
-1778190065634848,00000381,false,Rx,0,8,05,00,80,3F,00,00,00,00,
-1778190065613811,00000180,false,Rx,0,8,0D,00,01,00,00,00,00,00,
-1778190065612890,00000280,false,Rx,0,8,DA,CD,92,3F,C6,67,7F,3D,
-1778190065611958,00000281,false,Rx,0,8,51,0B,DC,42,00,00,34,42,
-1778190065610932,00000380,false,Rx,0,8,00,00,00,00,00,00,00,00,
-1778190065609953,00000381,false,Rx,0,8,05,00,80,3F,00,00,00,00,
-1778190065593348,00000180,false,Rx,0,8,0D,00,01,00,00,00,00,00,
-1778190065592400,00000280,false,Rx,0,8,3C,60,92,3F,85,96,80,3D,
-1778190065591471,00000281,false,Rx,0,8,51,0B,DC,42,00,00,34,42,
-1778190065590441,00000380,false,Rx,0,8,00,00,00,00,00,00,00,00,
-1778190065589463,00000381,false,Rx,0,8,05,00,80,3F,00,00,00,00,
-1778190065570660,00000180,false,Rx,0,8,0D,00,01,00,00,00,00,00,
-1778190065569712,00000280,false,Rx,0,8,3C,60,92,3F,85,96,80,3D,
-1778190065568783,00000281,false,Rx,0,8,51,0B,DC,42,00,00,34,42,
-1778190065567753,00000380,false,Rx,0,8,00,00,00,00,00,00,00,00,
-1778190065566775,00000381,false,Rx,0,8,05,00,80,3F,00,00,00,00,
-1778190065548067,00000180,false,Rx,0,8,0D,00,01,00,00,00,00,00,
-1778190065547119,00000280,false,Rx,0,8,3C,60,92,3F,85,96,80,3D,
-1778190065546190,00000281,false,Rx,0,8,51,0B,DC,42,00,00,34,42,
-1778190065545161,00000380,false,Rx,0,8,00,00,00,00,00,00,00,00,
-1778190065544182,00000381,false,Rx,0,8,05,00,80,3F,00,00,00,00,
-1778190065527616,00000180,false,Rx,0,8,0D,00,01,00,00,00,00,00,
-1778190065526671,00000280,false,Rx,0,8,19,F8,91,3F,76,4D,80,3D,
-1778190065525739,00000281,false,Rx,0,8,51,0B,DC,42,00,00,34,42,
-1778190065524710,00000380,false,Rx,0,8,00,00,00,00,00,00,00,00,
-1778190065523731,00000381,false,Rx,0,8,05,00,80,3F,00,00,00,00,
-1778190065504904,00000180,false,Rx,0,8,0D,00,01,00,00,00,00,00,
-1778190065503956,00000280,false,Rx,0,8,19,F8,91,3F,76,4D,80,3D,
-1778190065503027,00000281,false,Rx,0,8,51,0B,DC,42,00,00,34,42,
-1778190065501998,00000380,false,Rx,0,8,00,00,00,00,00,00,00,00,
-1778190065501019,00000381,false,Rx,0,8,05,00,80,3F,00,00,00,00,
-1778190065484472,00000180,false,Rx,0,8,0D,00,01,00,00,00,00,00,
-1778190065483543,00000280,false,Rx,0,8,2B,95,91,3F,6A,28,81,3D,
-1778190065482611,00000281,false,Rx,0,8,51,0B,DC,42,00,00,34,42,
-1778190065481585,00000380,false,Rx,0,8,00,00,00,00,00,00,00,00,
-1778190065480606,00000381,false,Rx,0,8,05,00,80,3F,00,00,00,00,
-1778190065459577,00000180,false,Rx,0,8,0D,00,01,00,00,00,00,00,
-1778190065458745,00000280,false,Rx,0,8,2B,95,91,3F,6A,28,81,3D,
-1778190065457816,00000281,false,Rx,0,8,51,0B,DC,42,00,00,34,42,
-1778190065456789,00000380,false,Rx,0,8,00,00,00,00,00,00,00,00,
-1778190065455807,00000381,false,Rx,0,8,05,00,80,3F,00,00,00,00,
-1778190065439220,00000180,false,Rx,0,8,0D,00,01,00,00,00,00,00,
-1778190065438273,00000280,false,Rx,0,8,2F,37,91,3F,0F,D8,80,3D,
-1778190065437341,00000281,false,Rx,0,8,51,0B,DC,42,00,00,34,42,
-1778190065436313,00000380,false,Rx,0,8,00,00,00,00,00,00,00,00,
-1778190065435337,00000381,false,Rx,0,8,05,00,80,3F,00,00,00,00,
-1778190065416507,00000180,false,Rx,0,8,0D,00,01,00,00,00,00,00,
-1778190065415563,00000280,false,Rx,0,8,2F,37,91,3F,0F,D8,80,3D,
-1778190065414630,00000281,false,Rx,0,8,51,0B,DC,42,00,00,34,42,
-1778190065413601,00000380,false,Rx,0,8,00,00,00,00,00,00,00,00,
-1778190065412622,00000381,false,Rx,0,8,05,00,80,3F,00,00,00,00,
-1778190065393915,00000180,false,Rx,0,8,0D,00,01,00,00,00,00,00,
-1778190065392967,00000280,false,Rx,0,8,2F,37,91,3F,0F,D8,80,3D,
-1778190065392038,00000281,false,Rx,0,8,51,0B,DC,42,00,00,34,42,
-1778190065391009,00000380,false,Rx,0,8,00,00,00,00,00,00,00,00,
-1778190065390030,00000381,false,Rx,0,8,05,00,80,3F,00,00,00,00,
-1778190065373491,00000180,false,Rx,0,8,0D,00,01,00,00,00,00,00,
-1778190065372550,00000280,false,Rx,0,8,E6,DD,90,3F,15,AC,81,3D,
-1778190065371618,00000281,false,Rx,0,8,51,0B,DC,42,00,00,34,42,
-1778190065370593,00000380,false,Rx,0,8,00,00,00,00,00,00,00,00,
-1778190065369614,00000381,false,Rx,0,8,05,00,80,3F,00,00,00,00,
-1778190065350787,00000180,false,Rx,0,8,0D,00,01,00,00,00,00,00,
-1778190065349846,00000280,false,Rx,0,8,E6,DD,90,3F,15,AC,81,3D,
-1778190065348917,00000281,false,Rx,0,8,51,0B,DC,42,00,00,34,42,
-1778190065347888,00000380,false,Rx,0,8,00,00,00,00,00,00,00,00,
-1778190065346910,00000381,false,Rx,0,8,05,00,80,3F,00,00,00,00,
-1778190065330347,00000180,false,Rx,0,8,0D,00,01,00,00,00,00,00,
-1778190065329399,00000280,false,Rx,0,8,14,89,90,3F,25,55,81,3D,
-1778190065328470,00000281,false,Rx,0,8,51,0B,DC,42,00,00,34,42,
-1778190065327442,00000380,false,Rx,0,8,00,00,00,00,00,00,00,00,
-1778190065326462,00000381,false,Rx,0,8,05,00,80,3F,00,00,00,00,
-1778190065305233,00000180,false,Rx,0,8,0D,00,01,00,00,00,00,00,
-1778190065304285,00000280,false,Rx,0,8,14,89,90,3F,25,55,81,3D,
-1778190065303356,00000281,false,Rx,0,8,51,0B,DC,42,00,00,34,42,
-1778190065302328,00000380,false,Rx,0,8,00,00,00,00,00,00,00,00,
-1778190065301348,00000381,false,Rx,0,8,05,00,80,3F,00,00,00,00,
-1778190065284602,00000180,false,Rx,0,8,0D,00,01,00,00,00,00,00,
-1778190065283661,00000280,false,Rx,0,8,80,38,90,3F,EA,22,82,3D,
-1778190065282733,00000281,false,Rx,0,8,51,0B,DC,42,00,00,34,42,
-1778190065281703,00000380,false,Rx,0,8,00,00,00,00,00,00,00,00,
-1778190065280724,00000381,false,Rx,0,8,05,00,80,3F,00,00,00,00,
-1778190065264232,00000180,false,Rx,0,8,0D,00,01,00,00,00,00,00,
-1778190065263295,00000280,false,Rx,0,8,80,38,90,3F,EA,22,82,3D,
-1778190065262363,00000281,false,Rx,0,8,51,0B,DC,42,00,00,34,42,
-1778190065261338,00000380,false,Rx,0,8,00,00,00,00,00,00,00,00,
-1778190065260358,00000381,false,Rx,0,8,05,00,80,3F,00,00,00,00,
-1778190065241347,00000180,false,Rx,0,8,0D,00,01,00,00,00,00,00,
-1778190065240407,00000280,false,Rx,0,8,80,38,90,3F,EA,22,82,3D,
-1778190065239474,00000281,false,Rx,0,8,51,0B,DC,42,00,00,34,42,
-1778190065238348,00000380,false,Rx,0,8,00,00,00,00,00,00,00,00,
-1778190065237370,00000381,false,Rx,0,8,05,00,80,3F,00,00,00,00,
-1778190065220679,00000180,false,Rx,0,8,0D,00,01,00,00,00,00,00,
-1778190065219743,00000280,false,Rx,0,8,F3,EB,8F,3F,09,C6,81,3D,
-1778190065218712,00000281,false,Rx,0,8,51,0B,DC,42,00,00,34,42,
-1778190065217682,00000380,false,Rx,0,8,00,00,00,00,00,00,00,00,
-1778190065216702,00000381,false,Rx,0,8,05,00,80,3F,00,00,00,00,
-1778190065197682,00000180,false,Rx,0,8,0D,00,01,00,00,00,00,00,
-1778190065196746,00000280,false,Rx,0,8,F3,EB,8F,3F,09,C6,81,3D,
-1778190065195813,00000281,false,Rx,0,8,51,0B,DC,42,00,00,34,42,
-1778190065194787,00000380,false,Rx,0,8,00,00,00,00,00,00,00,00,
-1778190065193809,00000381,false,Rx,0,8,05,00,80,3F,00,00,00,00,
-1778190065177034,00000180,false,Rx,0,8,0D,00,01,00,00,00,00,00,
-1778190065176102,00000280,false,Rx,0,8,3A,A3,8F,3F,29,8E,82,3D,
-1778190065175173,00000281,false,Rx,0,8,51,0B,DC,42,00,00,34,42,
-1778190065174145,00000380,false,Rx,0,8,00,00,00,00,00,00,00,00,
-1778190065173165,00000381,false,Rx,0,8,05,00,80,3F,00,00,00,00,
-1778190065154145,00000180,false,Rx,0,8,0D,00,01,00,00,00,00,00,
-1778190065153217,00000280,false,Rx,0,8,3A,A3,8F,3F,29,8E,82,3D,
-1778190065152284,00000281,false,Rx,0,8,51,0B,DC,42,00,00,34,42,
-1778190065151259,00000380,false,Rx,0,8,00,00,00,00,00,00,00,00,
-1778190065150280,00000381,false,Rx,0,8,05,00,80,3F,00,00,00,00,
-1778190065128939,00000180,false,Rx,0,8,0D,00,01,00,00,00,00,00,
-1778190065128007,00000280,false,Rx,0,8,3A,A3,8F,3F,29,8E,82,3D,
-1778190065127078,00000281,false,Rx,0,8,51,0B,DC,42,00,00,34,42,
-1778190065126050,00000380,false,Rx,0,8,00,00,00,00,00,00,00,00,
-1778190065125070,00000381,false,Rx,0,8,05,00,80,3F,00,00,00,00,
-1778190065108297,00000180,false,Rx,0,8,0D,00,01,00,00,00,00,00,
-1778190065107353,00000280,false,Rx,0,8,24,5E,8F,3F,8F,0B,81,3D,
-1778190065106420,00000281,false,Rx,0,8,51,0B,DC,42,00,00,34,42,
-1778190065105394,00000380,false,Rx,0,8,00,00,00,00,00,00,00,00,
-1778190065104415,00000381,false,Rx,0,8,05,00,80,3F,00,00,00,00,
-1778190065085412,00000180,false,Rx,0,8,0D,00,01,00,00,00,00,00,
-1778190065084464,00000280,false,Rx,0,8,24,5E,8F,3F,8F,0B,81,3D,
-1778190065083531,00000281,false,Rx,0,8,51,0B,DC,42,00,00,34,42,
-1778190065082506,00000380,false,Rx,0,8,00,00,00,00,00,00,00,00,
-1778190065081527,00000381,false,Rx,0,8,05,00,80,3F,00,00,00,00,
-1778190065064753,00000180,false,Rx,0,8,0D,00,01,00,00,00,00,00,
-1778190065063805,00000280,false,Rx,0,8,82,1C,8F,3F,02,DD,81,3D,
-1778190065062876,00000281,false,Rx,0,8,51,0B,DC,42,00,00,34,42,
-1778190065061847,00000380,false,Rx,0,8,00,00,00,00,00,00,00,00,
-1778190065060868,00000381,false,Rx,0,8,05,00,80,3F,00,00,00,00,
-1778190065041857,00000180,false,Rx,0,8,0D,00,01,00,00,00,00,00,
-1778190065040909,00000280,false,Rx,0,8,82,1C,8F,3F,02,DD,81,3D,
-1778190065039980,00000281,false,Rx,0,8,51,0B,DC,42,00,00,34,42,
-1778190065038950,00000380,false,Rx,0,8,00,00,00,00,00,00,00,00,
-1778190065037972,00000381,false,Rx,0,8,05,00,80,3F,00,00,00,00,
-1778190065021209,00000180,false,Rx,0,8,0D,00,01,00,00,00,00,00,
-1778190065020261,00000280,false,Rx,0,8,28,DE,8E,3F,9F,83,81,3D,
-1778190065019328,00000281,false,Rx,0,8,51,0B,DC,42,00,00,34,42,
-1778190065018302,00000380,false,Rx,0,8,00,00,00,00,00,00,00,00,
-1778190065017324,00000381,false,Rx,0,8,05,00,80,3F,00,00,00,00,
-1778190064998288,00000180,false,Rx,0,8,0D,00,01,00,00,00,00,00,
-1778190064997340,00000280,false,Rx,0,8,28,DE,8E,3F,9F,83,81,3D,
-1778190064996311,00000281,false,Rx,0,8,51,0B,DC,42,00,00,34,42,
-1778190064995281,00000380,false,Rx,0,8,00,00,00,00,00,00,00,00,
-1778190064994302,00000381,false,Rx,0,8,05,00,80,3F,00,00,00,00,
-1778190064973234,00000180,false,Rx,0,8,0D,00,01,00,00,00,00,00,
-1778190064972290,00000280,false,Rx,0,8,28,DE,8E,3F,9F,83,81,3D,
-1778190064971357,00000281,false,Rx,0,8,51,0B,DC,42,00,00,34,42,
-1778190064970328,00000380,false,Rx,0,8,00,00,00,00,00,00,00,00,
-1778190064969349,00000381,false,Rx,0,8,05,00,80,3F,00,00,00,00,
-1778190064952570,00000180,false,Rx,0,8,0D,00,01,00,00,00,00,00,
-1778190064951630,00000280,false,Rx,0,8,ED,A2,8E,3F,11,4F,82,3D,
-1778190064950701,00000281,false,Rx,0,8,51,0B,DC,42,00,00,34,42,
-1778190064949672,00000380,false,Rx,0,8,00,00,00,00,00,00,00,00,
-1778190064948697,00000381,false,Rx,0,8,05,00,80,3F,00,00,00,00,
-1778190064929682,00000180,false,Rx,0,8,0D,00,01,00,00,00,00,00,
-1778190064928746,00000280,false,Rx,0,8,ED,A2,8E,3F,11,4F,82,3D,
-1778190064927813,00000281,false,Rx,0,8,51,0B,DC,42,00,00,34,42,
-1778190064926784,00000380,false,Rx,0,8,00,00,00,00,00,00,00,00,
-1778190064925805,00000381,false,Rx,0,8,05,00,80,3F,00,00,00,00,
-1778190064909027,00000180,false,Rx,0,8,0D,00,01,00,00,00,00,00,
-1778190064908072,00000280,false,Rx,0,8,A7,6A,8E,3F,FA,EF,81,3D,
-1778190064907139,00000281,false,Rx,0,8,51,0B,DC,42,00,00,34,42,
-1778190064906113,00000380,false,Rx,0,8,00,00,00,00,00,00,00,00,
-1778190064905134,00000381,false,Rx,0,8,05,00,80,3F,00,00,00,00,
-1778190064886135,00000180,false,Rx,0,8,0D,00,01,00,00,00,00,00,
-1778190064885182,00000280,false,Rx,0,8,A7,6A,8E,3F,FA,EF,81,3D,
-1778190064884249,00000281,false,Rx,0,8,51,0B,DC,42,00,00,34,42,
-1778190064883221,00000380,false,Rx,0,8,00,00,00,00,00,00,00,00,
-1778190064882246,00000381,false,Rx,0,8,05,00,80,3F,00,00,00,00,
-1778190064865479,00000180,false,Rx,0,8,0D,00,01,00,00,00,00,00,
-1778190064864539,00000280,false,Rx,0,8,32,35,8E,3F,01,B6,82,3D,
-1778190064863609,00000281,false,Rx,0,8,51,0B,DC,42,00,00,34,42,
-1778190064862581,00000380,false,Rx,0,8,00,00,00,00,00,00,00,00,
-1778190064861602,00000381,false,Rx,0,8,05,00,80,3F,00,00,00,00,
-1778190064845113,00000180,false,Rx,0,8,0D,00,01,00,00,00,00,00,
-1778190064844172,00000280,false,Rx,0,8,32,35,8E,3F,01,B6,82,3D,
-1778190064843244,00000281,false,Rx,0,8,51,0B,DC,42,00,00,34,42,
-1778190064842214,00000380,false,Rx,0,8,00,00,00,00,00,00,00,00,
-1778190064841235,00000381,false,Rx,0,8,05,00,80,3F,00,00,00,00,
-1778190064819821,00000180,false,Rx,0,8,0D,00,01,00,00,00,00,00,
-1778190064818885,00000280,false,Rx,0,8,32,35,8E,3F,01,B6,82,3D,
-1778190064817952,00000281,false,Rx,0,8,51,0B,DC,42,00,00,34,42,
-1778190064816927,00000380,false,Rx,0,8,00,00,00,00,00,00,00,00,
-1778190064815948,00000381,false,Rx,0,8,05,00,80,3F,00,00,00,00,
-1778190064799159,00000180,false,Rx,0,8,0D,00,01,00,00,00,00,00,
-1778190064798225,00000280,false,Rx,0,8,69,02,8E,3F,C5,51,82,3D,
-1778190064797296,00000281,false,Rx,0,8,51,0B,DC,42,00,00,34,42,
-1778190064796268,00000380,false,Rx,0,8,00,00,00,00,00,00,00,00,
-1778190064795191,00000381,false,Rx,0,8,05,00,80,3F,00,00,00,00,
-1778190064776254,00000180,false,Rx,0,8,0D,00,01,00,00,00,00,00,
-1778190064775321,00000280,false,Rx,0,8,69,02,8E,3F,C5,51,82,3D,
-1778190064774293,00000281,false,Rx,0,8,51,0B,DC,42,00,00,34,42,
-1778190064773263,00000380,false,Rx,0,8,00,00,00,00,00,00,00,00,
-1778190064772284,00000381,false,Rx,0,8,05,00,80,3F,00,00,00,00,
-1778190064755611,00000180,false,Rx,0,8,0D,00,01,00,00,00,00,00,
-1778190064754583,00000280,false,Rx,0,8,2A,D2,8D,3F,43,33,84,3D,
-1778190064753650,00000281,false,Rx,0,8,51,0B,DC,42,00,00,34,42,
-1778190064752622,00000380,false,Rx,0,8,00,00,00,00,00,00,00,00,
-1778190064751645,00000381,false,Rx,0,8,05,00,80,3F,00,00,00,00,
-1778190064732616,00000180,false,Rx,0,8,0D,00,01,00,00,00,00,00,
-1778190064731683,00000280,false,Rx,0,8,2A,D2,8D,3F,43,33,84,3D,
-1778190064730754,00000281,false,Rx,0,8,51,0B,DC,42,00,00,34,42,
-1778190064729725,00000380,false,Rx,0,8,00,00,00,00,00,00,00,00,
-1778190064728746,00000381,false,Rx,0,8,05,00,80,3F,00,00,00,00,
-1778190064709839,00000180,false,Rx,0,8,0D,00,01,00,00,00,00,00,
-1778190064708905,00000280,false,Rx,0,8,2A,D2,8D,3F,43,33,84,3D,
-1778190064707977,00000281,false,Rx,0,8,51,0B,DC,42,00,00,34,42,
-1778190064706948,00000380,false,Rx,0,8,00,00,00,00,00,00,00,00,
-1778190064705969,00000381,false,Rx,0,8,05,00,80,3F,00,00,00,00,
-1778190064688982,00000180,false,Rx,0,8,0D,00,01,00,00,00,00,00,
-1778190064688057,00000280,false,Rx,0,8,55,A4,8D,3F,9B,9B,82,3D,
-1778190064687129,00000281,false,Rx,0,8,51,0B,DC,42,00,00,34,42,
-1778190064686099,00000380,false,Rx,0,8,00,00,00,00,00,00,00,00,
-1778190064685120,00000381,false,Rx,0,8,05,00,80,3F,00,00,00,00,
-1778190064666078,00000180,false,Rx,0,8,0D,00,01,00,00,00,00,00,
-1778190064665153,00000280,false,Rx,0,8,55,A4,8D,3F,9B,9B,82,3D,
-1778190064664220,00000281,false,Rx,0,8,51,0B,DC,42,00,00,34,42,
-1778190064663196,00000380,false,Rx,0,8,00,00,00,00,00,00,00,00,
-1778190064662216,00000381,false,Rx,0,8,05,00,80,3F,00,00,00,00,
-1778190064643027,00000180,false,Rx,0,8,0D,00,01,00,00,00,00,00,
-1778190064642102,00000280,false,Rx,0,8,CA,78,8D,3F,55,18,81,3D,
-1778190064641173,00000281,false,Rx,0,8,51,0B,DC,42,00,00,34,42,
-1778190064640145,00000380,false,Rx,0,8,00,00,00,00,00,00,00,00,
-1778190064639165,00000381,false,Rx,0,8,05,00,80,3F,00,00,00,00,
-1778190064620120,00000180,false,Rx,0,8,0D,00,01,00,00,00,00,00,
-1778190064619199,00000280,false,Rx,0,8,CA,78,8D,3F,55,18,81,3D,
-1778190064618269,00000281,false,Rx,0,8,51,0B,DC,42,00,00,34,42,
-1778190064617240,00000380,false,Rx,0,8,00,00,00,00,00,00,00,00,
-1778190064616262,00000381,false,Rx,0,8,05,00,80,3F,00,00,00,00,
-1778190064599472,00000180,false,Rx,0,8,0D,00,01,00,00,00,00,00,
-1778190064598542,00000280,false,Rx,0,8,6D,4F,8D,3F,24,E9,81,3D,
-1778190064597609,00000281,false,Rx,0,8,51,0B,DC,42,00,00,34,42,
-1778190064596584,00000380,false,Rx,0,8,00,00,00,00,00,00,00,00,
-1778190064595606,00000381,false,Rx,0,8,05,00,80,3F,00,00,00,00,
-1778190064576567,00000180,false,Rx,0,8,0D,00,01,00,00,00,00,00,
-1778190064575635,00000280,false,Rx,0,8,6D,4F,8D,3F,24,E9,81,3D,
-1778190064574706,00000281,false,Rx,0,8,51,0B,DC,42,00,00,34,42,
-1778190064573676,00000380,false,Rx,0,8,00,00,00,00,00,00,00,00,
-1778190064572599,00000381,false,Rx,0,8,05,00,80,3F,00,00,00,00,
-1778190064553814,00000180,false,Rx,0,8,0D,00,01,00,00,00,00,00,
-1778190064552784,00000280,false,Rx,0,8,6D,4F,8D,3F,24,E9,81,3D,
-1778190064551850,00000281,false,Rx,0,8,51,0B,DC,42,00,00,34,42,
-1778190064550827,00000380,false,Rx,0,8,00,00,00,00,00,00,00,00,
-1778190064549846,00000381,false,Rx,0,8,05,00,80,3F,00,00,00,00,
-1778190064533057,00000180,false,Rx,0,8,0D,00,01,00,00,00,00,00,
-1778190064532118,00000280,false,Rx,0,8,21,28,8D,3F,26,8F,81,3D,
-1778190064531187,00000281,false,Rx,0,8,51,0B,DC,42,00,00,34,42,
-1778190064530162,00000380,false,Rx,0,8,00,00,00,00,00,00,00,00,
-1778190064529183,00000381,false,Rx,0,8,05,00,80,3F,00,00,00,00,
-1778190064510162,00000180,false,Rx,0,8,0D,00,01,00,00,00,00,00,
-1778190064509222,00000280,false,Rx,0,8,21,28,8D,3F,26,8F,81,3D,
-1778190064508289,00000281,false,Rx,0,8,51,0B,DC,42,00,00,34,42,
-1778190064507263,00000380,false,Rx,0,8,00,00,00,00,00,00,00,00,
-1778190064506285,00000381,false,Rx,0,8,05,00,80,3F,00,00,00,00,
-1778190064487303,00000180,false,Rx,0,8,0D,00,01,00,00,00,00,00,
-1778190064486363,00000280,false,Rx,0,8,CC,02,8D,3F,04,5A,82,3D,
-1778190064485434,00000281,false,Rx,0,8,51,0B,DC,42,00,00,34,42,
-1778190064484406,00000380,false,Rx,0,8,00,00,00,00,00,00,00,00,
-1778190064483426,00000381,false,Rx,0,8,05,00,80,3F,00,00,00,00,
-1778190064464392,00000180,false,Rx,0,8,0D,00,01,00,00,00,00,00,
-1778190064463450,00000280,false,Rx,0,8,CC,02,8D,3F,04,5A,82,3D,
-1778190064462522,00000281,false,Rx,0,8,51,0B,DC,42,00,00,34,42,
-1778190064461493,00000380,false,Rx,0,8,00,00,00,00,00,00,00,00,
-1778190064460513,00000381,false,Rx,0,8,05,00,80,3F,00,00,00,00,
-1778190064443750,00000180,false,Rx,0,8,0D,00,01,00,00,00,00,00,
-1778190064442802,00000280,false,Rx,0,8,55,DF,8C,3F,06,DA,80,3D,
-1778190064441873,00000281,false,Rx,0,8,51,0B,DC,42,00,00,34,42,
-1778190064440845,00000380,false,Rx,0,8,00,00,00,00,00,00,00,00,
-1778190064439865,00000381,false,Rx,0,8,05,00,80,3F,00,00,00,00,
-1778190064420862,00000180,false,Rx,0,8,0D,00,01,00,00,00,00,00,
-1778190064419913,00000280,false,Rx,0,8,55,DF,8C,3F,06,DA,80,3D,
-1778190064418981,00000281,false,Rx,0,8,51,0B,DC,42,00,00,34,42,
-1778190064417956,00000380,false,Rx,0,8,00,00,00,00,00,00,00,00,
-1778190064416977,00000381,false,Rx,0,8,05,00,80,3F,00,00,00,00,
-1778190064398084,00000180,false,Rx,0,8,0D,00,01,00,00,00,00,00,
-1778190064397136,00000280,false,Rx,0,8,55,DF,8C,3F,06,DA,80,3D,
-1778190064396204,00000281,false,Rx,0,8,51,0B,DC,42,00,00,34,42,
-1778190064395178,00000380,false,Rx,0,8,00,00,00,00,00,00,00,00,
-1778190064394199,00000381,false,Rx,0,8,05,00,80,3F,00,00,00,00,
-1778190064377417,00000180,false,Rx,0,8,0D,00,01,00,00,00,00,00,
-1778190064376489,00000280,false,Rx,0,8,A4,BD,8C,3F,F2,AD,81,3D,
-1778190064375556,00000281,false,Rx,0,8,51,0B,DC,42,00,00,34,42,
-1778190064374530,00000380,false,Rx,0,8,00,00,00,00,00,00,00,00,
-1778190064373552,00000381,false,Rx,0,8,05,00,80,3F,00,00,00,00,
-1778190064354521,00000180,false,Rx,0,8,0D,00,01,00,00,00,00,00,
-1778190064353588,00000280,false,Rx,0,8,A4,BD,8C,3F,F2,AD,81,3D,
-1778190064352660,00000281,false,Rx,0,8,51,0B,DC,42,00,00,34,42,
-1778190064351531,00000380,false,Rx,0,8,00,00,00,00,00,00,00,00,
-1778190064350552,00000381,false,Rx,0,8,05,00,80,3F,00,00,00,00,
-1778190064331663,00000180,false,Rx,0,8,0D,00,01,00,00,00,00,00,
-1778190064330639,00000280,false,Rx,0,8,A2,9D,8C,3F,EA,56,81,3D,
-1778190064329710,00000281,false,Rx,0,8,51,0B,DC,42,00,00,34,42,
-1778190064328683,00000380,false,Rx,0,8,00,00,00,00,00,00,00,00,
-1778190064327701,00000381,false,Rx,0,8,05,00,80,3F,00,00,00,00,
-1778190064308683,00000180,false,Rx,0,8,0D,00,01,00,00,00,00,00,
-1778190064307758,00000280,false,Rx,0,8,A2,9D,8C,3F,EA,56,81,3D,
-1778190064306830,00000281,false,Rx,0,8,51,0B,DC,42,00,00,34,42,
-1778190064305801,00000380,false,Rx,0,8,00,00,00,00,00,00,00,00,
-1778190064304821,00000381,false,Rx,0,8,05,00,80,3F,00,00,00,00,
-1778190064288023,00000180,false,Rx,0,8,0D,00,01,00,00,00,00,00,
-1778190064287079,00000280,false,Rx,0,8,3A,7F,8C,3F,98,24,82,3D,
-1778190064286147,00000281,false,Rx,0,8,51,0B,DC,42,00,00,34,42,
-1778190064285121,00000380,false,Rx,0,8,00,00,00,00,00,00,00,00,
-1778190064284142,00000381,false,Rx,0,8,05,00,80,3F,00,00,00,00,
-1778190064267650,00000180,false,Rx,0,8,0D,00,01,00,00,00,00,00,
-1778190064266701,00000280,false,Rx,0,8,3A,7F,8C,3F,98,24,82,3D,
-1778190064265772,00000281,false,Rx,0,8,51,0B,DC,42,00,00,34,42,
-1778190064264743,00000380,false,Rx,0,8,00,00,00,00,00,00,00,00,
-1778190064263765,00000381,false,Rx,0,8,05,00,80,3F,00,00,00,00,
-1778190064244945,00000180,false,Rx,0,8,0D,00,01,00,00,00,00,00,
-1778190064243996,00000280,false,Rx,0,8,3A,7F,8C,3F,98,24,82,3D,
-1778190064243063,00000281,false,Rx,0,8,51,0B,DC,42,00,00,34,42,
-1778190064242038,00000380,false,Rx,0,8,00,00,00,00,00,00,00,00,
-1778190064241060,00000381,false,Rx,0,8,05,00,80,3F,00,00,00,00,
-1778190064224500,00000180,false,Rx,0,8,0D,00,01,00,00,00,00,00,
-1778190064223571,00000280,false,Rx,0,8,57,62,8C,3F,46,A7,80,3D,
-1778190064222638,00000281,false,Rx,0,8,51,0B,DC,42,00,00,34,42,
-1778190064221613,00000380,false,Rx,0,8,00,00,00,00,00,00,00,00,
-1778190064220634,00000381,false,Rx,0,8,05,00,80,3F,00,00,00,00,
-1778190064201803,00000180,false,Rx,0,8,0D,00,01,00,00,00,00,00,
-1778190064200874,00000280,false,Rx,0,8,57,62,8C,3F,46,A7,80,3D,
-1778190064199942,00000281,false,Rx,0,8,51,0B,DC,42,00,00,34,42,
-1778190064198917,00000380,false,Rx,0,8,00,00,00,00,00,00,00,00,
-1778190064197936,00000381,false,Rx,0,8,05,00,80,3F,00,00,00,00,
-1778190064181355,00000180,false,Rx,0,8,0D,00,01,00,00,00,00,00,
-1778190064180418,00000280,false,Rx,0,8,E6,46,8C,3F,BC,7D,81,3D,
-1778190064179486,00000281,false,Rx,0,8,51,0B,DC,42,00,00,34,42,
-1778190064178456,00000380,false,Rx,0,8,00,00,00,00,00,00,00,00,
-1778190064177477,00000381,false,Rx,0,8,05,00,80,3F,00,00,00,00,
-1778190064156259,00000180,false,Rx,0,8,0D,00,01,00,00,00,00,00,
-1778190064155319,00000280,false,Rx,0,8,E6,46,8C,3F,BC,7D,81,3D,
-1778190064154386,00000281,false,Rx,0,8,51,0B,DC,42,00,00,34,42,
-1778190064153361,00000380,false,Rx,0,8,00,00,00,00,00,00,00,00,
-1778190064152382,00000381,false,Rx,0,8,05,00,80,3F,00,00,00,00,
-1778190064133682,00000180,false,Rx,0,8,0D,00,01,00,00,00,00,00,
-1778190064132745,00000280,false,Rx,0,8,E6,46,8C,3F,BC,7D,81,3D,
-1778190064131812,00000281,false,Rx,0,8,51,0B,DC,42,00,00,34,42,
-1778190064130884,00000380,false,Rx,0,8,00,00,00,00,00,00,00,00,
-1778190064129906,00000381,false,Rx,0,8,05,00,80,3F,00,00,00,00,
-1778190064113222,00000180,false,Rx,0,8,0D,00,01,00,00,00,00,00,
-1778190064112286,00000280,false,Rx,0,8,D4,2C,8C,3F,C1,08,80,3D,
-1778190064111353,00000281,false,Rx,0,8,51,0B,DC,42,00,00,34,42,
-1778190064110428,00000380,false,Rx,0,8,00,00,00,00,00,00,00,00,
-1778190064109446,00000381,false,Rx,0,8,05,00,80,3F,00,00,00,00,
-1778190064090604,00000180,false,Rx,0,8,0D,00,01,00,00,00,00,00,
-1778190064089664,00000280,false,Rx,0,8,D4,2C,8C,3F,C1,08,80,3D,
-1778190064088731,00000281,false,Rx,0,8,51,0B,DC,42,00,00,34,42,
-1778190064087706,00000380,false,Rx,0,8,00,00,00,00,00,00,00,00,
-1778190064086727,00000381,false,Rx,0,8,05,00,80,3F,00,00,00,00,
-1778190064070168,00000180,false,Rx,0,8,0D,00,01,00,00,00,00,00,
-1778190064069231,00000280,false,Rx,0,8,10,14,8C,3F,24,E7,80,3D,
-1778190064068299,00000281,false,Rx,0,8,51,0B,DC,42,00,00,34,42,
-1778190064067270,00000380,false,Rx,0,8,00,00,00,00,00,00,00,00,
-1778190064066290,00000381,false,Rx,0,8,05,00,80,3F,00,00,00,00,
-1778190064047479,00000180,false,Rx,0,8,0D,00,01,00,00,00,00,00,
-1778190064046543,00000280,false,Rx,0,8,10,14,8C,3F,24,E7,80,3D,
-1778190064045609,00000281,false,Rx,0,8,51,0B,DC,42,00,00,34,42,
-1778190064044584,00000380,false,Rx,0,8,00,00,00,00,00,00,00,00,
-1778190064043606,00000381,false,Rx,0,8,05,00,80,3F,00,00,00,00,
-1778190064027016,00000180,false,Rx,0,8,0D,00,01,00,00,00,00,00,
-1778190064026083,00000280,false,Rx,0,8,89,FC,8B,3F,0D,9A,80,3D,
-1778190064025154,00000281,false,Rx,0,8,51,0B,DC,42,00,00,34,42,
-1778190064024125,00000380,false,Rx,0,8,00,00,00,00,00,00,00,00,
-1778190064023146,00000381,false,Rx,0,8,05,00,80,3F,00,00,00,00,
-1778190063994067,00000180,false,Rx,0,8,0D,00,01,00,00,00,00,00,
-1778190063993135,00000280,false,Rx,0,8,89,FC,8B,3F,0D,9A,80,3D,
-1778190063992206,00000281,false,Rx,0,8,51,0B,DC,42,00,00,34,42,
-1778190063991279,00000380,false,Rx,0,8,00,00,00,00,00,00,00,00,
-1778190063990299,00000381,false,Rx,0,8,05,00,80,3F,00,00,00,00,
-1778190063971389,00000180,false,Rx,0,8,0D,00,01,00,00,00,00,00,
-1778190063970459,00000280,false,Rx,0,8,89,FC,8B,3F,0D,9A,80,3D,
-1778190063969527,00000281,false,Rx,0,8,51,0B,DC,42,00,00,34,42,
-1778190063968501,00000380,false,Rx,0,8,00,00,00,00,00,00,00,00,
-1778190063967520,00000381,false,Rx,0,8,05,00,80,3F,00,00,00,00,
-1778190063950955,00000180,false,Rx,0,8,0D,00,01,00,00,00,00,00,
-1778190063950018,00000280,false,Rx,0,8,2F,E6,8B,3F,2C,71,81,3D,
-1778190063949086,00000281,false,Rx,0,8,51,0B,DC,42,00,00,34,42,
-1778190063948060,00000380,false,Rx,0,8,00,00,00,00,00,00,00,00,
-1778190063947081,00000381,false,Rx,0,8,05,00,80,3F,00,00,00,00,
-1778190063928235,00000180,false,Rx,0,8,0D,00,01,00,00,00,00,00,
-1778190063927294,00000280,false,Rx,0,8,2F,E6,8B,3F,2C,71,81,3D,
-1778190063926365,00000281,false,Rx,0,8,51,0B,DC,42,00,00,34,42,
-1778190063925337,00000380,false,Rx,0,8,00,00,00,00,00,00,00,00,
-1778190063924358,00000381,false,Rx,0,8,05,00,80,3F,00,00,00,00,
-1778190063907610,00000180,false,Rx,0,8,0D,00,01,00,00,00,00,00,
-1778190063906678,00000280,false,Rx,0,8,99,6C,90,3F,2E,1D,81,3D,
-1778190063905749,00000281,false,Rx,0,8,51,0B,DC,42,00,00,34,42,
-1778190063904719,00000380,false,Rx,0,8,00,00,00,00,00,00,00,00,
-1778190063903740,00000381,false,Rx,0,8,05,00,80,3F,00,00,00,00,
-1778190063884886,00000180,false,Rx,0,8,0D,00,01,00,00,00,00,00,
-1778190063883957,00000280,false,Rx,0,8,99,6C,90,3F,2E,1D,81,3D,
-1778190063883025,00000281,false,Rx,0,8,51,0B,DC,42,00,00,34,42,
-1778190063882000,00000380,false,Rx,0,8,00,00,00,00,00,00,00,00,
-1778190063881020,00000381,false,Rx,0,8,05,00,80,3F,00,00,00,00,
-1778190063864461,00000180,false,Rx,0,8,0D,00,01,00,00,00,00,00,
-1778190063863525,00000280,false,Rx,0,8,72,1D,90,3F,BF,ED,81,3D,
-1778190063862592,00000281,false,Rx,0,8,51,0B,DC,42,00,00,34,42,
-1778190063861568,00000380,false,Rx,0,8,00,00,00,00,00,00,00,00,
-1778190063860588,00000381,false,Rx,0,8,05,00,80,3F,00,00,00,00,
-1778190063839505,00000180,false,Rx,0,8,0D,00,01,00,00,00,00,00,
-1778190063838564,00000280,false,Rx,0,8,72,1D,90,3F,BF,ED,81,3D,
-1778190063837632,00000281,false,Rx,0,8,51,0B,DC,42,00,00,34,42,
-1778190063836606,00000380,false,Rx,0,8,00,00,00,00,00,00,00,00,
-1778190063835627,00000381,false,Rx,0,8,05,00,80,3F,00,00,00,00,
-1778190063816750,00000180,false,Rx,0,8,0D,00,01,00,00,00,00,00,
-1778190063815810,00000280,false,Rx,0,8,72,1D,90,3F,BF,ED,81,3D,
-1778190063814881,00000281,false,Rx,0,8,51,0B,DC,42,00,00,34,42,
-1778190063813853,00000380,false,Rx,0,8,00,00,00,00,00,00,00,00,
-1778190063812873,00000381,false,Rx,0,8,05,00,80,3F,00,00,00,00,
-1778190063796125,00000180,false,Rx,0,8,0D,00,01,00,00,00,00,00,
-1778190063795177,00000280,false,Rx,0,8,3F,D2,8F,3F,2A,73,80,3D,
-1778190063794249,00000281,false,Rx,0,8,51,0B,DC,42,00,00,34,42,
-1778190063793219,00000380,false,Rx,0,8,00,00,00,00,00,00,00,00,
-1778190063792240,00000381,false,Rx,0,8,05,00,80,3F,00,00,00,00,
-1778190063773402,00000180,false,Rx,0,8,0D,00,01,00,00,00,00,00,
-1778190063772458,00000280,false,Rx,0,8,3F,D2,8F,3F,2A,73,80,3D,
-1778190063771627,00000281,false,Rx,0,8,51,0B,DC,42,00,00,34,42,
-1778190063770598,00000380,false,Rx,0,8,00,00,00,00,00,00,00,00,
-1778190063769618,00000381,false,Rx,0,8,05,00,80,3F,00,00,00,00,
-1778190063752776,00000180,false,Rx,0,8,0D,00,01,00,00,00,00,00,
-1778190063751848,00000280,false,Rx,0,8,CF,8A,8F,3F,3B,4C,81,3D,
-1778190063751016,00000281,false,Rx,0,8,51,0B,DC,42,00,00,34,42,
-1778190063749986,00000380,false,Rx,0,8,00,00,00,00,00,00,00,00,
-1778190063749007,00000381,false,Rx,0,8,05,00,80,3F,00,00,00,00,
-1778190063730163,00000180,false,Rx,0,8,0D,00,01,00,00,00,00,00,
-1778190063729235,00000280,false,Rx,0,8,CF,8A,8F,3F,3B,4C,81,3D,
-1778190063728302,00000281,false,Rx,0,8,51,0B,DC,42,00,00,34,42,
-1778190063727277,00000380,false,Rx,0,8,00,00,00,00,00,00,00,00,
-1778190063726298,00000381,false,Rx,0,8,05,00,80,3F,00,00,00,00,
-1778190063709730,00000180,false,Rx,0,8,0D,00,01,00,00,00,00,00,
-1778190063708802,00000280,false,Rx,0,8,F2,46,8F,3F,16,FA,80,3D,
-1778190063707869,00000281,false,Rx,0,8,51,0B,DC,42,00,00,34,42,
-1778190063706844,00000380,false,Rx,0,8,00,00,00,00,00,00,00,00,
-1778190063705866,00000381,false,Rx,0,8,05,00,80,3F,00,00,00,00,
-1778190063687166,00000180,false,Rx,0,8,0D,00,01,00,00,00,00,00,
-1778190063686232,00000280,false,Rx,0,8,F2,46,8F,3F,16,FA,80,3D,
-1778190063685300,00000281,false,Rx,0,8,51,0B,DC,42,00,00,34,42,
-1778190063684275,00000380,false,Rx,0,8,00,00,00,00,00,00,00,00,
-1778190063683296,00000381,false,Rx,0,8,05,00,80,3F,00,00,00,00,
-1778190063664419,00000180,false,Rx,0,8,0D,00,01,00,00,00,00,00,
-1778190063663487,00000280,false,Rx,0,8,F2,46,8F,3F,16,FA,80,3D,
-1778190063662554,00000281,false,Rx,0,8,51,0B,DC,42,00,00,34,42,
-1778190063661528,00000380,false,Rx,0,8,00,00,00,00,00,00,00,00,
-1778190063660550,00000381,false,Rx,0,8,05,00,80,3F,00,00,00,00,
-1778190063643810,00000180,false,Rx,0,8,0D,00,01,00,00,00,00,00,
-1778190063642877,00000280,false,Rx,0,8,79,06,8F,3F,68,CC,81,3D,
-1778190063641947,00000281,false,Rx,0,8,51,0B,DC,42,00,00,34,42,
-1778190063640919,00000380,false,Rx,0,8,00,00,00,00,00,00,00,00,
-1778190063639940,00000381,false,Rx,0,8,05,00,80,3F,00,00,00,00,
-1778190063621063,00000180,false,Rx,0,8,0D,00,01,00,00,00,00,00,
-1778190063620134,00000280,false,Rx,0,8,79,06,8F,3F,68,CC,81,3D,
-1778190063619202,00000281,false,Rx,0,8,51,0B,DC,42,00,00,34,42,
-1778190063618176,00000380,false,Rx,0,8,00,00,00,00,00,00,00,00,
-1778190063617197,00000381,false,Rx,0,8,05,00,80,3F,00,00,00,00,
-1778190063600454,00000180,false,Rx,0,8,0D,00,01,00,00,00,00,00,
-1778190063599514,00000280,false,Rx,0,8,3A,C9,8E,3F,7E,53,80,3D,
-1778190063598584,00000281,false,Rx,0,8,51,0B,DC,42,00,00,34,42,
-1778190063597555,00000380,false,Rx,0,8,00,00,00,00,00,00,00,00,
-1778190063596576,00000381,false,Rx,0,8,05,00,80,3F,00,00,00,00,
-1778190063577718,00000180,false,Rx,0,8,0D,00,01,00,00,00,00,00,
-1778190063576778,00000280,false,Rx,0,8,3A,C9,8E,3F,7E,53,80,3D,
-1778190063575846,00000281,false,Rx,0,8,51,0B,DC,42,00,00,34,42,
-1778190063574821,00000380,false,Rx,0,8,00,00,00,00,00,00,00,00,
-1778190063573841,00000381,false,Rx,0,8,05,00,80,3F,00,00,00,00,
-1778190063554927,00000180,false,Rx,0,8,0D,00,01,00,00,00,00,00,
-1778190063553987,00000280,false,Rx,0,8,3A,C9,8E,3F,7E,53,80,3D,
-1778190063553054,00000281,false,Rx,0,8,51,0B,DC,42,00,00,34,42,
-1778190063552028,00000380,false,Rx,0,8,00,00,00,00,00,00,00,00,
-1778190063551149,00000381,false,Rx,0,8,05,00,80,3F,00,00,00,00,
-1778190063534330,00000180,false,Rx,0,8,0D,00,01,00,00,00,00,00,
-1778190063533385,00000280,false,Rx,0,8,0A,8F,8E,3F,DA,DA,7D,3D,
-1778190063532453,00000281,false,Rx,0,8,51,0B,DC,42,00,00,34,42,
-1778190063531526,00000380,false,Rx,0,8,00,00,00,00,00,00,00,00,
-1778190063530545,00000381,false,Rx,0,8,05,00,80,3F,00,00,00,00,
-1778190063509286,00000180,false,Rx,0,8,0D,00,01,00,00,00,00,00,
-1778190063508338,00000280,false,Rx,0,8,0A,8F,8E,3F,DA,DA,7D,3D,
-1778190063507409,00000281,false,Rx,0,8,51,0B,DC,42,00,00,34,42,
-1778190063506379,00000380,false,Rx,0,8,00,00,00,00,00,00,00,00,
-1778190063505401,00000381,false,Rx,0,8,05,00,80,3F,00,00,00,00,
-1778190063488683,00000180,false,Rx,0,8,0D,00,01,00,00,00,00,00,
-1778190063487747,00000280,false,Rx,0,8,C3,57,8E,3F,F5,B3,7F,3D,
-1778190063486814,00000281,false,Rx,0,8,51,0B,DC,42,00,00,34,42,
-1778190063485789,00000380,false,Rx,0,8,00,00,00,00,00,00,00,00,
-1778190063484810,00000381,false,Rx,0,8,05,00,80,3F,00,00,00,00,
-1778190063465941,00000180,false,Rx,0,8,0D,00,01,00,00,00,00,00,
-1778190063465000,00000280,false,Rx,0,8,C3,57,8E,3F,F5,B3,7F,3D,
-1778190063464071,00000281,false,Rx,0,8,51,0B,DC,42,00,00,34,42,
-1778190063463043,00000380,false,Rx,0,8,00,00,00,00,00,00,00,00,
-1778190063462064,00000381,false,Rx,0,8,05,00,80,3F,00,00,00,00,
-1778190063445338,00000180,false,Rx,0,8,0D,00,01,00,00,00,00,00,
-1778190063444383,00000280,false,Rx,0,8,40,23,8E,3F,F8,F3,7C,3D,
-1778190063443454,00000281,false,Rx,0,8,51,0B,DC,42,00,00,34,42,
-1778190063442425,00000380,false,Rx,0,8,00,00,00,00,00,00,00,00,
-1778190063441446,00000381,false,Rx,0,8,05,00,80,3F,00,00,00,00,
-1778190063422600,00000180,false,Rx,0,8,0D,00,01,00,00,00,00,00,
-1778190063421645,00000280,false,Rx,0,8,40,23,8E,3F,F8,F3,7C,3D,
-1778190063420716,00000281,false,Rx,0,8,51,0B,DC,42,00,00,34,42,
-1778190063419686,00000380,false,Rx,0,8,00,00,00,00,00,00,00,00,
-1778190063418708,00000381,false,Rx,0,8,05,00,80,3F,00,00,00,00,
-1778190063399832,00000180,false,Rx,0,8,0D,00,01,00,00,00,00,00,
-1778190063398879,00000280,false,Rx,0,8,40,23,8E,3F,F8,F3,7C,3D,
-1778190063397947,00000281,false,Rx,0,8,51,0B,DC,42,00,00,34,42,
-1778190063396921,00000380,false,Rx,0,8,00,00,00,00,00,00,00,00,
-1778190063395942,00000381,false,Rx,0,8,05,00,80,3F,00,00,00,00,
-1778190063379407,00000180,false,Rx,0,8,0D,00,01,00,00,00,00,00,
-1778190063378470,00000280,false,Rx,0,8,5D,F1,8D,3F,9E,D8,7E,3D,
-1778190063377538,00000281,false,Rx,0,8,51,0B,DC,42,00,00,34,42,
-1778190063376509,00000380,false,Rx,0,8,00,00,00,00,00,00,00,00,
-1778190063375529,00000381,false,Rx,0,8,05,00,80,3F,00,00,00,00,
-1778190063354440,00000180,false,Rx,0,8,0D,00,01,00,00,00,00,00,
-1778190063353500,00000280,false,Rx,0,8,5D,F1,8D,3F,9E,D8,7E,3D,
-1778190063352570,00000281,false,Rx,0,8,51,0B,DC,42,00,00,34,42,
-1778190063351644,00000380,false,Rx,0,8,00,00,00,00,00,00,00,00,
-1778190063350663,00000381,false,Rx,0,8,05,00,80,3F,00,00,00,00,
-1778190063333856,00000180,false,Rx,0,8,0D,00,01,00,00,00,00,00,
-1778190063332899,00000280,false,Rx,0,8,F8,C1,8D,3F,52,64,7E,3D,
-1778190063332067,00000281,false,Rx,0,8,51,0B,DC,42,00,00,34,42,
-1778190063331042,00000380,false,Rx,0,8,00,00,00,00,00,00,00,00,
-1778190063330063,00000381,false,Rx,0,8,05,00,80,3F,00,00,00,00,
-1778190063311208,00000180,false,Rx,0,8,0D,00,01,00,00,00,00,00,
-1778190063310253,00000280,false,Rx,0,8,F8,C1,8D,3F,52,64,7E,3D,
-1778190063309324,00000281,false,Rx,0,8,51,0B,DC,42,00,00,34,42,
-1778190063308295,00000380,false,Rx,0,8,00,00,00,00,00,00,00,00,
-1778190063307316,00000381,false,Rx,0,8,05,00,80,3F,00,00,00,00,
-1778190063290599,00000180,false,Rx,0,8,0D,00,01,00,00,00,00,00,
-1778190063289678,00000280,false,Rx,0,8,F2,94,8D,3F,47,1B,80,3D,
-1778190063288745,00000281,false,Rx,0,8,51,0B,DC,42,00,00,34,42,
-1778190063287720,00000380,false,Rx,0,8,00,00,00,00,00,00,00,00,
-1778190063286741,00000381,false,Rx,0,8,05,00,80,3F,00,00,00,00,
-1778190063270434,00000180,false,Rx,0,8,0D,00,01,00,00,00,00,00,
-1778190063269509,00000280,false,Rx,0,8,F2,94,8D,3F,47,1B,80,3D,
-1778190063268580,00000281,false,Rx,0,8,51,0B,DC,42,00,00,34,42,
-1778190063267550,00000380,false,Rx,0,8,00,00,00,00,00,00,00,00,
-1778190063266572,00000381,false,Rx,0,8,05,00,80,3F,00,00,00,00,
-1778190063247695,00000180,false,Rx,0,8,0D,00,01,00,00,00,00,00,
-1778190063246774,00000280,false,Rx,0,8,F2,94,8D,3F,47,1B,80,3D,
-1778190063245841,00000281,false,Rx,0,8,51,0B,DC,42,00,00,34,42,
-1778190063244816,00000380,false,Rx,0,8,00,00,00,00,00,00,00,00,
-1778190063243837,00000381,false,Rx,0,8,05,00,80,3F,00,00,00,00,
-1778190063226886,00000180,false,Rx,0,8,0D,00,01,00,00,00,00,00,
-1778190063225950,00000280,false,Rx,0,8,2C,6A,8D,3F,0A,70,7D,3D,
-1778190063225017,00000281,false,Rx,0,8,51,0B,DC,42,00,00,34,42,
-1778190063223991,00000380,false,Rx,0,8,00,00,00,00,00,00,00,00,
-1778190063223009,00000381,false,Rx,0,8,05,00,80,3F,00,00,00,00,
-1778190063201576,00000180,false,Rx,0,8,0D,00,01,00,00,00,00,00,
-1778190063200635,00000280,false,Rx,0,8,2C,6A,8D,3F,0A,70,7D,3D,
-1778190063199703,00000281,false,Rx,0,8,51,0B,DC,42,00,00,34,42,
-1778190063198676,00000380,false,Rx,0,8,00,00,00,00,00,00,00,00,
-1778190063197698,00000381,false,Rx,0,8,05,00,80,3F,00,00,00,00,
-1778190063180935,00000180,false,Rx,0,8,0D,00,01,00,00,00,00,00,
-1778190063179995,00000280,false,Rx,0,8,8A,41,8D,3F,7D,4E,7F,3D,
-1778190063179066,00000281,false,Rx,0,8,51,0B,DC,42,00,00,34,42,
-1778190063178037,00000380,false,Rx,0,8,00,00,00,00,00,00,00,00,
-1778190063177058,00000381,false,Rx,0,8,05,00,80,3F,00,00,00,00,
-1778190063158024,00000180,false,Rx,0,8,0D,00,01,00,00,00,00,00,
-1778190063157084,00000280,false,Rx,0,8,8A,41,8D,3F,7D,4E,7F,3D,
-1778190063156151,00000281,false,Rx,0,8,51,0B,DC,42,00,00,34,42,
-1778190063155127,00000380,false,Rx,0,8,00,00,00,00,00,00,00,00,
-1778190063154147,00000381,false,Rx,0,8,05,00,80,3F,00,00,00,00,
-1778190063137164,00000180,false,Rx,0,8,0D,00,01,00,00,00,00,00,
-1778190063136224,00000280,false,Rx,0,8,F0,1A,8D,3F,4B,D4,7E,3D,
-1778190063135295,00000281,false,Rx,0,8,51,0B,DC,42,00,00,34,42,
-1778190063134265,00000380,false,Rx,0,8,00,00,00,00,00,00,00,00,
-1778190063133287,00000381,false,Rx,0,8,05,00,80,3F,00,00,00,00,
-1778190063116821,00000180,false,Rx,0,8,0D,00,01,00,00,00,00,00,
-1778190063115881,00000280,false,Rx,0,8,F0,1A,8D,3F,4B,D4,7E,3D,
-1778190063114948,00000281,false,Rx,0,8,51,0B,DC,42,00,00,34,42,
-1778190063113923,00000380,false,Rx,0,8,00,00,00,00,00,00,00,00,
-1778190063112944,00000381,false,Rx,0,8,05,00,80,3F,00,00,00,00,
-1778190063093875,00000180,false,Rx,0,8,0D,00,01,00,00,00,00,00,
-1778190063092935,00000280,false,Rx,0,8,F0,1A,8D,3F,4B,D4,7E,3D,
-1778190063092006,00000281,false,Rx,0,8,51,0B,DC,42,00,00,34,42,
-1778190063090879,00000380,false,Rx,0,8,00,00,00,00,00,00,00,00,
-1778190063089898,00000381,false,Rx,0,8,05,00,80,3F,00,00,00,00,
-1778190063073065,00000180,false,Rx,0,8,0D,00,01,00,00,00,00,00,
-1778190063072136,00000280,false,Rx,0,8,44,F6,8C,3F,77,50,80,3D,
-1778190063071098,00000281,false,Rx,0,8,51,0B,DC,42,00,00,34,42,
-1778190063070077,00000380,false,Rx,0,8,00,00,00,00,00,00,00,00,
-1778190063069096,00000381,false,Rx,0,8,05,00,80,3F,00,00,00,00,
-1778190063050021,00000180,false,Rx,0,8,0D,00,01,00,00,00,00,00,
-1778190063049092,00000280,false,Rx,0,8,44,F6,8C,3F,77,50,80,3D,
-1778190063048160,00000281,false,Rx,0,8,51,0B,DC,42,00,00,34,42,
-1778190063047133,00000380,false,Rx,0,8,00,00,00,00,00,00,00,00,
-1778190063046155,00000381,false,Rx,0,8,05,00,80,3F,00,00,00,00,
-1778190063026820,00000180,false,Rx,0,8,0D,00,01,00,00,00,00,00,
-1778190063025879,00000280,false,Rx,0,8,6E,D3,8C,3F,E8,0A,80,3D,
-1778190063024950,00000281,false,Rx,0,8,51,0B,DC,42,00,00,34,42,
-1778190063023922,00000380,false,Rx,0,8,00,00,00,00,00,00,00,00,
-1778190063022943,00000381,false,Rx,0,8,05,00,80,3F,00,00,00,00,
-1778190063003866,00000180,false,Rx,0,8,0D,00,01,00,00,00,00,00,
-1778190063002930,00000280,false,Rx,0,8,6E,D3,8C,3F,E8,0A,80,3D,
-1778190063001997,00000281,false,Rx,0,8,51,0B,DC,42,00,00,34,42,
-1778190063000972,00000380,false,Rx,0,8,00,00,00,00,00,00,00,00,
-1778190062999989,00000381,false,Rx,0,8,05,00,80,3F,00,00,00,00,
-1778190062980881,00000180,false,Rx,0,8,0D,00,01,00,00,00,00,00,
-1778190062979945,00000280,false,Rx,0,8,6E,D3,8C,3F,E8,0A,80,3D,
-1778190062979011,00000281,false,Rx,0,8,51,0B,DC,42,00,00,34,42,
-1778190062977983,00000380,false,Rx,0,8,00,00,00,00,00,00,00,00,
-1778190062977004,00000381,false,Rx,0,8,05,00,80,3F,00,00,00,00,
-1778190062960087,00000180,false,Rx,0,8,0D,00,01,00,00,00,00,00,
-1778190062959165,00000280,false,Rx,0,8,56,B2,8C,3F,30,E9,80,3D,
-1778190062958233,00000281,false,Rx,0,8,51,0B,DC,42,00,00,34,42,
-1778190062957208,00000380,false,Rx,0,8,00,00,00,00,00,00,00,00,
-1778190062956229,00000381,false,Rx,0,8,05,00,80,3F,00,00,00,00,
-1778190062937166,00000180,false,Rx,0,8,0D,00,01,00,00,00,00,00,
-1778190062936245,00000280,false,Rx,0,8,56,B2,8C,3F,30,E9,80,3D,
-1778190062935313,00000281,false,Rx,0,8,51,0B,DC,42,00,00,34,42,
-1778190062934288,00000380,false,Rx,0,8,00,00,00,00,00,00,00,00,
-1778190062933308,00000381,false,Rx,0,8,05,00,80,3F,00,00,00,00,
-1778190062916535,00000180,false,Rx,0,8,0D,00,01,00,00,00,00,00,
-1778190062915598,00000280,false,Rx,0,8,E5,92,8C,3F,45,F7,7E,3D,
-1778190062914665,00000281,false,Rx,0,8,51,0B,DC,42,00,00,34,42,
-1778190062913640,00000380,false,Rx,0,8,00,00,00,00,00,00,00,00,
-1778190062912658,00000381,false,Rx,0,8,05,00,80,3F,00,00,00,00,
-1778190062893622,00000180,false,Rx,0,8,0D,00,01,00,00,00,00,00,
-1778190062892682,00000280,false,Rx,0,8,E5,92,8C,3F,45,F7,7E,3D,
-1778190062891754,00000281,false,Rx,0,8,51,0B,DC,42,00,00,34,42,
-1778190062890725,00000380,false,Rx,0,8,00,00,00,00,00,00,00,00,
-1778190062889745,00000381,false,Rx,0,8,05,00,80,3F,00,00,00,00,
-1778190062870589,00000180,false,Rx,0,8,0D,00,01,00,00,00,00,00,
-1778190062869657,00000280,false,Rx,0,8,06,75,8C,3F,14,61,80,3D,
-1778190062868626,00000281,false,Rx,0,8,51,0B,DC,42,00,00,34,42,
-1778190062867600,00000380,false,Rx,0,8,00,00,00,00,00,00,00,00,
-1778190062866621,00000381,false,Rx,0,8,05,00,80,3F,00,00,00,00,
-1778190062847555,00000180,false,Rx,0,8,0D,00,01,00,00,00,00,00,
-1778190062846622,00000280,false,Rx,0,8,06,75,8C,3F,14,61,80,3D,
-1778190062845693,00000281,false,Rx,0,8,51,0B,DC,42,00,00,34,42,
-1778190062844663,00000380,false,Rx,0,8,00,00,00,00,00,00,00,00,
-1778190062843685,00000381,false,Rx,0,8,05,00,80,3F,00,00,00,00,
-1778190062824585,00000180,false,Rx,0,8,0D,00,01,00,00,00,00,00,
-1778190062823652,00000280,false,Rx,0,8,06,75,8C,3F,14,61,80,3D,
-1778190062822723,00000281,false,Rx,0,8,51,0B,DC,42,00,00,34,42,
-1778190062821695,00000380,false,Rx,0,8,00,00,00,00,00,00,00,00,
-1778190062820715,00000381,false,Rx,0,8,05,00,80,3F,00,00,00,00,
-1778190062803764,00000180,false,Rx,0,8,0D,00,01,00,00,00,00,00,
-1778190062802843,00000280,false,Rx,0,8,A6,58,8C,3F,B1,1A,80,3D,
-1778190062801910,00000281,false,Rx,0,8,51,0B,DC,42,00,00,34,42,
-1778190062800885,00000380,false,Rx,0,8,00,00,00,00,00,00,00,00,
-1778190062799906,00000381,false,Rx,0,8,05,00,80,3F,00,00,00,00,
-1778190062780813,00000180,false,Rx,0,8,0D,00,01,00,00,00,00,00,
-1778190062779888,00000280,false,Rx,0,8,A6,58,8C,3F,B1,1A,80,3D,
-1778190062778959,00000281,false,Rx,0,8,51,0B,DC,42,00,00,34,42,
-1778190062777931,00000380,false,Rx,0,8,00,00,00,00,00,00,00,00,
-1778190062776951,00000381,false,Rx,0,8,05,00,80,3F,00,00,00,00,
-1778190062760019,00000180,false,Rx,0,8,0D,00,01,00,00,00,00,00,
-1778190062759091,00000280,false,Rx,0,8,B1,3D,8C,3F,2E,F8,80,3D,
-1778190062758158,00000281,false,Rx,0,8,51,0B,DC,42,00,00,34,42,
-1778190062757128,00000380,false,Rx,0,8,00,00,00,00,00,00,00,00,
-1778190062756150,00000381,false,Rx,0,8,05,00,80,3F,00,00,00,00,
-1778190062737075,00000180,false,Rx,0,8,0D,00,01,00,00,00,00,00,
-1778190062736143,00000280,false,Rx,0,8,B1,3D,8C,3F,2E,F8,80,3D,
-1778190062735210,00000281,false,Rx,0,8,51,0B,DC,42,00,00,34,42,
-1778190062734186,00000380,false,Rx,0,8,00,00,00,00,00,00,00,00,
-1778190062733207,00000381,false,Rx,0,8,05,00,80,3F,00,00,00,00,
-1778190062714056,00000180,false,Rx,0,8,0D,00,01,00,00,00,00,00,
-1778190062713128,00000280,false,Rx,0,8,15,24,8C,3F,3D,AA,80,3D,
-1778190062712194,00000281,false,Rx,0,8,51,0B,DC,42,00,00,34,42,
-1778190062711169,00000380,false,Rx,0,8,00,00,00,00,00,00,00,00,
-1778190062710191,00000381,false,Rx,0,8,05,00,80,3F,00,00,00,00,
-1778190062693682,00000180,false,Rx,0,8,0D,00,01,00,00,00,00,00,
-1778190062692748,00000280,false,Rx,0,8,15,24,8C,3F,3D,AA,80,3D,
-1778190062691820,00000281,false,Rx,0,8,51,0B,DC,42,00,00,34,42,
-1778190062690791,00000380,false,Rx,0,8,00,00,00,00,00,00,00,00,
-1778190062689812,00000381,false,Rx,0,8,05,00,80,3F,00,00,00,00,
-1778190062670762,00000180,false,Rx,0,8,0D,00,01,00,00,00,00,00,
-1778190062669830,00000280,false,Rx,0,8,15,24,8C,3F,3D,AA,80,3D,
-1778190062668897,00000281,false,Rx,0,8,51,0B,DC,42,00,00,34,42,
-1778190062667871,00000380,false,Rx,0,8,00,00,00,00,00,00,00,00,
-1778190062666792,00000381,false,Rx,0,8,05,00,80,3F,00,00,00,00,
-1778190062649935,00000180,false,Rx,0,8,0D,00,01,00,00,00,00,00,
-1778190062648987,00000280,false,Rx,0,8,C1,0B,8C,3F,8D,80,81,3D,
-1778190062648055,00000281,false,Rx,0,8,51,0B,DC,42,00,00,34,42,
-1778190062646928,00000380,false,Rx,0,8,00,00,00,00,00,00,00,00,
-1778190062645949,00000381,false,Rx,0,8,05,00,80,3F,00,00,00,00,
-1778190062626896,00000180,false,Rx,0,8,0D,00,01,00,00,00,00,00,
-1778190062625948,00000280,false,Rx,0,8,C1,0B,8C,3F,8D,80,81,3D,
-1778190062625016,00000281,false,Rx,0,8,51,0B,DC,42,00,00,34,42,
-1778190062623991,00000380,false,Rx,0,8,00,00,00,00,00,00,00,00,
-1778190062623013,00000381,false,Rx,0,8,05,00,80,3F,00,00,00,00,
-1778190062606095,00000180,false,Rx,0,8,0D,00,01,00,00,00,00,00,
-1778190062605147,00000280,false,Rx,0,8,A4,F4,8B,3F,6E,0B,80,3D,
-1778190062604219,00000281,false,Rx,0,8,51,0B,DC,42,00,00,34,42,
-1778190062603190,00000380,false,Rx,0,8,00,00,00,00,00,00,00,00,
-1778190062602210,00000381,false,Rx,0,8,05,00,80,3F,00,00,00,00,
-1778190062583184,00000180,false,Rx,0,8,0D,00,01,00,00,00,00,00,
-1778190062582235,00000280,false,Rx,0,8,A4,F4,8B,3F,6E,0B,80,3D,
-1778190062581306,00000281,false,Rx,0,8,51,0B,DC,42,00,00,34,42,
-1778190062580277,00000380,false,Rx,0,8,00,00,00,00,00,00,00,00,
-1778190062579299,00000381,false,Rx,0,8,05,00,80,3F,00,00,00,00,
-1778190062560364,00000180,false,Rx,0,8,0D,00,01,00,00,00,00,00,
-1778190062559420,00000280,false,Rx,0,8,A4,F4,8B,3F,6E,0B,80,3D,
-1778190062558487,00000281,false,Rx,0,8,51,0B,DC,42,00,00,34,42,
-1778190062557459,00000380,false,Rx,0,8,00,00,00,00,00,00,00,00,
-1778190062556479,00000381,false,Rx,0,8,05,00,80,3F,00,00,00,00,
-1778190062537155,00000180,false,Rx,0,8,0D,00,01,00,00,00,00,00,
-1778190062536217,00000280,false,Rx,0,8,AF,DE,8B,3F,AF,E9,80,3D,
-1778190062535285,00000281,false,Rx,0,8,51,0B,DC,42,00,00,34,42,
-1778190062534260,00000380,false,Rx,0,8,00,00,00,00,00,00,00,00,
-1778190062533281,00000381,false,Rx,0,8,05,00,80,3F,00,00,00,00,
-1778190062514220,00000180,false,Rx,0,8,0D,00,01,00,00,00,00,00,
-1778190062513280,00000280,false,Rx,0,8,AF,DE,8B,3F,AF,E9,80,3D,
-1778190062512347,00000281,false,Rx,0,8,51,0B,DC,42,00,00,34,42,
-1778190062511321,00000380,false,Rx,0,8,00,00,00,00,00,00,00,00,
-1778190062510343,00000381,false,Rx,0,8,05,00,80,3F,00,00,00,00,
-1778190062493406,00000180,false,Rx,0,8,0D,00,01,00,00,00,00,00,
-1778190062492484,00000280,false,Rx,0,8,D3,C9,8B,3F,77,9C,80,3D,
-1778190062491552,00000281,false,Rx,0,8,51,0B,DC,42,00,00,34,42,
-1778190062490527,00000380,false,Rx,0,8,00,00,00,00,00,00,00,00,
-1778190062489547,00000381,false,Rx,0,8,05,00,80,3F,00,00,00,00,
-1778190062470463,00000180,false,Rx,0,8,0D,00,01,00,00,00,00,00,
-1778190062469538,00000280,false,Rx,0,8,D3,C9,8B,3F,77,9C,80,3D,
-1778190062468609,00000281,false,Rx,0,8,51,0B,DC,42,00,00,34,42,
-1778190062467580,00000380,false,Rx,0,8,00,00,00,00,00,00,00,00,
-1778190062466601,00000381,false,Rx,0,8,05,00,80,3F,00,00,00,00,
-1778190062449661,00000180,false,Rx,0,8,0D,00,01,00,00,00,00,00,
-1778190062448721,00000280,false,Rx,0,8,02,B6,8B,3F,77,73,81,3D,
-1778190062447791,00000281,false,Rx,0,8,51,0B,DC,42,00,00,34,42,
-1778190062446763,00000380,false,Rx,0,8,00,00,00,00,00,00,00,00,
-1778190062445685,00000381,false,Rx,0,8,05,00,80,3F,00,00,00,00,
-1778190062426733,00000180,false,Rx,0,8,0D,00,01,00,00,00,00,00,
-1778190062425694,00000280,false,Rx,0,8,02,B6,8B,3F,77,73,81,3D,
-1778190062424760,00000281,false,Rx,0,8,51,0B,DC,42,00,00,34,42,
-1778190062423736,00000380,false,Rx,0,8,00,00,00,00,00,00,00,00,
-1778190062422754,00000381,false,Rx,0,8,05,00,80,3F,00,00,00,00,
-1778190062403654,00000180,false,Rx,0,8,0D,00,01,00,00,00,00,00,
-1778190062402714,00000280,false,Rx,0,8,02,B6,8B,3F,77,73,81,3D,
-1778190062401785,00000281,false,Rx,0,8,51,0B,DC,42,00,00,34,42,
-1778190062400756,00000380,false,Rx,0,8,00,00,00,00,00,00,00,00,
-1778190062399777,00000381,false,Rx,0,8,05,00,80,3F,00,00,00,00,
-1778190062380422,00000180,false,Rx,0,8,0D,00,01,00,00,00,00,00,
-1778190062379474,00000280,false,Rx,0,8,2E,A3,8B,3F,5B,1F,81,3D,
-1778190062378541,00000281,false,Rx,0,8,51,0B,DC,42,00,00,34,42,
-1778190062377515,00000380,false,Rx,0,8,00,00,00,00,00,00,00,00,
-1778190062376537,00000381,false,Rx,0,8,05,00,80,3F,00,00,00,00,
-1778190062357490,00000180,false,Rx,0,8,0D,00,01,00,00,00,00,00,
-1778190062356542,00000280,false,Rx,0,8,2E,A3,8B,3F,5B,1F,81,3D,
-1778190062355614,00000281,false,Rx,0,8,51,0B,DC,42,00,00,34,42,
-1778190062354584,00000380,false,Rx,0,8,00,00,00,00,00,00,00,00,
-1778190062353605,00000381,false,Rx,0,8,05,00,80,3F,00,00,00,00,
-1778190062336671,00000180,false,Rx,0,8,0D,00,01,00,00,00,00,00,
-1778190062335716,00000280,false,Rx,0,8,4C,91,8B,3F,74,CF,80,3D,
-1778190062334787,00000281,false,Rx,0,8,51,0B,DC,42,00,00,34,42,
-1778190062333757,00000380,false,Rx,0,8,00,00,00,00,00,00,00,00,
-1778190062332779,00000381,false,Rx,0,8,05,00,80,3F,00,00,00,00,
-1778190062313733,00000180,false,Rx,0,8,0D,00,01,00,00,00,00,00,
-1778190062312781,00000280,false,Rx,0,8,4C,91,8B,3F,74,CF,80,3D,
-1778190062311848,00000281,false,Rx,0,8,51,0B,DC,42,00,00,34,42,
-1778190062310823,00000380,false,Rx,0,8,00,00,00,00,00,00,00,00,
-1778190062309844,00000381,false,Rx,0,8,05,00,80,3F,00,00,00,00,
-1778190062292934,00000180,false,Rx,0,8,0D,00,01,00,00,00,00,00,
-1778190062292002,00000280,false,Rx,0,8,4E,80,8B,3F,E8,A3,81,3D,
-1778190062291072,00000281,false,Rx,0,8,51,0B,DC,42,00,00,34,42,
-1778190062290044,00000380,false,Rx,0,8,00,00,00,00,00,00,00,00,
-1778190062289064,00000381,false,Rx,0,8,05,00,80,3F,00,00,00,00,
-1778190062269979,00000180,false,Rx,0,8,0D,00,01,00,00,00,00,00,
-1778190062269047,00000280,false,Rx,0,8,4E,80,8B,3F,E8,A3,81,3D,
-1778190062268118,00000281,false,Rx,0,8,51,0B,DC,42,00,00,34,42,
-1778190062267089,00000380,false,Rx,0,8,00,00,00,00,00,00,00,00,
-1778190062266110,00000381,false,Rx,0,8,05,00,80,3F,00,00,00,00,
-1778190062247002,00000180,false,Rx,0,8,0D,00,01,00,00,00,00,00,
-1778190062246069,00000280,false,Rx,0,8,4E,80,8B,3F,E8,A3,81,3D,
-1778190062245141,00000281,false,Rx,0,8,51,0B,DC,42,00,00,34,42,
-1778190062244013,00000380,false,Rx,0,8,00,00,00,00,00,00,00,00,
-1778190062243031,00000381,false,Rx,0,8,05,00,80,3F,00,00,00,00,
-1778190062223893,00000180,false,Rx,0,8,0D,00,01,00,00,00,00,00,
-1778190062222953,00000280,false,Rx,0,8,2A,70,8B,3F,05,2D,80,3D,
-1778190062222024,00000281,false,Rx,0,8,51,0B,DC,42,00,00,34,42,
-1778190062220996,00000380,false,Rx,0,8,00,00,00,00,00,00,00,00,
-1778190062220015,00000381,false,Rx,0,8,05,00,80,3F,00,00,00,00,
-1778190062201161,00000180,false,Rx,0,8,0D,00,01,00,00,00,00,00,
-1778190062200224,00000280,false,Rx,0,8,2A,70,8B,3F,05,2D,80,3D,
-1778190062199292,00000281,false,Rx,0,8,51,0B,DC,42,00,00,34,42,
-1778190062198266,00000380,false,Rx,0,8,00,00,00,00,00,00,00,00,
-1778190062197287,00000381,false,Rx,0,8,05,00,80,3F,00,00,00,00,
-1778190062180542,00000180,false,Rx,0,8,0D,00,01,00,00,00,00,00,
-1778190062179598,00000280,false,Rx,0,8,D5,60,8B,3F,98,09,81,3D,
-1778190062178666,00000281,false,Rx,0,8,51,0B,DC,42,00,00,34,42,
-1778190062177636,00000380,false,Rx,0,8,00,00,00,00,00,00,00,00,
-1778190062176657,00000381,false,Rx,0,8,05,00,80,3F,00,00,00,00,
-1778190062157792,00000180,false,Rx,0,8,0D,00,01,00,00,00,00,00,
-1778190062156844,00000280,false,Rx,0,8,D5,60,8B,3F,98,09,81,3D,
-1778190062155915,00000281,false,Rx,0,8,51,0B,DC,42,00,00,34,42,
-1778190062154886,00000380,false,Rx,0,8,00,00,00,00,00,00,00,00,
-1778190062153907,00000381,false,Rx,0,8,05,00,80,3F,00,00,00,00,
-1778190062137188,00000180,false,Rx,0,8,0D,00,01,00,00,00,00,00,
-1778190062136267,00000280,false,Rx,0,8,44,52,8B,3F,C8,BA,80,3D,
-1778190062135335,00000281,false,Rx,0,8,51,0B,DC,42,00,00,34,42,
-1778190062134305,00000380,false,Rx,0,8,00,00,00,00,00,00,00,00,
-1778190062133327,00000381,false,Rx,0,8,05,00,80,3F,00,00,00,00,
-1778190062117019,00000180,false,Rx,0,8,0D,00,01,00,00,00,00,00,
-1778190062116098,00000280,false,Rx,0,8,44,52,8B,3F,C8,BA,80,3D,
-1778190062115164,00000281,false,Rx,0,8,51,0B,DC,42,00,00,34,42,
-1778190062114139,00000380,false,Rx,0,8,00,00,00,00,00,00,00,00,
-1778190062113161,00000381,false,Rx,0,8,05,00,80,3F,00,00,00,00,
-1778190062094291,00000180,false,Rx,0,8,0D,00,01,00,00,00,00,00,
-1778190062093366,00000280,false,Rx,0,8,44,52,8B,3F,C8,BA,80,3D,
-1778190062092438,00000281,false,Rx,0,8,51,0B,DC,42,00,00,34,42,
-1778190062091408,00000380,false,Rx,0,8,00,00,00,00,00,00,00,00,
-1778190062090429,00000381,false,Rx,0,8,05,00,80,3F,00,00,00,00,
-1778190062071270,00000180,false,Rx,0,8,0D,00,01,00,00,00,00,00,
-1778190062070341,00000280,false,Rx,0,8,6E,44,8B,3F,45,90,81,3D,
-1778190062069409,00000281,false,Rx,0,8,51,0B,DC,42,00,00,34,42,
-1778190062068383,00000380,false,Rx,0,8,00,00,00,00,00,00,00,00,
-1778190062067404,00000381,false,Rx,0,8,05,00,80,3F,00,00,00,00,
-1778190062048551,00000180,false,Rx,0,8,0D,00,01,00,00,00,00,00,
-1778190062047618,00000280,false,Rx,0,8,6E,44,8B,3F,45,90,81,3D,
-1778190062046689,00000281,false,Rx,0,8,51,0B,DC,42,00,00,34,42,
-1778190062045660,00000380,false,Rx,0,8,00,00,00,00,00,00,00,00,
-1778190062044681,00000381,false,Rx,0,8,05,00,80,3F,00,00,00,00,
-1778190062028118,00000180,false,Rx,0,8,0D,00,01,00,00,00,00,00,
-1778190062027178,00000280,false,Rx,0,8,49,37,8B,3F,B9,3A,81,3D,
-1778190062026246,00000281,false,Rx,0,8,51,0B,DC,42,00,00,34,42,
-1778190062025220,00000380,false,Rx,0,8,00,00,00,00,00,00,00,00,
-1778190062024339,00000381,false,Rx,0,8,05,00,80,3F,00,00,00,00,
-1778190062005386,00000180,false,Rx,0,8,0D,00,01,00,00,00,00,00,
-1778190062004446,00000280,false,Rx,0,8,49,37,8B,3F,B9,3A,81,3D,
-1778190062003618,00000281,false,Rx,0,8,51,0B,DC,42,00,00,34,42,
-1778190062002588,00000380,false,Rx,0,8,00,00,00,00,00,00,00,00,
-1778190062001609,00000381,false,Rx,0,8,05,00,80,3F,00,00,00,00,
-1778190061982696,00000180,false,Rx,0,8,0D,00,01,00,00,00,00,00,
-1778190061981756,00000280,false,Rx,0,8,49,37,8B,3F,B9,3A,81,3D,
-1778190061980823,00000281,false,Rx,0,8,51,0B,DC,42,00,00,34,42,
-1778190061979797,00000380,false,Rx,0,8,00,00,00,00,00,00,00,00,
-1778190061978819,00000381,false,Rx,0,8,05,00,80,3F,00,00,00,00,
-1778190061962082,00000180,false,Rx,0,8,0D,00,01,00,00,00,00,00,
-1778190061961146,00000280,false,Rx,0,8,CC,2A,8B,3F,D0,09,82,3D,
-1778190061960213,00000281,false,Rx,0,8,51,0B,DC,42,00,00,34,42,
-1778190061959183,00000380,false,Rx,0,8,00,00,00,00,00,00,00,00,
-1778190061958205,00000381,false,Rx,0,8,05,00,80,3F,00,00,00,00,
-1778190061939353,00000180,false,Rx,0,8,0D,00,01,00,00,00,00,00,
-1778190061938413,00000280,false,Rx,0,8,CC,2A,8B,3F,D0,09,82,3D,
-1778190061937484,00000281,false,Rx,0,8,51,0B,DC,42,00,00,34,42,
-1778190061936455,00000380,false,Rx,0,8,00,00,00,00,00,00,00,00,
-1778190061935476,00000381,false,Rx,0,8,05,00,80,3F,00,00,00,00,
-1778190061918744,00000180,false,Rx,0,8,0D,00,01,00,00,00,00,00,
-1778190061917823,00000280,false,Rx,0,8,94,BA,8F,3F,30,AE,81,3D,
-1778190061916890,00000281,false,Rx,0,8,51,0B,DC,42,00,00,34,42,
-1778190061915861,00000380,false,Rx,0,8,00,00,00,00,00,00,00,00,
-1778190061914886,00000381,false,Rx,0,8,05,00,80,3F,00,00,00,00,
-1778190061893606,00000180,false,Rx,0,8,0D,00,01,00,00,00,00,00,
-1778190061892685,00000280,false,Rx,0,8,94,BA,8F,3F,30,AE,81,3D,
-1778190061891753,00000281,false,Rx,0,8,51,0B,DC,42,00,00,34,42,
-1778190061890726,00000380,false,Rx,0,8,00,00,00,00,00,00,00,00,
-1778190061889748,00000381,false,Rx,0,8,05,00,80,3F,00,00,00,00,
-1778190061872980,00000180,false,Rx,0,8,0D,00,01,00,00,00,00,00,
-1778190061872040,00000280,false,Rx,0,8,53,74,8F,3F,81,77,82,3D,
-1778190061871111,00000281,false,Rx,0,8,51,0B,DC,42,00,00,34,42,
-1778190061870083,00000380,false,Rx,0,8,00,00,00,00,00,00,00,00,
-1778190061869103,00000381,false,Rx,0,8,05,00,80,3F,00,00,00,00,
-1778190061850250,00000180,false,Rx,0,8,0D,00,01,00,00,00,00,00,
-1778190061849313,00000280,false,Rx,0,8,53,74,8F,3F,81,77,82,3D,
-1778190061848380,00000281,false,Rx,0,8,51,0B,DC,42,00,00,34,42,
-1778190061847355,00000380,false,Rx,0,8,00,00,00,00,00,00,00,00,
-1778190061846377,00000381,false,Rx,0,8,05,00,80,3F,00,00,00,00,
-1778190061827476,00000180,false,Rx,0,8,0D,00,01,00,00,00,00,00,
-1778190061826536,00000280,false,Rx,0,8,53,74,8F,3F,81,77,82,3D,
-1778190061825602,00000281,false,Rx,0,8,51,0B,DC,42,00,00,34,42,
-1778190061824675,00000380,false,Rx,0,8,00,00,00,00,00,00,00,00,
-1778190061823699,00000381,false,Rx,0,8,05,00,80,3F,00,00,00,00,
-1778190061806854,00000180,false,Rx,0,8,0D,00,01,00,00,00,00,00,
-1778190061805926,00000280,false,Rx,0,8,96,31,8F,3F,09,F6,80,3D,
-1778190061804993,00000281,false,Rx,0,8,51,0B,DC,42,00,00,34,42,
-1778190061804064,00000380,false,Rx,0,8,00,00,00,00,00,00,00,00,
-1778190061803087,00000381,false,Rx,0,8,05,00,80,3F,00,00,00,00,
-1778190061784202,00000180,false,Rx,0,8,0D,00,01,00,00,00,00,00,
-1778190061783270,00000280,false,Rx,0,8,96,31,8F,3F,09,F6,80,3D,
-1778190061782340,00000281,false,Rx,0,8,51,0B,DC,42,00,00,34,42,
-1778190061781311,00000380,false,Rx,0,8,00,00,00,00,00,00,00,00,
-1778190061780332,00000381,false,Rx,0,8,05,00,80,3F,00,00,00,00,
-1778190061763608,00000180,false,Rx,0,8,0D,00,01,00,00,00,00,00,
-1778190061762664,00000280,false,Rx,0,8,2E,F2,8E,3F,8F,C8,81,3D,
-1778190061761731,00000281,false,Rx,0,8,51,0B,DC,42,00,00,34,42,
-1778190061760705,00000380,false,Rx,0,8,00,00,00,00,00,00,00,00,
-1778190061759726,00000381,false,Rx,0,8,05,00,80,3F,00,00,00,00,
-1778190061738666,00000180,false,Rx,0,8,0D,00,01,00,00,00,00,00,
-1778190061737718,00000280,false,Rx,0,8,2E,F2,8E,3F,8F,C8,81,3D,
-1778190061736785,00000281,false,Rx,0,8,51,0B,DC,42,00,00,34,42,
-1778190061735759,00000380,false,Rx,0,8,00,00,00,00,00,00,00,00,
-1778190061734781,00000381,false,Rx,0,8,05,00,80,3F,00,00,00,00,
-1778190061718056,00000180,false,Rx,0,8,0D,00,01,00,00,00,00,00,
-1778190061717100,00000280,false,Rx,0,8,F2,B5,8E,3F,D6,4F,80,3D,
-1778190061716168,00000281,false,Rx,0,8,51,0B,DC,42,00,00,34,42,
-1778190061715143,00000380,false,Rx,0,8,00,00,00,00,00,00,00,00,
-1778190061714163,00000381,false,Rx,0,8,05,00,80,3F,00,00,00,00,
-1778190061695333,00000180,false,Rx,0,8,0D,00,01,00,00,00,00,00,
-1778190061694381,00000280,false,Rx,0,8,F2,B5,8E,3F,D6,4F,80,3D,
-1778190061693448,00000281,false,Rx,0,8,51,0B,DC,42,00,00,34,42,
-1778190061692423,00000380,false,Rx,0,8,00,00,00,00,00,00,00,00,
-1778190061691443,00000381,false,Rx,0,8,05,00,80,3F,00,00,00,00,
-1778190061672733,00000180,false,Rx,0,8,0D,00,01,00,00,00,00,00,
-1778190061671781,00000280,false,Rx,0,8,F2,B5,8E,3F,D6,4F,80,3D,
-1778190061670847,00000281,false,Rx,0,8,51,0B,DC,42,00,00,34,42,
-1778190061669819,00000380,false,Rx,0,8,00,00,00,00,00,00,00,00,
-1778190061668840,00000381,false,Rx,0,8,05,00,80,3F,00,00,00,00,
-1778190061652123,00000180,false,Rx,0,8,0D,00,01,00,00,00,00,00,
-1778190061651194,00000280,false,Rx,0,8,B9,7C,8E,3F,AB,2A,81,3D,
-1778190061650261,00000281,false,Rx,0,8,51,0B,DC,42,00,00,34,42,
-1778190061649233,00000380,false,Rx,0,8,00,00,00,00,00,00,00,00,
-1778190061648253,00000381,false,Rx,0,8,05,00,80,3F,00,00,00,00,
-1778190061629411,00000180,false,Rx,0,8,0D,00,01,00,00,00,00,00,
-1778190061628478,00000280,false,Rx,0,8,B9,7C,8E,3F,AB,2A,81,3D,
-1778190061627550,00000281,false,Rx,0,8,51,0B,DC,42,00,00,34,42,
-1778190061626520,00000380,false,Rx,0,8,00,00,00,00,00,00,00,00,
-1778190061625541,00000381,false,Rx,0,8,05,00,80,3F,00,00,00,00,
-1778190061608979,00000180,false,Rx,0,8,0D,00,01,00,00,00,00,00,
-1778190061608054,00000280,false,Rx,0,8,5D,46,8E,3F,AE,73,7F,3D,
-1778190061607125,00000281,false,Rx,0,8,51,0B,DC,42,00,00,34,42,
-1778190061606095,00000380,false,Rx,0,8,00,00,00,00,00,00,00,00,
-1778190061605117,00000381,false,Rx,0,8,05,00,80,3F,00,00,00,00,
-1778190061583943,00000180,false,Rx,0,8,0D,00,01,00,00,00,00,00,
-1778190061583018,00000280,false,Rx,0,8,5D,46,8E,3F,AE,73,7F,3D,
-1778190061582088,00000281,false,Rx,0,8,51,0B,DC,42,00,00,34,42,
-1778190061581060,00000380,false,Rx,0,8,00,00,00,00,00,00,00,00,
-1778190061580081,00000381,false,Rx,0,8,05,00,80,3F,00,00,00,00,
-1778190061563290,00000180,false,Rx,0,8,0D,00,01,00,00,00,00,00,
-1778190061562350,00000280,false,Rx,0,8,B8,12,8E,3F,2C,9C,80,3D,
-1778190061561421,00000281,false,Rx,0,8,51,0B,DC,42,00,00,34,42,
-1778190061560392,00000380,false,Rx,0,8,00,00,00,00,00,00,00,00,
-1778190061559413,00000381,false,Rx,0,8,05,00,80,3F,00,00,00,00,
-1778190061543155,00000180,false,Rx,0,8,0D,00,01,00,00,00,00,00,
-1778190061542214,00000280,false,Rx,0,8,B8,12,8E,3F,2C,9C,80,3D,
-1778190061541285,00000281,false,Rx,0,8,51,0B,DC,42,00,00,34,42,
-1778190061540260,00000380,false,Rx,0,8,00,00,00,00,00,00,00,00,
-1778190061539281,00000381,false,Rx,0,8,05,00,80,3F,00,00,00,00,
-1778190061520420,00000180,false,Rx,0,8,0D,00,01,00,00,00,00,00,
-1778190061519480,00000280,false,Rx,0,8,B8,12,8E,3F,2C,9C,80,3D,
-1778190061518551,00000281,false,Rx,0,8,51,0B,DC,42,00,00,34,42,
-1778190061517521,00000380,false,Rx,0,8,00,00,00,00,00,00,00,00,
-1778190061516543,00000381,false,Rx,0,8,05,00,80,3F,00,00,00,00,
-1778190061499811,00000180,false,Rx,0,8,0D,00,01,00,00,00,00,00,
-1778190061498863,00000280,false,Rx,0,8,A9,E1,8D,3F,F0,64,7E,3D,
-1778190061497929,00000281,false,Rx,0,8,51,0B,DC,42,00,00,34,42,
-1778190061496905,00000380,false,Rx,0,8,00,00,00,00,00,00,00,00,
-1778190061495926,00000381,false,Rx,0,8,05,00,80,3F,00,00,00,00,
-1778190061477056,00000180,false,Rx,0,8,0D,00,01,00,00,00,00,00,
-1778190061476108,00000280,false,Rx,0,8,A9,E1,8D,3F,F0,64,7E,3D,
-1778190061475179,00000281,false,Rx,0,8,51,0B,DC,42,00,00,34,42,
-1778190061474151,00000380,false,Rx,0,8,00,00,00,00,00,00,00,00,
-1778190061473171,00000381,false,Rx,0,8,05,00,80,3F,00,00,00,00,
-1778190061456455,00000180,false,Rx,0,8,0D,00,01,00,00,00,00,00,
-1778190061455506,00000280,false,Rx,0,8,0E,B3,8D,3F,92,1B,80,3D,
-1778190061454578,00000281,false,Rx,0,8,51,0B,DC,42,00,00,34,42,
-1778190061453548,00000380,false,Rx,0,8,00,00,00,00,00,00,00,00,
-1778190061452569,00000381,false,Rx,0,8,05,00,80,3F,00,00,00,00,
-1778190061433719,00000180,false,Rx,0,8,0D,00,01,00,00,00,00,00,
-1778190061432772,00000280,false,Rx,0,8,0E,B3,8D,3F,92,1B,80,3D,
-1778190061431842,00000281,false,Rx,0,8,51,0B,DC,42,00,00,34,42,
-1778190061430813,00000380,false,Rx,0,8,00,00,00,00,00,00,00,00,
-1778190061429835,00000381,false,Rx,0,8,05,00,80,3F,00,00,00,00,
-1778190061408536,00000180,false,Rx,0,8,0D,00,01,00,00,00,00,00,
-1778190061407588,00000280,false,Rx,0,8,0E,B3,8D,3F,92,1B,80,3D,
-1778190061406655,00000281,false,Rx,0,8,51,0B,DC,42,00,00,34,42,
-1778190061405630,00000380,false,Rx,0,8,00,00,00,00,00,00,00,00,
-1778190061404751,00000381,false,Rx,0,8,05,00,80,3F,00,00,00,00,
-1778190061387925,00000180,false,Rx,0,8,0D,00,01,00,00,00,00,00,
-1778190061386985,00000280,false,Rx,0,8,C7,86,8D,3F,98,70,7D,3D,
-1778190061386056,00000281,false,Rx,0,8,51,0B,DC,42,00,00,34,42,
-1778190061385127,00000380,false,Rx,0,8,00,00,00,00,00,00,00,00,
-1778190061384150,00000381,false,Rx,0,8,05,00,80,3F,00,00,00,00,
-1778190061365282,00000180,false,Rx,0,8,0D,00,01,00,00,00,00,00,
-1778190061364343,00000280,false,Rx,0,8,C7,86,8D,3F,98,70,7D,3D,
-1778190061363410,00000281,false,Rx,0,8,51,0B,DC,42,00,00,34,42,
-1778190061362382,00000380,false,Rx,0,8,00,00,00,00,00,00,00,00,
-1778190061361405,00000381,false,Rx,0,8,05,00,80,3F,00,00,00,00,
-1778190061344681,00000180,false,Rx,0,8,0D,00,01,00,00,00,00,00,
-1778190061343740,00000280,false,Rx,0,8,B6,5C,8D,3F,03,4F,7F,3D,
-1778190061342807,00000281,false,Rx,0,8,51,0B,DC,42,00,00,34,42,
-1778190061341781,00000380,false,Rx,0,8,00,00,00,00,00,00,00,00,
-1778190061340803,00000381,false,Rx,0,8,05,00,80,3F,00,00,00,00,
-1778190061321957,00000180,false,Rx,0,8,0D,00,01,00,00,00,00,00,
-1778190061321020,00000280,false,Rx,0,8,B6,5C,8D,3F,03,4F,7F,3D,
-1778190061320088,00000281,false,Rx,0,8,51,0B,DC,42,00,00,34,42,
-1778190061319059,00000380,false,Rx,0,8,00,00,00,00,00,00,00,00,
-1778190061318080,00000381,false,Rx,0,8,05,00,80,3F,00,00,00,00,
-1778190061301533,00000180,false,Rx,0,8,0D,00,01,00,00,00,00,00,
-1778190061300585,00000280,false,Rx,0,8,C0,34,8D,3F,13,94,7C,3D,
-1778190061299656,00000281,false,Rx,0,8,51,0B,DC,42,00,00,34,42,
-1778190061298627,00000380,false,Rx,0,8,00,00,00,00,00,00,00,00,
-1778190061297648,00000381,false,Rx,0,8,05,00,80,3F,00,00,00,00,
-1778190061278814,00000180,false,Rx,0,8,0D,00,01,00,00,00,00,00,
-1778190061277866,00000280,false,Rx,0,8,C0,34,8D,3F,13,94,7C,3D,
-1778190061276937,00000281,false,Rx,0,8,51,0B,DC,42,00,00,34,42,
-1778190061275907,00000380,false,Rx,0,8,00,00,00,00,00,00,00,00,
-1778190061274929,00000381,false,Rx,0,8,05,00,80,3F,00,00,00,00,
-1778190061253997,00000180,false,Rx,0,8,0D,00,01,00,00,00,00,00,
-1778190061253049,00000280,false,Rx,0,8,C0,34,8D,3F,13,94,7C,3D,
-1778190061252119,00000281,false,Rx,0,8,51,0B,DC,42,00,00,34,42,
-1778190061251091,00000380,false,Rx,0,8,00,00,00,00,00,00,00,00,
-1778190061250116,00000381,false,Rx,0,8,05,00,80,3F,00,00,00,00,
-1778190061233399,00000180,false,Rx,0,8,0D,00,01,00,00,00,00,00,
-1778190061232459,00000280,false,Rx,0,8,CA,0E,8D,3F,85,7D,7E,3D,
-1778190061231530,00000281,false,Rx,0,8,51,0B,DC,42,00,00,34,42,
-1778190061230500,00000380,false,Rx,0,8,00,00,00,00,00,00,00,00,
-1778190061229522,00000381,false,Rx,0,8,05,00,80,3F,00,00,00,00,
-1778190061210669,00000180,false,Rx,0,8,0D,00,01,00,00,00,00,00,
-1778190061209732,00000280,false,Rx,0,8,CA,0E,8D,3F,85,7D,7E,3D,
-1778190061208799,00000281,false,Rx,0,8,51,0B,DC,42,00,00,34,42,
-1778190061207770,00000380,false,Rx,0,8,00,00,00,00,00,00,00,00,
-1778190061206791,00000381,false,Rx,0,8,05,00,80,3F,00,00,00,00,
-1778190061190051,00000180,false,Rx,0,8,0D,00,01,00,00,00,00,00,
-1778190061189122,00000280,false,Rx,0,8,BA,EA,8C,3F,C6,0D,7E,3D,
-1778190061188188,00000281,false,Rx,0,8,51,0B,DC,42,00,00,34,42,
-1778190061187160,00000380,false,Rx,0,8,00,00,00,00,00,00,00,00,
-1778190061186181,00000381,false,Rx,0,8,05,00,80,3F,00,00,00,00,
-1778190061167115,00000180,false,Rx,0,8,0D,00,01,00,00,00,00,00,
-1778190061166181,00000280,false,Rx,0,8,BA,EA,8C,3F,C6,0D,7E,3D,
-1778190061165152,00000281,false,Rx,0,8,51,0B,DC,42,00,00,34,42,
-1778190061164127,00000380,false,Rx,0,8,00,00,00,00,00,00,00,00,
-1778190061163148,00000381,false,Rx,0,8,05,00,80,3F,00,00,00,00,
-1778190061146305,00000180,false,Rx,0,8,0D,00,01,00,00,00,00,00,
-1778190061145376,00000280,false,Rx,0,8,77,C8,8C,3F,56,E4,7F,3D,
-1778190061144343,00000281,false,Rx,0,8,51,0B,DC,42,00,00,34,42,
-1778190061143318,00000380,false,Rx,0,8,00,00,00,00,00,00,00,00,
-1778190061142339,00000381,false,Rx,0,8,05,00,80,3F,00,00,00,00,
-1778190061125939,00000180,false,Rx,0,8,0D,00,01,00,00,00,00,00,
-1778190061124907,00000280,false,Rx,0,8,77,C8,8C,3F,56,E4,7F,3D,
-1778190061123978,00000281,false,Rx,0,8,51,0B,DC,42,00,00,34,42,
-1778190061122950,00000380,false,Rx,0,8,00,00,00,00,00,00,00,00,
-1778190061121970,00000381,false,Rx,0,8,05,00,80,3F,00,00,00,00,
-1778190061100488,00000180,false,Rx,0,8,0D,00,01,00,00,00,00,00,
-1778190061099556,00000280,false,Rx,0,8,77,C8,8C,3F,56,E4,7F,3D,
-1778190061098622,00000281,false,Rx,0,8,51,0B,DC,42,00,00,34,42,
-1778190061097597,00000380,false,Rx,0,8,00,00,00,00,00,00,00,00,
-1778190061096619,00000381,false,Rx,0,8,05,00,80,3F,00,00,00,00,
-1778190061079678,00000180,false,Rx,0,8,0D,00,01,00,00,00,00,00,
-1778190061078745,00000280,false,Rx,0,8,EA,A7,8C,3F,AF,D1,80,3D,
-1778190061077812,00000281,false,Rx,0,8,51,0B,DC,42,00,00,34,42,
-1778190061076788,00000380,false,Rx,0,8,00,00,00,00,00,00,00,00,
-1778190061075809,00000381,false,Rx,0,8,05,00,80,3F,00,00,00,00,
-1778190061056740,00000180,false,Rx,0,8,0D,00,01,00,00,00,00,00,
-1778190061055811,00000280,false,Rx,0,8,EA,A7,8C,3F,AF,D1,80,3D,
-1778190061054878,00000281,false,Rx,0,8,51,0B,DC,42,00,00,34,42,
-1778190061053854,00000380,false,Rx,0,8,00,00,00,00,00,00,00,00,
-1778190061052874,00000381,false,Rx,0,8,05,00,80,3F,00,00,00,00,
-1778190061035930,00000180,false,Rx,0,8,0D,00,01,00,00,00,00,00,
-1778190061035001,00000280,false,Rx,0,8,FE,88,8C,3F,9D,CA,7E,3D,
-1778190061034069,00000281,false,Rx,0,8,51,0B,DC,42,00,00,34,42,
-1778190061033044,00000380,false,Rx,0,8,00,00,00,00,00,00,00,00,
-1778190061032060,00000381,false,Rx,0,8,05,00,80,3F,00,00,00,00,
-1778190061012996,00000180,false,Rx,0,8,0D,00,01,00,00,00,00,00,
-1778190061012063,00000280,false,Rx,0,8,FE,88,8C,3F,9D,CA,7E,3D,
-1778190061011131,00000281,false,Rx,0,8,51,0B,DC,42,00,00,34,42,
-1778190061010105,00000380,false,Rx,0,8,00,00,00,00,00,00,00,00,
-1778190061009126,00000381,false,Rx,0,8,05,00,80,3F,00,00,00,00,
-1778190060990019,00000180,false,Rx,0,8,0D,00,01,00,00,00,00,00,
-1778190060989085,00000280,false,Rx,0,8,FE,88,8C,3F,9D,CA,7E,3D,
-1778190060988157,00000281,false,Rx,0,8,51,0B,DC,42,00,00,34,42,
-1778190060987128,00000380,false,Rx,0,8,00,00,00,00,00,00,00,00,
-1778190060986149,00000381,false,Rx,0,8,05,00,80,3F,00,00,00,00,
-1778190060969209,00000180,false,Rx,0,8,0D,00,01,00,00,00,00,00,
-1778190060968276,00000280,false,Rx,0,8,9E,6B,8C,3F,DE,4B,80,3D,
-1778190060967348,00000281,false,Rx,0,8,51,0B,DC,42,00,00,34,42,
-1778190060966319,00000380,false,Rx,0,8,00,00,00,00,00,00,00,00,
-1778190060965339,00000381,false,Rx,0,8,05,00,80,3F,00,00,00,00,
-1778190060946240,00000180,false,Rx,0,8,0D,00,01,00,00,00,00,00,
-1778190060945307,00000280,false,Rx,0,8,9E,6B,8C,3F,DE,4B,80,3D,
-1778190060944379,00000281,false,Rx,0,8,51,0B,DC,42,00,00,34,42,
-1778190060943248,00000380,false,Rx,0,8,00,00,00,00,00,00,00,00,
-1778190060942271,00000381,false,Rx,0,8,05,00,80,3F,00,00,00,00,
-1778190060922952,00000180,false,Rx,0,8,0D,00,01,00,00,00,00,00,
-1778190060922021,00000280,false,Rx,0,8,B6,4F,8C,3F,5D,CC,7D,3D,
-1778190060921092,00000281,false,Rx,0,8,51,0B,DC,42,00,00,34,42,
-1778190060920065,00000380,false,Rx,0,8,00,00,00,00,00,00,00,00,
-1778190060919086,00000381,false,Rx,0,8,05,00,80,3F,00,00,00,00,
-1778190060900025,00000180,false,Rx,0,8,0D,00,01,00,00,00,00,00,
-1778190060899092,00000280,false,Rx,0,8,B6,4F,8C,3F,5D,CC,7D,3D,
-1778190060898164,00000281,false,Rx,0,8,51,0B,DC,42,00,00,34,42,
-1778190060897135,00000380,false,Rx,0,8,00,00,00,00,00,00,00,00,
-1778190060896155,00000381,false,Rx,0,8,05,00,80,3F,00,00,00,00,
-1778190060879200,00000180,false,Rx,0,8,0D,00,01,00,00,00,00,00,
-1778190060878267,00000280,false,Rx,0,8,33,35,8C,3F,74,F3,80,3D,
-1778190060877338,00000281,false,Rx,0,8,51,0B,DC,42,00,00,34,42,
-1778190060876309,00000380,false,Rx,0,8,00,00,00,00,00,00,00,00,
-1778190060875330,00000381,false,Rx,0,8,05,00,80,3F,00,00,00,00,
-1778190060856270,00000180,false,Rx,0,8,0D,00,01,00,00,00,00,00,
-1778190060855341,00000280,false,Rx,0,8,33,35,8C,3F,74,F3,80,3D,
-1778190060854407,00000281,false,Rx,0,8,51,0B,DC,42,00,00,34,42,
-1778190060853379,00000380,false,Rx,0,8,00,00,00,00,00,00,00,00,
-1778190060852400,00000381,false,Rx,0,8,05,00,80,3F,00,00,00,00,
-1778190060833292,00000180,false,Rx,0,8,0D,00,01,00,00,00,00,00,
-1778190060832363,00000280,false,Rx,0,8,33,35,8C,3F,74,F3,80,3D,
-1778190060831430,00000281,false,Rx,0,8,51,0B,DC,42,00,00,34,42,
-1778190060830405,00000380,false,Rx,0,8,00,00,00,00,00,00,00,00,
-1778190060829426,00000381,false,Rx,0,8,05,00,80,3F,00,00,00,00,
-1778190060812483,00000180,false,Rx,0,8,0D,00,01,00,00,00,00,00,
-1778190060811531,00000280,false,Rx,0,8,04,1C,8C,3F,C6,0A,7F,3D,
-1778190060810598,00000281,false,Rx,0,8,51,0B,DC,42,00,00,34,42,
-1778190060809569,00000380,false,Rx,0,8,00,00,00,00,00,00,00,00,
-1778190060808590,00000381,false,Rx,0,8,05,00,80,3F,00,00,00,00,
-1778190060789528,00000180,false,Rx,0,8,0D,00,01,00,00,00,00,00,
-1778190060788576,00000280,false,Rx,0,8,04,1C,8C,3F,C6,0A,7F,3D,
-1778190060787643,00000281,false,Rx,0,8,51,0B,DC,42,00,00,34,42,
-1778190060786619,00000380,false,Rx,0,8,00,00,00,00,00,00,00,00,
-1778190060785639,00000381,false,Rx,0,8,05,00,80,3F,00,00,00,00,
-1778190060766320,00000180,false,Rx,0,8,0D,00,01,00,00,00,00,00,
-1778190060765376,00000280,false,Rx,0,8,17,04,8C,3F,58,6A,80,3D,
-1778190060764443,00000281,false,Rx,0,8,51,0B,DC,42,00,00,34,42,
-1778190060763417,00000380,false,Rx,0,8,00,00,00,00,00,00,00,00,
-1778190060762439,00000381,false,Rx,0,8,05,00,80,3F,00,00,00,00,
-1778190060743375,00000180,false,Rx,0,8,0D,00,01,00,00,00,00,00,
-1778190060742427,00000280,false,Rx,0,8,17,04,8C,3F,58,6A,80,3D,
-1778190060741397,00000281,false,Rx,0,8,51,0B,DC,42,00,00,34,42,
-1778190060740372,00000380,false,Rx,0,8,00,00,00,00,00,00,00,00,
-1778190060739392,00000381,false,Rx,0,8,05,00,80,3F,00,00,00,00,
-1778190060722576,00000180,false,Rx,0,8,0D,00,01,00,00,00,00,00,
-1778190060721536,00000280,false,Rx,0,8,5C,ED,8B,3F,45,06,7E,3D,
-1778190060720603,00000281,false,Rx,0,8,51,0B,DC,42,00,00,34,42,
-1778190060719576,00000380,false,Rx,0,8,00,00,00,00,00,00,00,00,
-1778190060718595,00000381,false,Rx,0,8,05,00,80,3F,00,00,00,00,
-1778190060699535,00000180,false,Rx,0,8,0D,00,01,00,00,00,00,00,
-1778190060698598,00000280,false,Rx,0,8,5C,ED,8B,3F,45,06,7E,3D,
-1778190060697666,00000281,false,Rx,0,8,51,0B,DC,42,00,00,34,42,
-1778190060696641,00000380,false,Rx,0,8,00,00,00,00,00,00,00,00,
-1778190060695661,00000381,false,Rx,0,8,05,00,80,3F,00,00,00,00,
-1778190060676562,00000180,false,Rx,0,8,0D,00,01,00,00,00,00,00,
-1778190060675621,00000280,false,Rx,0,8,5C,ED,8B,3F,45,06,7E,3D,
-1778190060674688,00000281,false,Rx,0,8,51,0B,DC,42,00,00,34,42,
-1778190060673663,00000380,false,Rx,0,8,00,00,00,00,00,00,00,00,
-1778190060672684,00000381,false,Rx,0,8,05,00,80,3F,00,00,00,00,
-1778190060655751,00000180,false,Rx,0,8,0D,00,01,00,00,00,00,00,
-1778190060654804,00000280,false,Rx,0,8,C4,D7,8B,3F,F6,0E,81,3D,
-1778190060653871,00000281,false,Rx,0,8,51,0B,DC,42,00,00,34,42,
-1778190060652846,00000380,false,Rx,0,8,00,00,00,00,00,00,00,00,
-1778190060651863,00000381,false,Rx,0,8,05,00,80,3F,00,00,00,00,
-1778190060632805,00000180,false,Rx,0,8,0D,00,01,00,00,00,00,00,
-1778190060631856,00000280,false,Rx,0,8,C4,D7,8B,3F,F6,0E,81,3D,
-1778190060630924,00000281,false,Rx,0,8,51,0B,DC,42,00,00,34,42,
-1778190060629899,00000380,false,Rx,0,8,00,00,00,00,00,00,00,00,
-1778190060628920,00000381,false,Rx,0,8,05,00,80,3F,00,00,00,00,
-1778190060609585,00000180,false,Rx,0,8,0D,00,01,00,00,00,00,00,
-1778190060608641,00000280,false,Rx,0,8,41,C3,8B,3F,0A,3F,7F,3D,
-1778190060607708,00000281,false,Rx,0,8,51,0B,DC,42,00,00,34,42,
-1778190060606682,00000380,false,Rx,0,8,00,00,00,00,00,00,00,00,
-1778190060605704,00000381,false,Rx,0,8,05,00,80,3F,00,00,00,00,
-1778190060586657,00000180,false,Rx,0,8,0D,00,01,00,00,00,00,00,
-1778190060585709,00000280,false,Rx,0,8,41,C3,8B,3F,0A,3F,7F,3D,
-1778190060584780,00000281,false,Rx,0,8,51,0B,DC,42,00,00,34,42,
-1778190060583752,00000380,false,Rx,0,8,00,00,00,00,00,00,00,00,
-1778190060582772,00000381,false,Rx,0,8,05,00,80,3F,00,00,00,00,
-1778190060565840,00000180,false,Rx,0,8,0D,00,01,00,00,00,00,00,
-1778190060564908,00000280,false,Rx,0,8,C4,AF,8B,3F,86,A3,81,3D,
-1778190060563979,00000281,false,Rx,0,8,51,0B,DC,42,00,00,34,42,
-1778190060562949,00000380,false,Rx,0,8,00,00,00,00,00,00,00,00,
-1778190060561971,00000381,false,Rx,0,8,05,00,80,3F,00,00,00,00,
-1778190060545470,00000180,false,Rx,0,8,0D,00,01,00,00,00,00,00,
-1778190060544538,00000280,false,Rx,0,8,C4,AF,8B,3F,86,A3,81,3D,
-1778190060543608,00000281,false,Rx,0,8,51,0B,DC,42,00,00,34,42,
-1778190060542579,00000380,false,Rx,0,8,00,00,00,00,00,00,00,00,
-1778190060541601,00000381,false,Rx,0,8,05,00,80,3F,00,00,00,00,
-1778190060522542,00000180,false,Rx,0,8,0D,00,01,00,00,00,00,00,
-1778190060521609,00000280,false,Rx,0,8,C4,AF,8B,3F,86,A3,81,3D,
-1778190060520681,00000281,false,Rx,0,8,51,0B,DC,42,00,00,34,42,
-1778190060519551,00000380,false,Rx,0,8,00,00,00,00,00,00,00,00,
-1778190060518574,00000381,false,Rx,0,8,05,00,80,3F,00,00,00,00,
-1778190060501732,00000180,false,Rx,0,8,0D,00,01,00,00,00,00,00,
-1778190060500792,00000280,false,Rx,0,8,41,9D,8B,3F,A7,2C,80,3D,
-1778190060499761,00000281,false,Rx,0,8,51,0B,DC,42,00,00,34,42,
-1778190060498736,00000380,false,Rx,0,8,00,00,00,00,00,00,00,00,
-1778190060497756,00000381,false,Rx,0,8,05,00,80,3F,00,00,00,00,
-1778190060478713,00000180,false,Rx,0,8,0D,00,01,00,00,00,00,00,
-1778190060477773,00000280,false,Rx,0,8,41,9D,8B,3F,A7,2C,80,3D,
-1778190060476839,00000281,false,Rx,0,8,51,0B,DC,42,00,00,34,42,
-1778190060475814,00000380,false,Rx,0,8,00,00,00,00,00,00,00,00,
-1778190060474836,00000381,false,Rx,0,8,05,00,80,3F,00,00,00,00,
-1778190060458077,00000180,false,Rx,0,8,0D,00,01,00,00,00,00,00,
-1778190060457136,00000280,false,Rx,0,8,AA,8B,8B,3F,3E,09,81,3D,
-1778190060456207,00000281,false,Rx,0,8,51,0B,DC,42,00,00,34,42,
-1778190060455178,00000380,false,Rx,0,8,00,00,00,00,00,00,00,00,
-1778190060454199,00000381,false,Rx,0,8,05,00,80,3F,00,00,00,00,
-1778190060432730,00000180,false,Rx,0,8,0D,00,01,00,00,00,00,00,
-1778190060431794,00000280,false,Rx,0,8,AA,8B,8B,3F,3E,09,81,3D,
-1778190060430860,00000281,false,Rx,0,8,51,0B,DC,42,00,00,34,42,
-1778190060429835,00000380,false,Rx,0,8,00,00,00,00,00,00,00,00,
-1778190060428853,00000381,false,Rx,0,8,05,00,80,3F,00,00,00,00,
-1778190060409753,00000180,false,Rx,0,8,0D,00,01,00,00,00,00,00,
-1778190060408813,00000280,false,Rx,0,8,AA,8B,8B,3F,3E,09,81,3D,
-1778190060407884,00000281,false,Rx,0,8,51,0B,DC,42,00,00,34,42,
-1778190060406854,00000380,false,Rx,0,8,00,00,00,00,00,00,00,00,
-1778190060405876,00000381,false,Rx,0,8,05,00,80,3F,00,00,00,00,
-1778190060388943,00000180,false,Rx,0,8,0D,00,01,00,00,00,00,00,
-1778190060388010,00000280,false,Rx,0,8,F5,7A,8B,3F,2D,34,7F,3D,
-1778190060387082,00000281,false,Rx,0,8,51,0B,DC,42,00,00,34,42,
-1778190060386052,00000380,false,Rx,0,8,00,00,00,00,00,00,00,00,
-1778190060385076,00000381,false,Rx,0,8,05,00,80,3F,00,00,00,00,
-1778190060366015,00000180,false,Rx,0,8,0D,00,01,00,00,00,00,00,
-1778190060365082,00000280,false,Rx,0,8,F5,7A,8B,3F,2D,34,7F,3D,
-1778190060364154,00000281,false,Rx,0,8,51,0B,DC,42,00,00,34,42,
-1778190060363125,00000380,false,Rx,0,8,00,00,00,00,00,00,00,00,
-1778190060362145,00000381,false,Rx,0,8,05,00,80,3F,00,00,00,00,
-1778190060345189,00000180,false,Rx,0,8,0D,00,01,00,00,00,00,00,
-1778190060344249,00000280,false,Rx,0,8,16,6B,8B,3F,5E,9E,81,3D,
-1778190060343317,00000281,false,Rx,0,8,51,0B,DC,42,00,00,34,42,
-1778190060342292,00000380,false,Rx,0,8,00,00,00,00,00,00,00,00,
-1778190060341312,00000381,false,Rx,0,8,05,00,80,3F,00,00,00,00,
-1778190060322266,00000180,false,Rx,0,8,0D,00,01,00,00,00,00,00,
-1778190060321328,00000280,false,Rx,0,8,16,6B,8B,3F,5E,9E,81,3D,
-1778190060320396,00000281,false,Rx,0,8,51,0B,DC,42,00,00,34,42,
-1778190060319367,00000380,false,Rx,0,8,00,00,00,00,00,00,00,00,
-1778190060318290,00000381,false,Rx,0,8,05,00,80,3F,00,00,00,00,
-1778190060301640,00000180,false,Rx,0,8,0D,00,01,00,00,00,00,00,
-1778190060300703,00000280,false,Rx,0,8,02,5C,8B,3F,C2,27,80,3D,
-1778190060299771,00000281,false,Rx,0,8,51,0B,DC,42,00,00,34,42,
-1778190060298742,00000380,false,Rx,0,8,00,00,00,00,00,00,00,00,
-1778190060297665,00000381,false,Rx,0,8,05,00,80,3F,00,00,00,00,
-1778190060276204,00000180,false,Rx,0,8,0D,00,01,00,00,00,00,00,
-1778190060275264,00000280,false,Rx,0,8,02,5C,8B,3F,C2,27,80,3D,
-1778190060274332,00000281,false,Rx,0,8,51,0B,DC,42,00,00,34,42,
-1778190060273307,00000380,false,Rx,0,8,00,00,00,00,00,00,00,00,
-1778190060272327,00000381,false,Rx,0,8,05,00,80,3F,00,00,00,00,
-1778190060253216,00000180,false,Rx,0,8,0D,00,01,00,00,00,00,00,
-1778190060252279,00000280,false,Rx,0,8,02,5C,8B,3F,C2,27,80,3D,
-1778190060251347,00000281,false,Rx,0,8,51,0B,DC,42,00,00,34,42,
-1778190060250322,00000380,false,Rx,0,8,00,00,00,00,00,00,00,00,
-1778190060249342,00000381,false,Rx,0,8,05,00,80,3F,00,00,00,00,
-1778190060232409,00000180,false,Rx,0,8,0D,00,01,00,00,00,00,00,
-1778190060231469,00000280,false,Rx,0,8,AE,4D,8B,3F,F3,24,82,3D,
-1778190060230536,00000281,false,Rx,0,8,51,0B,DC,42,00,00,34,42,
-1778190060229511,00000380,false,Rx,0,8,00,00,00,00,00,00,00,00,
-1778190060228532,00000381,false,Rx,0,8,05,00,80,3F,00,00,00,00,
-1778190060209470,00000180,false,Rx,0,8,0D,00,01,00,00,00,00,00,
-1778190060208534,00000280,false,Rx,0,8,AE,4D,8B,3F,F3,24,82,3D,
-1778190060207601,00000281,false,Rx,0,8,51,0B,DC,42,00,00,34,42,
-1778190060206572,00000380,false,Rx,0,8,00,00,00,00,00,00,00,00,
-1778190060205593,00000381,false,Rx,0,8,05,00,80,3F,00,00,00,00,
-1778190060188660,00000180,false,Rx,0,8,0D,00,01,00,00,00,00,00,
-1778190060187711,00000280,false,Rx,0,8,12,40,8B,3F,9C,A7,80,3D,
-1778190060186783,00000281,false,Rx,0,8,51,0B,DC,42,00,00,34,42,
-1778190060185754,00000380,false,Rx,0,8,00,00,00,00,00,00,00,00,
-1778190060184774,00000381,false,Rx,0,8,05,00,80,3F,00,00,00,00,
-1778190060165725,00000180,false,Rx,0,8,0D,00,01,00,00,00,00,00,
-1778190060164776,00000280,false,Rx,0,8,12,40,8B,3F,9C,A7,80,3D,
-1778190060163843,00000281,false,Rx,0,8,51,0B,DC,42,00,00,34,42,
-1778190060162818,00000380,false,Rx,0,8,00,00,00,00,00,00,00,00,
-1778190060161839,00000381,false,Rx,0,8,05,00,80,3F,00,00,00,00,
-1778190060145111,00000180,false,Rx,0,8,0D,00,01,00,00,00,00,00,
-1778190060144173,00000280,false,Rx,0,8,24,33,8B,3F,0E,7E,81,3D,
-1778190060143241,00000281,false,Rx,0,8,51,0B,DC,42,00,00,34,42,
-1778190060142216,00000380,false,Rx,0,8,00,00,00,00,00,00,00,00,
-1778190060141237,00000381,false,Rx,0,8,05,00,80,3F,00,00,00,00,
-1778190060120176,00000180,false,Rx,0,8,0D,00,01,00,00,00,00,00,
-1778190060119235,00000280,false,Rx,0,8,24,33,8B,3F,0E,7E,81,3D,
-1778190060118307,00000281,false,Rx,0,8,51,0B,DC,42,00,00,34,42,
-1778190060117277,00000380,false,Rx,0,8,00,00,00,00,00,00,00,00,
-1778190060116399,00000381,false,Rx,0,8,05,00,80,3F,00,00,00,00,
-1778190060097374,00000180,false,Rx,0,8,0D,00,01,00,00,00,00,00,
-1778190060096535,00000280,false,Rx,0,8,24,33,8B,3F,0E,7E,81,3D,
-1778190060095603,00000281,false,Rx,0,8,51,0B,DC,42,00,00,34,42,
-1778190060094575,00000380,false,Rx,0,8,00,00,00,00,00,00,00,00,
-1778190060093599,00000381,false,Rx,0,8,05,00,80,3F,00,00,00,00,
-1778190060076878,00000180,false,Rx,0,8,0D,00,01,00,00,00,00,00,
-1778190060075956,00000280,false,Rx,0,8,DC,26,8B,3F,0F,09,80,3D,
-1778190060075028,00000281,false,Rx,0,8,51,0B,DC,42,00,00,34,42,
-1778190060073997,00000380,false,Rx,0,8,00,00,00,00,00,00,00,00,
-1778190060073018,00000381,false,Rx,0,8,05,00,80,3F,00,00,00,00,
-1778190060054126,00000180,false,Rx,0,8,0D,00,01,00,00,00,00,00,
-1778190060053205,00000280,false,Rx,0,8,DC,26,8B,3F,0F,09,80,3D,
-1778190060052272,00000281,false,Rx,0,8,51,0B,DC,42,00,00,34,42,
-1778190060051246,00000380,false,Rx,0,8,00,00,00,00,00,00,00,00,
-1778190060050268,00000381,false,Rx,0,8,05,00,80,3F,00,00,00,00,
-1778190060033531,00000180,false,Rx,0,8,0D,00,01,00,00,00,00,00,
-1778190060032586,00000280,false,Rx,0,8,31,1B,8B,3F,CA,07,82,3D,
-1778190060031654,00000281,false,Rx,0,8,51,0B,DC,42,00,00,34,42,
-1778190060030625,00000380,false,Rx,0,8,00,00,00,00,00,00,00,00,
-1778190060029646,00000381,false,Rx,0,8,05,00,80,3F,00,00,00,00,
-1778190060010827,00000180,false,Rx,0,8,0D,00,01,00,00,00,00,00,
-1778190060009878,00000280,false,Rx,0,8,31,1B,8B,3F,CA,07,82,3D,
-1778190060008950,00000281,false,Rx,0,8,51,0B,DC,42,00,00,34,42,
-1778190060007921,00000380,false,Rx,0,8,00,00,00,00,00,00,00,00,
-1778190060006941,00000381,false,Rx,0,8,05,00,80,3F,00,00,00,00,
-1778190059990386,00000180,false,Rx,0,8,0D,00,01,00,00,00,00,00,
-1778190059989454,00000280,false,Rx,0,8,1B,10,8B,3F,E8,8B,80,3D,
-1778190059988521,00000281,false,Rx,0,8,51,0B,DC,42,00,00,34,42,
-1778190059987497,00000380,false,Rx,0,8,00,00,00,00,00,00,00,00,
-1778190059986517,00000381,false,Rx,0,8,05,00,80,3F,00,00,00,00,
-1778190059967802,00000180,false,Rx,0,8,0D,00,01,00,00,00,00,00,
-1778190059966869,00000280,false,Rx,0,8,1B,10,8B,3F,E8,8B,80,3D,
-1778190059965940,00000281,false,Rx,0,8,51,0B,DC,42,00,00,34,42,
-1778190059964911,00000380,false,Rx,0,8,00,00,00,00,00,00,00,00,
-1778190059963932,00000381,false,Rx,0,8,05,00,80,3F,00,00,00,00,
-1778190059945063,00000180,false,Rx,0,8,0D,00,01,00,00,00,00,00,
-1778190059944134,00000280,false,Rx,0,8,1B,10,8B,3F,E8,8B,80,3D,
-1778190059943202,00000281,false,Rx,0,8,51,0B,DC,42,00,00,34,42,
-1778190059942175,00000380,false,Rx,0,8,00,00,00,00,00,00,00,00,
-1778190059941193,00000381,false,Rx,0,8,05,00,80,3F,00,00,00,00,
-1778190059924443,00000180,false,Rx,0,8,0D,00,01,00,00,00,00,00,
-1778190059923515,00000280,false,Rx,0,8,93,05,8B,3F,0A,46,7E,3D,
-1778190059922582,00000281,false,Rx,0,8,51,0B,DC,42,00,00,34,42,
-1778190059921557,00000380,false,Rx,0,8,00,00,00,00,00,00,00,00,
-1778190059920578,00000381,false,Rx,0,8,05,00,80,3F,00,00,00,00,
-1778190059901702,00000180,false,Rx,0,8,0D,00,01,00,00,00,00,00,
-1778190059900768,00000280,false,Rx,0,8,93,05,8B,3F,0A,46,7E,3D,
-1778190059899839,00000281,false,Rx,0,8,51,0B,DC,42,00,00,34,42,
-1778190059898811,00000380,false,Rx,0,8,00,00,00,00,00,00,00,00,
-1778190059897832,00000381,false,Rx,0,8,05,00,80,3F,00,00,00,00,
-1778190059881108,00000180,false,Rx,0,8,0D,00,01,00,00,00,00,00,
-1778190059880168,00000280,false,Rx,0,8,92,FB,8A,3F,40,2D,81,3D,
-1778190059879235,00000281,false,Rx,0,8,51,0B,DC,42,00,00,34,42,
-1778190059878210,00000380,false,Rx,0,8,00,00,00,00,00,00,00,00,
-1778190059877329,00000381,false,Rx,0,8,05,00,80,3F,00,00,00,00,
-1778190059858370,00000180,false,Rx,0,8,0D,00,01,00,00,00,00,00,
-1778190059857530,00000280,false,Rx,0,8,92,FB,8A,3F,40,2D,81,3D,
-1778190059856598,00000281,false,Rx,0,8,51,0B,DC,42,00,00,34,42,
-1778190059855570,00000380,false,Rx,0,8,00,00,00,00,00,00,00,00,
-1778190059854594,00000381,false,Rx,0,8,05,00,80,3F,00,00,00,00,
-1778190059835699,00000180,false,Rx,0,8,0D,00,01,00,00,00,00,00,
-1778190059834758,00000280,false,Rx,0,8,92,FB,8A,3F,40,2D,81,3D,
-1778190059833829,00000281,false,Rx,0,8,51,0B,DC,42,00,00,34,42,
-1778190059832804,00000380,false,Rx,0,8,00,00,00,00,00,00,00,00,
-1778190059831825,00000381,false,Rx,0,8,05,00,80,3F,00,00,00,00,
-1778190059815273,00000180,false,Rx,0,8,0D,00,01,00,00,00,00,00,
-1778190059814322,00000280,false,Rx,0,8,11,F2,8A,3F,96,78,7F,3D,
-1778190059813389,00000281,false,Rx,0,8,51,0B,DC,42,00,00,34,42,
-1778190059812364,00000380,false,Rx,0,8,00,00,00,00,00,00,00,00,
-1778190059811381,00000381,false,Rx,0,8,05,00,80,3F,00,00,00,00,
-1778190059790129,00000180,false,Rx,0,8,0D,00,01,00,00,00,00,00,
-1778190059789176,00000280,false,Rx,0,8,11,F2,8A,3F,96,78,7F,3D,
-1778190059788244,00000281,false,Rx,0,8,51,0B,DC,42,00,00,34,42,
-1778190059787215,00000380,false,Rx,0,8,00,00,00,00,00,00,00,00,
-1778190059786235,00000381,false,Rx,0,8,05,00,80,3F,00,00,00,00,
-1778190059769530,00000180,false,Rx,0,8,0D,00,01,00,00,00,00,00,
-1778190059768590,00000280,false,Rx,0,8,0A,E9,8A,3F,DC,BE,81,3D,
-1778190059767657,00000281,false,Rx,0,8,51,0B,DC,42,00,00,34,42,
-1778190059766631,00000380,false,Rx,0,8,00,00,00,00,00,00,00,00,
-1778190059765653,00000381,false,Rx,0,8,05,00,80,3F,00,00,00,00,
-1778190059746791,00000180,false,Rx,0,8,0D,00,01,00,00,00,00,00,
-1778190059745855,00000280,false,Rx,0,8,0A,E9,8A,3F,DC,BE,81,3D,
-1778190059744922,00000281,false,Rx,0,8,51,0B,DC,42,00,00,34,42,
-1778190059743893,00000380,false,Rx,0,8,00,00,00,00,00,00,00,00,
-1778190059742914,00000381,false,Rx,0,8,05,00,80,3F,00,00,00,00,
-1778190059726173,00000180,false,Rx,0,8,0D,00,01,00,00,00,00,00,
-1778190059725229,00000280,false,Rx,0,8,1C,7C,8F,3F,9F,46,80,3D,
-1778190059724296,00000281,false,Rx,0,8,51,0B,DC,42,00,00,34,42,
-1778190059723267,00000380,false,Rx,0,8,00,00,00,00,00,00,00,00,
-1778190059722288,00000381,false,Rx,0,8,05,00,80,3F,00,00,00,00,
-1778190059703446,00000180,false,Rx,0,8,0D,00,01,00,00,00,00,00,
-1778190059702498,00000280,false,Rx,0,8,1C,7C,8F,3F,9F,46,80,3D,
-1778190059701565,00000281,false,Rx,0,8,51,0B,DC,42,00,00,34,42,
-1778190059700540,00000380,false,Rx,0,8,00,00,00,00,00,00,00,00,
-1778190059699561,00000381,false,Rx,0,8,05,00,80,3F,00,00,00,00,
-1778190059680667,00000180,false,Rx,0,8,0D,00,01,00,00,00,00,00,
-1778190059679719,00000280,false,Rx,0,8,1C,7C,8F,3F,9F,46,80,3D,
-1778190059678791,00000281,false,Rx,0,8,51,0B,DC,42,00,00,34,42,
-1778190059677864,00000380,false,Rx,0,8,00,00,00,00,00,00,00,00,
-1778190059676885,00000381,false,Rx,0,8,05,00,80,3F,00,00,00,00,
-1778190059660051,00000180,false,Rx,0,8,0D,00,01,00,00,00,00,00,
-1778190059659122,00000280,false,Rx,0,8,FA,38,8F,3F,46,42,82,3D,
-1778190059658189,00000281,false,Rx,0,8,51,0B,DC,42,00,00,34,42,
-1778190059657263,00000380,false,Rx,0,8,00,00,00,00,00,00,00,00,
-1778190059656282,00000381,false,Rx,0,8,05,00,80,3F,00,00,00,00,
-1778190059635188,00000180,false,Rx,0,8,0D,00,01,00,00,00,00,00,
-1778190059634259,00000280,false,Rx,0,8,FA,38,8F,3F,46,42,82,3D,
-1778190059633326,00000281,false,Rx,0,8,51,0B,DC,42,00,00,34,42,
-1778190059632300,00000380,false,Rx,0,8,00,00,00,00,00,00,00,00,
-1778190059631322,00000381,false,Rx,0,8,05,00,80,3F,00,00,00,00,
-1778190059614589,00000180,false,Rx,0,8,0D,00,01,00,00,00,00,00,
-1778190059613626,00000280,false,Rx,0,8,34,F9,8E,3F,77,C3,80,3D,
-1778190059612693,00000281,false,Rx,0,8,51,0B,DC,42,00,00,34,42,
-1778190059611668,00000380,false,Rx,0,8,00,00,00,00,00,00,00,00,
-1778190059610689,00000381,false,Rx,0,8,05,00,80,3F,00,00,00,00,
-1778190059591859,00000180,false,Rx,0,8,0D,00,01,00,00,00,00,00,
-1778190059590899,00000280,false,Rx,0,8,34,F9,8E,3F,77,C3,80,3D,
-1778190059589967,00000281,false,Rx,0,8,51,0B,DC,42,00,00,34,42,
-1778190059588937,00000380,false,Rx,0,8,00,00,00,00,00,00,00,00,
-1778190059587959,00000381,false,Rx,0,8,05,00,80,3F,00,00,00,00,
-1778190059571241,00000180,false,Rx,0,8,0D,00,01,00,00,00,00,00,
-1778190059570312,00000280,false,Rx,0,8,9E,BC,8E,3F,DF,B8,82,3D,
-1778190059569379,00000281,false,Rx,0,8,51,0B,DC,42,00,00,34,42,
-1778190059568354,00000380,false,Rx,0,8,00,00,00,00,00,00,00,00,
-1778190059567372,00000381,false,Rx,0,8,05,00,80,3F,00,00,00,00,
-1778190059551072,00000180,false,Rx,0,8,0D,00,01,00,00,00,00,00,
-1778190059550143,00000280,false,Rx,0,8,9E,BC,8E,3F,DF,B8,82,3D,
-1778190059549209,00000281,false,Rx,0,8,51,0B,DC,42,00,00,34,42,
-1778190059548185,00000380,false,Rx,0,8,00,00,00,00,00,00,00,00,
-1778190059547206,00000381,false,Rx,0,8,05,00,80,3F,00,00,00,00,
-1778190059528328,00000180,false,Rx,0,8,0D,00,01,00,00,00,00,00,
-1778190059527395,00000280,false,Rx,0,8,9E,BC,8E,3F,DF,B8,82,3D,
-1778190059526467,00000281,false,Rx,0,8,51,0B,DC,42,00,00,34,42,
-1778190059525437,00000380,false,Rx,0,8,00,00,00,00,00,00,00,00,
-1778190059524458,00000381,false,Rx,0,8,05,00,80,3F,00,00,00,00,
-1778190059507726,00000180,false,Rx,0,8,0D,00,01,00,00,00,00,00,
-1778190059506786,00000280,false,Rx,0,8,10,83,8E,3F,22,34,81,3D,
-1778190059505858,00000281,false,Rx,0,8,51,0B,DC,42,00,00,34,42,
-1778190059504832,00000380,false,Rx,0,8,00,00,00,00,00,00,00,00,
-1778190059503849,00000381,false,Rx,0,8,05,00,80,3F,00,00,00,00,
-1778190059482600,00000180,false,Rx,0,8,0D,00,01,00,00,00,00,00,
-1778190059481659,00000280,false,Rx,0,8,10,83,8E,3F,22,34,81,3D,
-1778190059480727,00000281,false,Rx,0,8,51,0B,DC,42,00,00,34,42,
-1778190059479702,00000380,false,Rx,0,8,00,00,00,00,00,00,00,00,
-1778190059478722,00000381,false,Rx,0,8,05,00,80,3F,00,00,00,00,
-1778190059462174,00000180,false,Rx,0,8,0D,00,01,00,00,00,00,00,
-1778190059461241,00000280,false,Rx,0,8,62,4C,8E,3F,8D,03,82,3D,
-1778190059460313,00000281,false,Rx,0,8,51,0B,DC,42,00,00,34,42,
-1778190059459283,00000380,false,Rx,0,8,00,00,00,00,00,00,00,00,
-1778190059458304,00000381,false,Rx,0,8,05,00,80,3F,00,00,00,00,
-1778190059439421,00000180,false,Rx,0,8,0D,00,01,00,00,00,00,00,
-1778190059438488,00000280,false,Rx,0,8,62,4C,8E,3F,8D,03,82,3D,
-1778190059437658,00000281,false,Rx,0,8,51,0B,DC,42,00,00,34,42,
-1778190059436633,00000380,false,Rx,0,8,00,00,00,00,00,00,00,00,
-1778190059435653,00000381,false,Rx,0,8,05,00,80,3F,00,00,00,00,
-1778190059416767,00000180,false,Rx,0,8,0D,00,01,00,00,00,00,00,
-1778190059415835,00000280,false,Rx,0,8,62,4C,8E,3F,8D,03,82,3D,
-1778190059414906,00000281,false,Rx,0,8,51,0B,DC,42,00,00,34,42,
-1778190059413876,00000380,false,Rx,0,8,00,00,00,00,00,00,00,00,
-1778190059412898,00000381,false,Rx,0,8,05,00,80,3F,00,00,00,00,
-1778190059396150,00000180,false,Rx,0,8,0D,00,01,00,00,00,00,00,
-1778190059395218,00000280,false,Rx,0,8,70,18,8E,3F,E1,87,80,3D,
-1778190059394288,00000281,false,Rx,0,8,51,0B,DC,42,00,00,34,42,
-1778190059393260,00000380,false,Rx,0,8,00,00,00,00,00,00,00,00,
-1778190059392281,00000381,false,Rx,0,8,05,00,80,3F,00,00,00,00,
-1778190059373419,00000180,false,Rx,0,8,0D,00,01,00,00,00,00,00,
-1778190059372490,00000280,false,Rx,0,8,70,18,8E,3F,E1,87,80,3D,
-1778190059371557,00000281,false,Rx,0,8,51,0B,DC,42,00,00,34,42,
-1778190059370533,00000380,false,Rx,0,8,00,00,00,00,00,00,00,00,
-1778190059369553,00000381,false,Rx,0,8,05,00,80,3F,00,00,00,00,
-1778190059352802,00000180,false,Rx,0,8,0D,00,01,00,00,00,00,00,
-1778190059351858,00000280,false,Rx,0,8,17,E7,8D,3F,44,80,82,3D,
-1778190059350925,00000281,false,Rx,0,8,51,0B,DC,42,00,00,34,42,
-1778190059349899,00000380,false,Rx,0,8,00,00,00,00,00,00,00,00,
-1778190059348921,00000381,false,Rx,0,8,05,00,80,3F,00,00,00,00,
-1778190059330074,00000180,false,Rx,0,8,0D,00,01,00,00,00,00,00,
-1778190059329127,00000280,false,Rx,0,8,17,E7,8D,3F,44,80,82,3D,
-1778190059328198,00000281,false,Rx,0,8,51,0B,DC,42,00,00,34,42,
-1778190059327168,00000380,false,Rx,0,8,00,00,00,00,00,00,00,00,
-1778190059326189,00000381,false,Rx,0,8,05,00,80,3F,00,00,00,00,
-1778190059307239,00000180,false,Rx,0,8,0D,00,01,00,00,00,00,00,
-1778190059306295,00000280,false,Rx,0,8,36,B8,8D,3F,5C,FE,80,3D,
-1778190059305363,00000281,false,Rx,0,8,51,0B,DC,42,00,00,34,42,
-1778190059304334,00000380,false,Rx,0,8,00,00,00,00,00,00,00,00,
-1778190059303358,00000381,false,Rx,0,8,05,00,80,3F,00,00,00,00,
-1778190059284513,00000180,false,Rx,0,8,0D,00,01,00,00,00,00,00,
-1778190059283568,00000280,false,Rx,0,8,36,B8,8D,3F,5C,FE,80,3D,
-1778190059282636,00000281,false,Rx,0,8,51,0B,DC,42,00,00,34,42,
-1778190059281606,00000380,false,Rx,0,8,00,00,00,00,00,00,00,00,
-1778190059280628,00000381,false,Rx,0,8,05,00,80,3F,00,00,00,00,
-1778190059261729,00000180,false,Rx,0,8,0D,00,01,00,00,00,00,00,
-1778190059260781,00000280,false,Rx,0,8,36,B8,8D,3F,5C,FE,80,3D,
-1778190059259851,00000281,false,Rx,0,8,51,0B,DC,42,00,00,34,42,
-1778190059258822,00000380,false,Rx,0,8,00,00,00,00,00,00,00,00,
-1778190059257942,00000381,false,Rx,0,8,05,00,80,3F,00,00,00,00,
-1778190059241109,00000180,false,Rx,0,8,0D,00,01,00,00,00,00,00,
-1778190059240187,00000280,false,Rx,0,8,AD,8B,8D,3F,D2,F0,82,3D,
-1778190059239255,00000281,false,Rx,0,8,51,0B,DC,42,00,00,34,42,
-1778190059238328,00000380,false,Rx,0,8,00,00,00,00,00,00,00,00,
-1778190059237351,00000381,false,Rx,0,8,05,00,80,3F,00,00,00,00,
-1778190059218497,00000180,false,Rx,0,8,0D,00,01,00,00,00,00,00,
-1778190059217575,00000280,false,Rx,0,8,AD,8B,8D,3F,D2,F0,82,3D,
-1778190059216643,00000281,false,Rx,0,8,51,0B,DC,42,00,00,34,42,
-1778190059215617,00000380,false,Rx,0,8,00,00,00,00,00,00,00,00,
-1778190059214638,00000381,false,Rx,0,8,05,00,80,3F,00,00,00,00,
-1778190059198064,00000180,false,Rx,0,8,0D,00,01,00,00,00,00,00,
-1778190059197142,00000280,false,Rx,0,8,5E,61,8D,3F,49,69,81,3D,
-1778190059196213,00000281,false,Rx,0,8,51,0B,DC,42,00,00,34,42,
-1778190059195184,00000380,false,Rx,0,8,00,00,00,00,00,00,00,00,
-1778190059194205,00000381,false,Rx,0,8,05,00,80,3F,00,00,00,00,
-1778190059175347,00000180,false,Rx,0,8,0D,00,01,00,00,00,00,00,
-1778190059174422,00000280,false,Rx,0,8,5E,61,8D,3F,49,69,81,3D,
-1778190059173493,00000281,false,Rx,0,8,51,0B,DC,42,00,00,34,42,
-1778190059172464,00000380,false,Rx,0,8,00,00,00,00,00,00,00,00,
-1778190059171485,00000381,false,Rx,0,8,05,00,80,3F,00,00,00,00,
-1778190059152512,00000180,false,Rx,0,8,0D,00,01,00,00,00,00,00,
-1778190059151580,00000280,false,Rx,0,8,2D,39,8D,3F,67,56,83,3D,
-1778190059150651,00000281,false,Rx,0,8,51,0B,DC,42,00,00,34,42,
-1778190059149622,00000380,false,Rx,0,8,00,00,00,00,00,00,00,00,
-1778190059148643,00000381,false,Rx,0,8,05,00,80,3F,00,00,00,00,
-1778190059129785,00000180,false,Rx,0,8,0D,00,01,00,00,00,00,00,
-1778190059128852,00000280,false,Rx,0,8,2D,39,8D,3F,67,56,83,3D,
-1778190059127923,00000281,false,Rx,0,8,51,0B,DC,42,00,00,34,42,
-1778190059126895,00000380,false,Rx,0,8,00,00,00,00,00,00,00,00,
-1778190059125916,00000381,false,Rx,0,8,05,00,80,3F,00,00,00,00,
-1778190059106801,00000180,false,Rx,0,8,0D,00,01,00,00,00,00,00,
-1778190059105868,00000280,false,Rx,0,8,2D,39,8D,3F,67,56,83,3D,
-1778190059104936,00000281,false,Rx,0,8,51,0B,DC,42,00,00,34,42,
-1778190059103911,00000380,false,Rx,0,8,00,00,00,00,00,00,00,00,
-1778190059102931,00000381,false,Rx,0,8,05,00,80,3F,00,00,00,00,
-1778190059085988,00000180,false,Rx,0,8,0D,00,01,00,00,00,00,00,
-1778190059085058,00000280,false,Rx,0,8,FE,12,8D,3F,CA,C9,81,3D,
-1778190059084126,00000281,false,Rx,0,8,51,0B,DC,42,00,00,34,42,
-1778190059083100,00000380,false,Rx,0,8,00,00,00,00,00,00,00,00,
-1778190059082121,00000381,false,Rx,0,8,05,00,80,3F,00,00,00,00,
-1778190059063053,00000180,false,Rx,0,8,0D,00,01,00,00,00,00,00,
-1778190059062124,00000280,false,Rx,0,8,FE,12,8D,3F,CA,C9,81,3D,
-1778190059061192,00000281,false,Rx,0,8,51,0B,DC,42,00,00,34,42,
-1778190059060162,00000380,false,Rx,0,8,00,00,00,00,00,00,00,00,
-1778190059059184,00000381,false,Rx,0,8,05,00,80,3F,00,00,00,00,
-1778190059042236,00000180,false,Rx,0,8,0D,00,01,00,00,00,00,00,
-1778190059041315,00000280,false,Rx,0,8,B8,EE,8C,3F,15,B2,83,3D,
-1778190059040383,00000281,false,Rx,0,8,51,0B,DC,42,00,00,34,42,
-1778190059039353,00000380,false,Rx,0,8,00,00,00,00,00,00,00,00,
-1778190059038375,00000381,false,Rx,0,8,05,00,80,3F,00,00,00,00,
-1778190059019306,00000180,false,Rx,0,8,0D,00,01,00,00,00,00,00,
-1778190059018385,00000280,false,Rx,0,8,B8,EE,8C,3F,15,B2,83,3D,
-1778190059017355,00000281,false,Rx,0,8,51,0B,DC,42,00,00,34,42,
-1778190059016325,00000380,false,Rx,0,8,00,00,00,00,00,00,00,00,
-1778190059015346,00000381,false,Rx,0,8,05,00,80,3F,00,00,00,00,
-1778190058996191,00000180,false,Rx,0,8,0D,00,01,00,00,00,00,00,
-1778190058995258,00000280,false,Rx,0,8,42,CC,8C,3F,E2,20,82,3D,
-1778190058994329,00000281,false,Rx,0,8,51,0B,DC,42,00,00,34,42,
-1778190058993301,00000380,false,Rx,0,8,00,00,00,00,00,00,00,00,
-1778190058992321,00000381,false,Rx,0,8,05,00,80,3F,00,00,00,00,
-1778190058975825,00000180,false,Rx,0,8,0D,00,01,00,00,00,00,00,
-1778190058974892,00000280,false,Rx,0,8,42,CC,8C,3F,E2,20,82,3D,
-1778190058973963,00000281,false,Rx,0,8,51,0B,DC,42,00,00,34,42,
-1778190058972934,00000380,false,Rx,0,8,00,00,00,00,00,00,00,00,
-1778190058971955,00000381,false,Rx,0,8,05,00,80,3F,00,00,00,00,
-1778190058952886,00000180,false,Rx,0,8,0D,00,01,00,00,00,00,00,
-1778190058951957,00000280,false,Rx,0,8,42,CC,8C,3F,E2,20,82,3D,
-1778190058951025,00000281,false,Rx,0,8,51,0B,DC,42,00,00,34,42,
-1778190058949996,00000380,false,Rx,0,8,00,00,00,00,00,00,00,00,
-1778190058949017,00000381,false,Rx,0,8,05,00,80,3F,00,00,00,00,
-1778190058932075,00000180,false,Rx,0,8,0D,00,01,00,00,00,00,00,
-1778190058931154,00000280,false,Rx,0,8,85,AB,8C,3F,D2,04,84,3D,
-1778190058930222,00000281,false,Rx,0,8,51,0B,DC,42,00,00,34,42,
-1778190058929197,00000380,false,Rx,0,8,00,00,00,00,00,00,00,00,
-1778190058928217,00000381,false,Rx,0,8,05,00,80,3F,00,00,00,00,
-1778190058909138,00000180,false,Rx,0,8,0D,00,01,00,00,00,00,00,
-1778190058908217,00000280,false,Rx,0,8,85,AB,8C,3F,D2,04,84,3D,
-1778190058907284,00000281,false,Rx,0,8,51,0B,DC,42,00,00,34,42,
-1778190058906258,00000380,false,Rx,0,8,00,00,00,00,00,00,00,00,
-1778190058905280,00000381,false,Rx,0,8,05,00,80,3F,00,00,00,00,
-1778190058888325,00000180,false,Rx,0,8,0D,00,01,00,00,00,00,00,
-1778190058887377,00000280,false,Rx,0,8,6B,8C,8C,3F,7C,6F,82,3D,
-1778190058886443,00000281,false,Rx,0,8,51,0B,DC,42,00,00,34,42,
-1778190058885418,00000380,false,Rx,0,8,00,00,00,00,00,00,00,00,
-1778190058884440,00000381,false,Rx,0,8,05,00,80,3F,00,00,00,00,
-1778190058865385,00000180,false,Rx,0,8,0D,00,01,00,00,00,00,00,
-1778190058864437,00000280,false,Rx,0,8,6B,8C,8C,3F,7C,6F,82,3D,
-1778190058863509,00000281,false,Rx,0,8,51,0B,DC,42,00,00,34,42,
-1778190058862480,00000380,false,Rx,0,8,00,00,00,00,00,00,00,00,
-1778190058861500,00000381,false,Rx,0,8,05,00,80,3F,00,00,00,00,
-1778190058842424,00000180,false,Rx,0,8,0D,00,01,00,00,00,00,00,
-1778190058841476,00000280,false,Rx,0,8,6B,8C,8C,3F,7C,6F,82,3D,
-1778190058840548,00000281,false,Rx,0,8,51,0B,DC,42,00,00,34,42,
-1778190058839518,00000380,false,Rx,0,8,00,00,00,00,00,00,00,00,
-1778190058838539,00000381,false,Rx,0,8,05,00,80,3F,00,00,00,00,
-1778190058819185,00000180,false,Rx,0,8,0D,00,01,00,00,00,00,00,
-1778190058818236,00000280,false,Rx,0,8,DF,6E,8C,3F,6A,EE,80,3D,
-1778190058817307,00000281,false,Rx,0,8,51,0B,DC,42,00,00,34,42,
-1778190058816180,00000380,false,Rx,0,8,00,00,00,00,00,00,00,00,
-1778190058815200,00000381,false,Rx,0,8,05,00,80,3F,00,00,00,00,
-1778190058796270,00000180,false,Rx,0,8,0D,00,01,00,00,00,00,00,
-1778190058795222,00000280,false,Rx,0,8,DF,6E,8C,3F,6A,EE,80,3D,
-1778190058794294,00000281,false,Rx,0,8,51,0B,DC,42,00,00,34,42,
-1778190058793267,00000380,false,Rx,0,8,00,00,00,00,00,00,00,00,
-1778190058792286,00000381,false,Rx,0,8,05,00,80,3F,00,00,00,00,
-1778190058775536,00000180,false,Rx,0,8,0D,00,01,00,00,00,00,00,
-1778190058774616,00000280,false,Rx,0,8,CE,52,8C,3F,AD,E1,82,3D,
-1778190058773684,00000281,false,Rx,0,8,51,0B,DC,42,00,00,34,42,
-1778190058772656,00000380,false,Rx,0,8,00,00,00,00,00,00,00,00,
-1778190058771678,00000381,false,Rx,0,8,05,00,80,3F,00,00,00,00,
-1778190058752631,00000180,false,Rx,0,8,0D,00,01,00,00,00,00,00,
-1778190058751710,00000280,false,Rx,0,8,CE,52,8C,3F,AD,E1,82,3D,
-1778190058750778,00000281,false,Rx,0,8,51,0B,DC,42,00,00,34,42,
-1778190058749753,00000380,false,Rx,0,8,00,00,00,00,00,00,00,00,
-1778190058748773,00000381,false,Rx,0,8,05,00,80,3F,00,00,00,00,
-1778190058731991,00000180,false,Rx,0,8,0D,00,01,00,00,00,00,00,
-1778190058731046,00000280,false,Rx,0,8,24,38,8C,3F,E6,5A,81,3D,
-1778190058730114,00000281,false,Rx,0,8,51,0B,DC,42,00,00,34,42,
-1778190058729089,00000380,false,Rx,0,8,00,00,00,00,00,00,00,00,
-1778190058728110,00000381,false,Rx,0,8,05,00,80,3F,00,00,00,00,
-1778190058709056,00000180,false,Rx,0,8,0D,00,01,00,00,00,00,00,
-1778190058708108,00000280,false,Rx,0,8,24,38,8C,3F,E6,5A,81,3D,
-1778190058707176,00000281,false,Rx,0,8,51,0B,DC,42,00,00,34,42,
-1778190058706150,00000380,false,Rx,0,8,00,00,00,00,00,00,00,00,
-1778190058705171,00000381,false,Rx,0,8,05,00,80,3F,00,00,00,00,
-1778190058686071,00000180,false,Rx,0,8,0D,00,01,00,00,00,00,00,
-1778190058685123,00000280,false,Rx,0,8,24,38,8C,3F,E6,5A,81,3D,
-1778190058684190,00000281,false,Rx,0,8,51,0B,DC,42,00,00,34,42,
-1778190058683165,00000380,false,Rx,0,8,00,00,00,00,00,00,00,00,
-1778190058682185,00000381,false,Rx,0,8,05,00,80,3F,00,00,00,00,
-1778190058662862,00000180,false,Rx,0,8,0D,00,01,00,00,00,00,00,
-1778190058661930,00000280,false,Rx,0,8,CF,1E,8C,3F,BC,48,83,3D,
-1778190058661001,00000281,false,Rx,0,8,51,0B,DC,42,00,00,34,42,
-1778190058659971,00000380,false,Rx,0,8,00,00,00,00,00,00,00,00,
-1778190058658992,00000381,false,Rx,0,8,05,00,80,3F,00,00,00,00,
-1778190058639916,00000180,false,Rx,0,8,0D,00,01,00,00,00,00,00,
-1778190058638983,00000280,false,Rx,0,8,CF,1E,8C,3F,BC,48,83,3D,
-1778190058638054,00000281,false,Rx,0,8,51,0B,DC,42,00,00,34,42,
-1778190058637026,00000380,false,Rx,0,8,00,00,00,00,00,00,00,00,
-1778190058636047,00000381,false,Rx,0,8,05,00,80,3F,00,00,00,00,
-1778190058619114,00000180,false,Rx,0,8,0D,00,01,00,00,00,00,00,
-1778190058618166,00000280,false,Rx,0,8,BE,06,8C,3F,CE,BC,81,3D,
-1778190058617237,00000281,false,Rx,0,8,51,0B,DC,42,00,00,34,42,
-1778190058616207,00000380,false,Rx,0,8,00,00,00,00,00,00,00,00,
-1778190058615229,00000381,false,Rx,0,8,05,00,80,3F,00,00,00,00,
-1778190058596183,00000180,false,Rx,0,8,0D,00,01,00,00,00,00,00,
-1778190058595238,00000280,false,Rx,0,8,BE,06,8C,3F,CE,BC,81,3D,
-1778190058594206,00000281,false,Rx,0,8,51,0B,DC,42,00,00,34,42,
-1778190058593180,00000380,false,Rx,0,8,00,00,00,00,00,00,00,00,
-1778190058592201,00000381,false,Rx,0,8,05,00,80,3F,00,00,00,00,
-1778190058575369,00000180,false,Rx,0,8,0D,00,01,00,00,00,00,00,
-1778190058574429,00000280,false,Rx,0,8,E2,EF,8B,3F,BF,A5,83,3D,
-1778190058573397,00000281,false,Rx,0,8,51,0B,DC,42,00,00,34,42,
-1778190058572371,00000380,false,Rx,0,8,00,00,00,00,00,00,00,00,
-1778190058571392,00000381,false,Rx,0,8,05,00,80,3F,00,00,00,00,
-1778190058552337,00000180,false,Rx,0,8,0D,00,01,00,00,00,00,00,
-1778190058551400,00000280,false,Rx,0,8,E2,EF,8B,3F,BF,A5,83,3D,
-1778190058550468,00000281,false,Rx,0,8,51,0B,DC,42,00,00,34,42,
-1778190058549439,00000380,false,Rx,0,8,00,00,00,00,00,00,00,00,
-1778190058548459,00000381,false,Rx,0,8,05,00,80,3F,00,00,00,00,
-1778190058529544,00000180,false,Rx,0,8,0D,00,01,00,00,00,00,00,
-1778190058528607,00000280,false,Rx,0,8,E2,EF,8B,3F,BF,A5,83,3D,
-1778190058527675,00000281,false,Rx,0,8,51,0B,DC,42,00,00,34,42,
-1778190058526650,00000380,false,Rx,0,8,00,00,00,00,00,00,00,00,
-1778190058525670,00000381,false,Rx,0,8,05,00,80,3F,00,00,00,00,
-1778190058506536,00000180,false,Rx,0,8,0D,00,01,00,00,00,00,00,
-1778190058505607,00000280,false,Rx,0,8,2A,DA,8B,3F,2A,15,82,3D,
-1778190058504674,00000281,false,Rx,0,8,51,0B,DC,42,00,00,34,42,
-1778190058503646,00000380,false,Rx,0,8,00,00,00,00,00,00,00,00,
-1778190058502666,00000381,false,Rx,0,8,05,00,80,3F,00,00,00,00,
-1778190058483575,00000180,false,Rx,0,8,0D,00,01,00,00,00,00,00,
-1778190058482646,00000280,false,Rx,0,8,2A,DA,8B,3F,2A,15,82,3D,
-1778190058481713,00000281,false,Rx,0,8,51,0B,DC,42,00,00,34,42,
-1778190058480684,00000380,false,Rx,0,8,00,00,00,00,00,00,00,00,
-1778190058479708,00000381,false,Rx,0,8,05,00,80,3F,00,00,00,00,
-1778190058462787,00000180,false,Rx,0,8,0D,00,01,00,00,00,00,00,
-1778190058461858,00000280,false,Rx,0,8,88,C5,8B,3F,B0,F9,83,3D,
-1778190058460926,00000281,false,Rx,0,8,51,0B,DC,42,00,00,34,42,
-1778190058459900,00000380,false,Rx,0,8,00,00,00,00,00,00,00,00,
-1778190058458921,00000381,false,Rx,0,8,05,00,80,3F,00,00,00,00,
-1778190058439837,00000180,false,Rx,0,8,0D,00,01,00,00,00,00,00,
-1778190058438904,00000280,false,Rx,0,8,88,C5,8B,3F,B0,F9,83,3D,
-1778190058437975,00000281,false,Rx,0,8,51,0B,DC,42,00,00,34,42,
-1778190058436947,00000380,false,Rx,0,8,00,00,00,00,00,00,00,00,
-1778190058435967,00000381,false,Rx,0,8,05,00,80,3F,00,00,00,00,
-1778190058419034,00000180,false,Rx,0,8,0D,00,01,00,00,00,00,00,
-1778190058418098,00000280,false,Rx,0,8,EE,B1,8B,3F,E9,64,82,3D,
-1778190058417165,00000281,false,Rx,0,8,51,0B,DC,42,00,00,34,42,
-1778190058416136,00000380,false,Rx,0,8,00,00,00,00,00,00,00,00,
-1778190058415157,00000381,false,Rx,0,8,05,00,80,3F,00,00,00,00,
-1778190058398657,00000180,false,Rx,0,8,0D,00,01,00,00,00,00,00,
-1778190058397720,00000280,false,Rx,0,8,EE,B1,8B,3F,E9,64,82,3D,
-1778190058396787,00000281,false,Rx,0,8,51,0B,DC,42,00,00,34,42,
-1778190058395762,00000380,false,Rx,0,8,00,00,00,00,00,00,00,00,
-1778190058394783,00000381,false,Rx,0,8,05,00,80,3F,00,00,00,00,
-1778190058375744,00000180,false,Rx,0,8,0D,00,01,00,00,00,00,00,
-1778190058374804,00000280,false,Rx,0,8,EE,B1,8B,3F,E9,64,82,3D,
-1778190058373875,00000281,false,Rx,0,8,51,0B,DC,42,00,00,34,42,
-1778190058372846,00000380,false,Rx,0,8,00,00,00,00,00,00,00,00,
-1778190058371769,00000381,false,Rx,0,8,05,00,80,3F,00,00,00,00,
-1778190058352702,00000180,false,Rx,0,8,0D,00,01,00,00,00,00,00,
-1778190058351673,00000280,false,Rx,0,8,4F,9F,8B,3F,72,45,84,3D,
-1778190058350740,00000281,false,Rx,0,8,51,0B,DC,42,00,00,34,42,
-1778190058349716,00000380,false,Rx,0,8,00,00,00,00,00,00,00,00,
-1778190058348735,00000381,false,Rx,0,8,05,00,80,3F,00,00,00,00,
-1778190058329682,00000180,false,Rx,0,8,0D,00,01,00,00,00,00,00,
-1778190058328753,00000280,false,Rx,0,8,4F,9F,8B,3F,72,45,84,3D,
-1778190058327820,00000281,false,Rx,0,8,51,0B,DC,42,00,00,34,42,
-1778190058326791,00000380,false,Rx,0,8,00,00,00,00,00,00,00,00,
-1778190058325812,00000381,false,Rx,0,8,05,00,80,3F,00,00,00,00,
-1778190058308864,00000180,false,Rx,0,8,0D,00,01,00,00,00,00,00,
-1778190058307939,00000280,false,Rx,0,8,9E,8D,8B,3F,E1,AC,82,3D,
-1778190058307010,00000281,false,Rx,0,8,51,0B,DC,42,00,00,34,42,
-1778190058305981,00000380,false,Rx,0,8,00,00,00,00,00,00,00,00,
-1778190058305002,00000381,false,Rx,0,8,05,00,80,3F,00,00,00,00,
-1778190058285941,00000180,false,Rx,0,8,0D,00,01,00,00,00,00,00,
-1778190058285019,00000280,false,Rx,0,8,9E,8D,8B,3F,E1,AC,82,3D,
-1778190058284087,00000281,false,Rx,0,8,51,0B,DC,42,00,00,34,42,
-1778190058283062,00000380,false,Rx,0,8,00,00,00,00,00,00,00,00,
-1778190058282083,00000381,false,Rx,0,8,05,00,80,3F,00,00,00,00,
-1778190058263132,00000180,false,Rx,0,8,0D,00,01,00,00,00,00,00,
-1778190058262211,00000280,false,Rx,0,8,9E,8D,8B,3F,E1,AC,82,3D,
-1778190058261279,00000281,false,Rx,0,8,51,0B,DC,42,00,00,34,42,
-1778190058260253,00000380,false,Rx,0,8,00,00,00,00,00,00,00,00,
-1778190058259274,00000381,false,Rx,0,8,05,00,80,3F,00,00,00,00,
-1778190058242330,00000180,false,Rx,0,8,0D,00,01,00,00,00,00,00,
-1778190058241401,00000280,false,Rx,0,8,D0,7C,8B,3F,D1,89,84,3D,
-1778190058240469,00000281,false,Rx,0,8,51,0B,DC,42,00,00,34,42,
-1778190058239440,00000380,false,Rx,0,8,00,00,00,00,00,00,00,00,
-1778190058238460,00000381,false,Rx,0,8,05,00,80,3F,00,00,00,00,
-1778190058219403,00000180,false,Rx,0,8,0D,00,01,00,00,00,00,00,
-1778190058218470,00000280,false,Rx,0,8,D0,7C,8B,3F,D1,89,84,3D,
-1778190058217541,00000281,false,Rx,0,8,51,0B,DC,42,00,00,34,42,
-1778190058216512,00000380,false,Rx,0,8,00,00,00,00,00,00,00,00,
-1778190058215532,00000381,false,Rx,0,8,05,00,80,3F,00,00,00,00,
-1778190058198585,00000180,false,Rx,0,8,0D,00,01,00,00,00,00,00,
-1778190058197660,00000280,false,Rx,0,8,D9,6C,8B,3F,D5,ED,82,3D,
-1778190058196727,00000281,false,Rx,0,8,51,0B,DC,42,00,00,34,42,
-1778190058195702,00000380,false,Rx,0,8,00,00,00,00,00,00,00,00,
-1778190058194723,00000381,false,Rx,0,8,05,00,80,3F,00,00,00,00,
-1778190058173246,00000180,false,Rx,0,8,0D,00,01,00,00,00,00,00,
-1778190058172325,00000280,false,Rx,0,8,D9,6C,8B,3F,D5,ED,82,3D,
-1778190058171392,00000281,false,Rx,0,8,51,0B,DC,42,00,00,34,42,
-1778190058170266,00000380,false,Rx,0,8,00,00,00,00,00,00,00,00,
-1778190058169284,00000381,false,Rx,0,8,05,00,80,3F,00,00,00,00,
-1778190058152427,00000180,false,Rx,0,8,0D,00,01,00,00,00,00,00,
-1778190058151514,00000280,false,Rx,0,8,AE,5D,8B,3F,86,C7,84,3D,
-1778190058150481,00000281,false,Rx,0,8,51,0B,DC,42,00,00,34,42,
-1778190058149455,00000380,false,Rx,0,8,00,00,00,00,00,00,00,00,
-1778190058148476,00000381,false,Rx,0,8,05,00,80,3F,00,00,00,00,
-1778190058129383,00000180,false,Rx,0,8,0D,00,01,00,00,00,00,00,
-1778190058128465,00000280,false,Rx,0,8,AE,5D,8B,3F,86,C7,84,3D,
-1778190058127536,00000281,false,Rx,0,8,51,0B,DC,42,00,00,34,42,
-1778190058126510,00000380,false,Rx,0,8,00,00,00,00,00,00,00,00,
-1778190058125531,00000381,false,Rx,0,8,05,00,80,3F,00,00,00,00,
-1778190058106435,00000180,false,Rx,0,8,0D,00,01,00,00,00,00,00,
-1778190058105522,00000280,false,Rx,0,8,AE,5D,8B,3F,86,C7,84,3D,
-1778190058104588,00000281,false,Rx,0,8,51,0B,DC,42,00,00,34,42,
-1778190058103564,00000380,false,Rx,0,8,00,00,00,00,00,00,00,00,
-1778190058102585,00000381,false,Rx,0,8,05,00,80,3F,00,00,00,00,
-1778190058086002,00000180,false,Rx,0,8,0D,00,01,00,00,00,00,00,
-1778190058085069,00000280,false,Rx,0,8,46,4F,8B,3F,74,28,83,3D,
-1778190058084141,00000281,false,Rx,0,8,51,0B,DC,42,00,00,34,42,
-1778190058083112,00000380,false,Rx,0,8,00,00,00,00,00,00,00,00,
-1778190058082133,00000381,false,Rx,0,8,05,00,80,3F,00,00,00,00,
-1778190058063282,00000180,false,Rx,0,8,0D,00,01,00,00,00,00,00,
-1778190058062349,00000280,false,Rx,0,8,46,4F,8B,3F,74,28,83,3D,
-1778190058061417,00000281,false,Rx,0,8,51,0B,DC,42,00,00,34,42,
-1778190058060392,00000380,false,Rx,0,8,00,00,00,00,00,00,00,00,
-1778190058059412,00000381,false,Rx,0,8,05,00,80,3F,00,00,00,00,
-1778190058042846,00000180,false,Rx,0,8,0D,00,01,00,00,00,00,00,
-1778190058041909,00000280,false,Rx,0,8,96,41,8B,3F,36,FF,84,3D,
-1778190058040977,00000281,false,Rx,0,8,51,0B,DC,42,00,00,34,42,
-1778190058039951,00000380,false,Rx,0,8,00,00,00,00,00,00,00,00,
-1778190058038972,00000381,false,Rx,0,8,05,00,80,3F,00,00,00,00,
-1778190058017935,00000180,false,Rx,0,8,0D,00,01,00,00,00,00,00,
-1778190058016995,00000280,false,Rx,0,8,96,41,8B,3F,36,FF,84,3D,
-1778190058016066,00000281,false,Rx,0,8,51,0B,DC,42,00,00,34,42,
-1778190058015037,00000380,false,Rx,0,8,00,00,00,00,00,00,00,00,
-1778190058014058,00000381,false,Rx,0,8,05,00,80,3F,00,00,00,00,
-1778190057997491,00000180,false,Rx,0,8,0D,00,01,00,00,00,00,00,
-1778190057996563,00000280,false,Rx,0,8,95,34,8B,3F,5B,5D,83,3D,
-1778190057995629,00000281,false,Rx,0,8,51,0B,DC,42,00,00,34,42,
-1778190057994604,00000380,false,Rx,0,8,00,00,00,00,00,00,00,00,
-1778190057993626,00000381,false,Rx,0,8,05,00,80,3F,00,00,00,00,
-1778190057977331,00000180,false,Rx,0,8,0D,00,01,00,00,00,00,00,
-1778190057976399,00000280,false,Rx,0,8,95,34,8B,3F,5B,5D,83,3D,
-1778190057975470,00000281,false,Rx,0,8,51,0B,DC,42,00,00,34,42,
-1778190057974441,00000380,false,Rx,0,8,00,00,00,00,00,00,00,00,
-1778190057973462,00000381,false,Rx,0,8,05,00,80,3F,00,00,00,00,
-1778190057954601,00000180,false,Rx,0,8,0D,00,01,00,00,00,00,00,
-1778190057953671,00000280,false,Rx,0,8,95,34,8B,3F,5B,5D,83,3D,
-1778190057952739,00000281,false,Rx,0,8,51,0B,DC,42,00,00,34,42,
-1778190057951714,00000380,false,Rx,0,8,00,00,00,00,00,00,00,00,
-1778190057950736,00000381,false,Rx,0,8,05,00,80,3F,00,00,00,00,
-1778190057934169,00000180,false,Rx,0,8,0D,00,01,00,00,00,00,00,
-1778190057933221,00000280,false,Rx,0,8,3A,28,8B,3F,78,31,85,3D,
-1778190057932292,00000281,false,Rx,0,8,51,0B,DC,42,00,00,34,42,
-1778190057931263,00000380,false,Rx,0,8,00,00,00,00,00,00,00,00,
-1778190057930383,00000381,false,Rx,0,8,05,00,80,3F,00,00,00,00,
-1778190057911447,00000180,false,Rx,0,8,0D,00,01,00,00,00,00,00,
-1778190057910600,00000280,false,Rx,0,8,3A,28,8B,3F,78,31,85,3D,
-1778190057909670,00000281,false,Rx,0,8,51,0B,DC,42,00,00,34,42,
-1778190057908643,00000380,false,Rx,0,8,00,00,00,00,00,00,00,00,
-1778190057907663,00000381,false,Rx,0,8,05,00,80,3F,00,00,00,00,
-1778190057890837,00000180,false,Rx,0,8,0D,00,01,00,00,00,00,00,
-1778190057890007,00000280,false,Rx,0,8,7E,1C,8B,3F,1A,8D,83,3D,
-1778190057889074,00000281,false,Rx,0,8,51,0B,DC,42,00,00,34,42,
-1778190057888046,00000380,false,Rx,0,8,00,00,00,00,00,00,00,00,
-1778190057887069,00000381,false,Rx,0,8,05,00,80,3F,00,00,00,00,
-1778190057865671,00000180,false,Rx,0,8,0D,00,01,00,00,00,00,00,
-1778190057864741,00000280,false,Rx,0,8,7E,1C,8B,3F,1A,8D,83,3D,
-1778190057863809,00000281,false,Rx,0,8,51,0B,DC,42,00,00,34,42,
-1778190057862780,00000380,false,Rx,0,8,00,00,00,00,00,00,00,00,
-1778190057861801,00000381,false,Rx,0,8,05,00,80,3F,00,00,00,00,
-1778190057844950,00000180,false,Rx,0,8,0D,00,01,00,00,00,00,00,
-1778190057844016,00000280,false,Rx,0,8,58,11,8B,3F,D4,5E,85,3D,
-1778190057843087,00000281,false,Rx,0,8,51,0B,DC,42,00,00,34,42,
-1778190057842059,00000380,false,Rx,0,8,00,00,00,00,00,00,00,00,
-1778190057841079,00000381,false,Rx,0,8,05,00,80,3F,00,00,00,00,
-1778190057824805,00000180,false,Rx,0,8,0D,00,01,00,00,00,00,00,
-1778190057823872,00000280,false,Rx,0,8,58,11,8B,3F,D4,5E,85,3D,
-1778190057822940,00000281,false,Rx,0,8,51,0B,DC,42,00,00,34,42,
-1778190057821915,00000380,false,Rx,0,8,00,00,00,00,00,00,00,00,
-1778190057820935,00000381,false,Rx,0,8,05,00,80,3F,00,00,00,00,
-1778190057802059,00000180,false,Rx,0,8,0D,00,01,00,00,00,00,00,
-1778190057801126,00000280,false,Rx,0,8,58,11,8B,3F,D4,5E,85,3D,
-1778190057800193,00000281,false,Rx,0,8,51,0B,DC,42,00,00,34,42,
-1778190057799168,00000380,false,Rx,0,8,00,00,00,00,00,00,00,00,
-1778190057798190,00000381,false,Rx,0,8,05,00,80,3F,00,00,00,00,
-1778190057781457,00000180,false,Rx,0,8,0D,00,01,00,00,00,00,00,
-1778190057780517,00000280,false,Rx,0,8,C1,06,8B,3F,32,B8,83,3D,
-1778190057779588,00000281,false,Rx,0,8,51,0B,DC,42,00,00,34,42,
-1778190057778558,00000380,false,Rx,0,8,00,00,00,00,00,00,00,00,
-1778190057777579,00000381,false,Rx,0,8,05,00,80,3F,00,00,00,00,
-1778190057758737,00000180,false,Rx,0,8,0D,00,01,00,00,00,00,00,
-1778190057757797,00000280,false,Rx,0,8,C1,06,8B,3F,32,B8,83,3D,
-1778190057756864,00000281,false,Rx,0,8,51,0B,DC,42,00,00,34,42,
-1778190057755839,00000380,false,Rx,0,8,00,00,00,00,00,00,00,00,
-1778190057754859,00000381,false,Rx,0,8,05,00,80,3F,00,00,00,00,
-1778190057738308,00000180,false,Rx,0,8,0D,00,01,00,00,00,00,00,
-1778190057737387,00000280,false,Rx,0,8,B1,FC,8A,3F,C4,87,85,3D,
-1778190057736455,00000281,false,Rx,0,8,51,0B,DC,42,00,00,34,42,
-1778190057735430,00000380,false,Rx,0,8,00,00,00,00,00,00,00,00,
-1778190057734450,00000381,false,Rx,0,8,05,00,80,3F,00,00,00,00,
-1778190057715566,00000180,false,Rx,0,8,0D,00,01,00,00,00,00,00,
-1778190057714641,00000280,false,Rx,0,8,B1,FC,8A,3F,C4,87,85,3D,
-1778190057713711,00000281,false,Rx,0,8,51,0B,DC,42,00,00,34,42,
-1778190057712682,00000380,false,Rx,0,8,00,00,00,00,00,00,00,00,
-1778190057711704,00000381,false,Rx,0,8,05,00,80,3F,00,00,00,00,
-1778190057690487,00000180,false,Rx,0,8,0D,00,01,00,00,00,00,00,
-1778190057689566,00000280,false,Rx,0,8,B1,FC,8A,3F,C4,87,85,3D,
-1778190057688635,00000281,false,Rx,0,8,51,0B,DC,42,00,00,34,42,
-1778190057687606,00000380,false,Rx,0,8,00,00,00,00,00,00,00,00,
-1778190057686627,00000381,false,Rx,0,8,05,00,80,3F,00,00,00,00,
-1778190057669877,00000180,false,Rx,0,8,0D,00,01,00,00,00,00,00,
-1778190057668945,00000280,false,Rx,0,8,C7,8E,8F,3F,16,DF,83,3D,
-1778190057668016,00000281,false,Rx,0,8,51,0B,DC,42,00,00,34,42,
-1778190057666988,00000380,false,Rx,0,8,00,00,00,00,00,00,00,00,
-1778190057666008,00000381,false,Rx,0,8,05,00,80,3F,00,00,00,00,
-1778190057647155,00000180,false,Rx,0,8,0D,00,01,00,00,00,00,00,
-1778190057646226,00000280,false,Rx,0,8,C7,8E,8F,3F,16,DF,83,3D,
-1778190057645293,00000281,false,Rx,0,8,51,0B,DC,42,00,00,34,42,
-1778190057644268,00000380,false,Rx,0,8,00,00,00,00,00,00,00,00,
-1778190057643289,00000381,false,Rx,0,8,05,00,80,3F,00,00,00,00,
-1778190057626730,00000180,false,Rx,0,8,0D,00,01,00,00,00,00,00,
-1778190057625816,00000280,false,Rx,0,8,B6,4A,8F,3F,B6,AC,85,3D,
-1778190057624888,00000281,false,Rx,0,8,51,0B,DC,42,00,00,34,42,
-1778190057623858,00000380,false,Rx,0,8,00,00,00,00,00,00,00,00,
-1778190057622879,00000381,false,Rx,0,8,05,00,80,3F,00,00,00,00,
-1778190057603995,00000180,false,Rx,0,8,0D,00,01,00,00,00,00,00,
-1778190057603078,00000280,false,Rx,0,8,B6,4A,8F,3F,B6,AC,85,3D,
-1778190057602149,00000281,false,Rx,0,8,51,0B,DC,42,00,00,34,42,
-1778190057601120,00000380,false,Rx,0,8,00,00,00,00,00,00,00,00,
-1778190057600141,00000381,false,Rx,0,8,05,00,80,3F,00,00,00,00,
-1778190057583374,00000180,false,Rx,0,8,0D,00,01,00,00,00,00,00,
-1778190057582422,00000280,false,Rx,0,8,0D,0A,8F,3F,2E,02,84,3D,
-1778190057581490,00000281,false,Rx,0,8,51,0B,DC,42,00,00,34,42,
-1778190057580460,00000380,false,Rx,0,8,00,00,00,00,00,00,00,00,
-1778190057579482,00000381,false,Rx,0,8,05,00,80,3F,00,00,00,00,
-1778190057560639,00000180,false,Rx,0,8,0D,00,01,00,00,00,00,00,
-1778190057559683,00000280,false,Rx,0,8,0D,0A,8F,3F,2E,02,84,3D,
-1778190057558750,00000281,false,Rx,0,8,51,0B,DC,42,00,00,34,42,
-1778190057557726,00000380,false,Rx,0,8,00,00,00,00,00,00,00,00,
-1778190057556746,00000381,false,Rx,0,8,05,00,80,3F,00,00,00,00,
-1778190057535648,00000180,false,Rx,0,8,0D,00,01,00,00,00,00,00,
-1778190057534692,00000280,false,Rx,0,8,0D,0A,8F,3F,2E,02,84,3D,
-1778190057533760,00000281,false,Rx,0,8,51,0B,DC,42,00,00,34,42,
-1778190057532730,00000380,false,Rx,0,8,00,00,00,00,00,00,00,00,
-1778190057531752,00000381,false,Rx,0,8,05,00,80,3F,00,00,00,00,
-1778190057515037,00000180,false,Rx,0,8,0D,00,01,00,00,00,00,00,
-1778190057514096,00000280,false,Rx,0,8,9F,CC,8E,3F,FA,6C,82,3D,
-1778190057513168,00000281,false,Rx,0,8,51,0B,DC,42,00,00,34,42,
-1778190057512138,00000380,false,Rx,0,8,00,00,00,00,00,00,00,00,
-1778190057511257,00000381,false,Rx,0,8,05,00,80,3F,00,00,00,00,
-1778190057492316,00000180,false,Rx,0,8,0D,00,01,00,00,00,00,00,
-1778190057491376,00000280,false,Rx,0,8,9F,CC,8E,3F,FA,6C,82,3D,
-1778190057490544,00000281,false,Rx,0,8,51,0B,DC,42,00,00,34,42,
-1778190057489519,00000380,false,Rx,0,8,00,00,00,00,00,00,00,00,
-1778190057488539,00000381,false,Rx,0,8,05,00,80,3F,00,00,00,00,
-1778190057471688,00000180,false,Rx,0,8,0D,00,01,00,00,00,00,00,
-1778190057470861,00000280,false,Rx,0,8,44,92,8E,3F,C1,2C,83,3D,
-1778190057469928,00000281,false,Rx,0,8,51,0B,DC,42,00,00,34,42,
-1778190057468900,00000380,false,Rx,0,8,00,00,00,00,00,00,00,00,
-1778190057467920,00000381,false,Rx,0,8,05,00,80,3F,00,00,00,00,
-1778190057449061,00000180,false,Rx,0,8,0D,00,01,00,00,00,00,00,
-1778190057448131,00000280,false,Rx,0,8,44,92,8E,3F,C1,2C,83,3D,
-1778190057447198,00000281,false,Rx,0,8,51,0B,DC,42,00,00,34,42,
-1778190057446170,00000380,false,Rx,0,8,00,00,00,00,00,00,00,00,
-1778190057445191,00000381,false,Rx,0,8,05,00,80,3F,00,00,00,00,
-1778190057428442,00000180,false,Rx,0,8,0D,00,01,00,00,00,00,00,
-1778190057427510,00000280,false,Rx,0,8,D4,5A,8E,3F,39,A2,81,3D,
-1778190057426581,00000281,false,Rx,0,8,51,0B,DC,42,00,00,34,42,
-1778190057425552,00000380,false,Rx,0,8,00,00,00,00,00,00,00,00,
-1778190057424572,00000381,false,Rx,0,8,05,00,80,3F,00,00,00,00,
-1778190057408283,00000180,false,Rx,0,8,0D,00,01,00,00,00,00,00,
-1778190057407351,00000280,false,Rx,0,8,D4,5A,8E,3F,39,A2,81,3D,
-1778190057406418,00000281,false,Rx,0,8,51,0B,DC,42,00,00,34,42,
-1778190057405394,00000380,false,Rx,0,8,00,00,00,00,00,00,00,00,
-1778190057404415,00000381,false,Rx,0,8,05,00,80,3F,00,00,00,00,
-1778190057375302,00000180,false,Rx,0,8,0D,00,01,00,00,00,00,00,
-1778190057374373,00000280,false,Rx,0,8,D4,5A,8E,3F,39,A2,81,3D,
-1778190057373441,00000281,false,Rx,0,8,51,0B,DC,42,00,00,34,42,
-1778190057372415,00000380,false,Rx,0,8,00,00,00,00,00,00,00,00,
-1778190057371534,00000381,false,Rx,0,8,05,00,80,3F,00,00,00,00,
-1778190057354703,00000180,false,Rx,0,8,0D,00,01,00,00,00,00,00,
-1778190057353762,00000280,false,Rx,0,8,2A,26,8E,3F,7E,8C,83,3D,
-1778190057352833,00000281,false,Rx,0,8,51,0B,DC,42,00,00,34,42,
-1778190057351804,00000380,false,Rx,0,8,00,00,00,00,00,00,00,00,
-1778190057350926,00000381,false,Rx,0,8,05,00,80,3F,00,00,00,00,
-1778190057331990,00000180,false,Rx,0,8,0D,00,01,00,00,00,00,00,
-1778190057331148,00000280,false,Rx,0,8,2A,26,8E,3F,7E,8C,83,3D,
-1778190057330219,00000281,false,Rx,0,8,51,0B,DC,42,00,00,34,42,
-1778190057329193,00000380,false,Rx,0,8,00,00,00,00,00,00,00,00,
-1778190057328211,00000381,false,Rx,0,8,05,00,80,3F,00,00,00,00,
-1778190057311646,00000180,false,Rx,0,8,0D,00,01,00,00,00,00,00,
-1778190057310708,00000280,false,Rx,0,8,22,F4,8D,3F,2D,FD,81,3D,
-1778190057309775,00000281,false,Rx,0,8,51,0B,DC,42,00,00,34,42,
-1778190057308750,00000380,false,Rx,0,8,00,00,00,00,00,00,00,00,
-1778190057307770,00000381,false,Rx,0,8,05,00,80,3F,00,00,00,00,
-1778190057288918,00000180,false,Rx,0,8,0D,00,01,00,00,00,00,00,
-1778190057287982,00000280,false,Rx,0,8,22,F4,8D,3F,2D,FD,81,3D,
-1778190057287049,00000281,false,Rx,0,8,51,0B,DC,42,00,00,34,42,
-1778190057286025,00000380,false,Rx,0,8,00,00,00,00,00,00,00,00,
-1778190057285046,00000381,false,Rx,0,8,05,00,80,3F,00,00,00,00,
-1778190057266191,00000180,false,Rx,0,8,0D,00,01,00,00,00,00,00,
-1778190057265251,00000280,false,Rx,0,8,22,F4,8D,3F,2D,FD,81,3D,
-1778190057264322,00000281,false,Rx,0,8,51,0B,DC,42,00,00,34,42,
-1778190057263294,00000380,false,Rx,0,8,00,00,00,00,00,00,00,00,
-1778190057262314,00000381,false,Rx,0,8,05,00,80,3F,00,00,00,00,
-1778190057245718,00000180,false,Rx,0,8,0D,00,01,00,00,00,00,00,
-1778190057244777,00000280,false,Rx,0,8,9A,C4,8D,3F,E6,E2,83,3D,
-1778190057243848,00000281,false,Rx,0,8,51,0B,DC,42,00,00,34,42,
-1778190057242819,00000380,false,Rx,0,8,00,00,00,00,00,00,00,00,
-1778190057241841,00000381,false,Rx,0,8,05,00,80,3F,00,00,00,00,
-1778190057220603,00000180,false,Rx,0,8,0D,00,01,00,00,00,00,00,
-1778190057219666,00000280,false,Rx,0,8,9A,C4,8D,3F,E6,E2,83,3D,
-1778190057218734,00000281,false,Rx,0,8,51,0B,DC,42,00,00,34,42,
-1778190057217709,00000380,false,Rx,0,8,00,00,00,00,00,00,00,00,
-1778190057216729,00000381,false,Rx,0,8,05,00,80,3F,00,00,00,00,
-1778190057200171,00000180,false,Rx,0,8,0D,00,01,00,00,00,00,00,
-1778190057199243,00000280,false,Rx,0,8,72,97,8D,3F,42,4F,82,3D,
-1778190057198310,00000281,false,Rx,0,8,51,0B,DC,42,00,00,34,42,
-1778190057197280,00000380,false,Rx,0,8,00,00,00,00,00,00,00,00,
-1778190057196302,00000381,false,Rx,0,8,05,00,80,3F,00,00,00,00,
-1778190057177452,00000180,false,Rx,0,8,0D,00,01,00,00,00,00,00,
-1778190057176519,00000280,false,Rx,0,8,72,97,8D,3F,42,4F,82,3D,
-1778190057175589,00000281,false,Rx,0,8,51,0B,DC,42,00,00,34,42,
-1778190057174561,00000380,false,Rx,0,8,00,00,00,00,00,00,00,00,
-1778190057173582,00000381,false,Rx,0,8,05,00,80,3F,00,00,00,00,
-1778190057157027,00000180,false,Rx,0,8,0D,00,01,00,00,00,00,00,
-1778190057156094,00000280,false,Rx,0,8,8C,6C,8D,3F,E0,30,84,3D,
-1778190057155162,00000281,false,Rx,0,8,51,0B,DC,42,00,00,34,42,
-1778190057154137,00000380,false,Rx,0,8,00,00,00,00,00,00,00,00,
-1778190057153157,00000381,false,Rx,0,8,05,00,80,3F,00,00,00,00,
-1778190057134297,00000180,false,Rx,0,8,0D,00,01,00,00,00,00,00,
-1778190057133368,00000280,false,Rx,0,8,8C,6C,8D,3F,E0,30,84,3D,
-1778190057132436,00000281,false,Rx,0,8,51,0B,DC,42,00,00,34,42,
-1778190057131506,00000380,false,Rx,0,8,00,00,00,00,00,00,00,00,
-1778190057130529,00000381,false,Rx,0,8,05,00,80,3F,00,00,00,00,
-1778190057111854,00000180,false,Rx,0,8,0D,00,01,00,00,00,00,00,
-1778190057110922,00000280,false,Rx,0,8,8C,6C,8D,3F,E0,30,84,3D,
-1778190057109991,00000281,false,Rx,0,8,51,0B,DC,42,00,00,34,42,
-1778190057108964,00000380,false,Rx,0,8,00,00,00,00,00,00,00,00,
-1778190057107986,00000381,false,Rx,0,8,05,00,80,3F,00,00,00,00,
-1778190057091396,00000180,false,Rx,0,8,0D,00,01,00,00,00,00,00,
-1778190057090465,00000280,false,Rx,0,8,CB,43,8D,3F,56,99,82,3D,
-1778190057089532,00000281,false,Rx,0,8,51,0B,DC,42,00,00,34,42,
-1778190057088507,00000380,false,Rx,0,8,00,00,00,00,00,00,00,00,
-1778190057087528,00000381,false,Rx,0,8,05,00,80,3F,00,00,00,00,
-1778190057068482,00000180,false,Rx,0,8,0D,00,01,00,00,00,00,00,
-1778190057067553,00000280,false,Rx,0,8,CB,43,8D,3F,56,99,82,3D,
-1778190057066621,00000281,false,Rx,0,8,51,0B,DC,42,00,00,34,42,
-1778190057065595,00000380,false,Rx,0,8,00,00,00,00,00,00,00,00,
-1778190057064616,00000381,false,Rx,0,8,05,00,80,3F,00,00,00,00,
-1778190057045644,00000180,false,Rx,0,8,0D,00,01,00,00,00,00,00,
-1778190057044704,00000280,false,Rx,0,8,14,1D,8D,3F,40,77,84,3D,
-1778190057043775,00000281,false,Rx,0,8,51,0B,DC,42,00,00,34,42,
-1778190057042747,00000380,false,Rx,0,8,00,00,00,00,00,00,00,00,
-1778190057041767,00000381,false,Rx,0,8,05,00,80,3F,00,00,00,00,
-1778190057022748,00000180,false,Rx,0,8,0D,00,01,00,00,00,00,00,
-1778190057021808,00000280,false,Rx,0,8,14,1D,8D,3F,40,77,84,3D,
-1778190057020875,00000281,false,Rx,0,8,51,0B,DC,42,00,00,34,42,
-1778190057019850,00000380,false,Rx,0,8,00,00,00,00,00,00,00,00,
-1778190057018871,00000381,false,Rx,0,8,05,00,80,3F,00,00,00,00,
-1778190057002090,00000180,false,Rx,0,8,0D,00,01,00,00,00,00,00,
-1778190057001157,00000280,false,Rx,0,8,4D,F8,8C,3F,32,DC,82,3D,
-1778190057000229,00000281,false,Rx,0,8,51,0B,DC,42,00,00,34,42,
-1778190056999199,00000380,false,Rx,0,8,00,00,00,00,00,00,00,00,
-1778190056998220,00000381,false,Rx,0,8,05,00,80,3F,00,00,00,00,
-1778190056979187,00000180,false,Rx,0,8,0D,00,01,00,00,00,00,00,
-1778190056978254,00000280,false,Rx,0,8,4D,F8,8C,3F,32,DC,82,3D,
-1778190056977324,00000281,false,Rx,0,8,51,0B,DC,42,00,00,34,42,
-1778190056976295,00000380,false,Rx,0,8,00,00,00,00,00,00,00,00,
-1778190056975316,00000381,false,Rx,0,8,05,00,80,3F,00,00,00,00,
-1778190056956425,00000180,false,Rx,0,8,0D,00,01,00,00,00,00,00,
-1778190056955496,00000280,false,Rx,0,8,4D,F8,8C,3F,32,DC,82,3D,
-1778190056954564,00000281,false,Rx,0,8,51,0B,DC,42,00,00,34,42,
-1778190056953534,00000380,false,Rx,0,8,00,00,00,00,00,00,00,00,
-1778190056952555,00000381,false,Rx,0,8,05,00,80,3F,00,00,00,00,
-1778190056935766,00000180,false,Rx,0,8,0D,00,01,00,00,00,00,00,
-1778190056934845,00000280,false,Rx,0,8,5C,D5,8C,3F,C4,B6,84,3D,
-1778190056933912,00000281,false,Rx,0,8,51,0B,DC,42,00,00,34,42,
-1778190056932887,00000380,false,Rx,0,8,00,00,00,00,00,00,00,00,
-1778190056931909,00000381,false,Rx,0,8,05,00,80,3F,00,00,00,00,
-1778190056912861,00000180,false,Rx,0,8,0D,00,01,00,00,00,00,00,
-1778190056911940,00000280,false,Rx,0,8,5C,D5,8C,3F,C4,B6,84,3D,
-1778190056911007,00000281,false,Rx,0,8,51,0B,DC,42,00,00,34,42,
-1778190056909884,00000380,false,Rx,0,8,00,00,00,00,00,00,00,00,
-1778190056908902,00000381,false,Rx,0,8,05,00,80,3F,00,00,00,00,
-1778190056889915,00000180,false,Rx,0,8,0D,00,01,00,00,00,00,00,
-1778190056888976,00000280,false,Rx,0,8,2A,B4,8C,3F,89,18,83,3D,
-1778190056888044,00000281,false,Rx,0,8,51,0B,DC,42,00,00,34,42,
-1778190056887018,00000380,false,Rx,0,8,00,00,00,00,00,00,00,00,
-1778190056886039,00000381,false,Rx,0,8,05,00,80,3F,00,00,00,00,
-1778190056867020,00000180,false,Rx,0,8,0D,00,01,00,00,00,00,00,
-1778190056866079,00000280,false,Rx,0,8,2A,B4,8C,3F,89,18,83,3D,
-1778190056865147,00000281,false,Rx,0,8,51,0B,DC,42,00,00,34,42,
-1778190056864122,00000380,false,Rx,0,8,00,00,00,00,00,00,00,00,
-1778190056863142,00000381,false,Rx,0,8,05,00,80,3F,00,00,00,00,
-1778190056846369,00000180,false,Rx,0,8,0D,00,01,00,00,00,00,00,
-1778190056845448,00000280,false,Rx,0,8,A2,94,8C,3F,17,F0,84,3D,
-1778190056844515,00000281,false,Rx,0,8,51,0B,DC,42,00,00,34,42,
-1778190056843486,00000380,false,Rx,0,8,00,00,00,00,00,00,00,00,
-1778190056842507,00000381,false,Rx,0,8,05,00,80,3F,00,00,00,00,
-1778190056826003,00000180,false,Rx,0,8,0D,00,01,00,00,00,00,00,
-1778190056825078,00000280,false,Rx,0,8,A2,94,8C,3F,17,F0,84,3D,
-1778190056824149,00000281,false,Rx,0,8,51,0B,DC,42,00,00,34,42,
-1778190056823119,00000380,false,Rx,0,8,00,00,00,00,00,00,00,00,
-1778190056822141,00000381,false,Rx,0,8,05,00,80,3F,00,00,00,00,
-1778190056803092,00000180,false,Rx,0,8,0D,00,01,00,00,00,00,00,
-1778190056802167,00000280,false,Rx,0,8,A2,94,8C,3F,17,F0,84,3D,
-1778190056801237,00000281,false,Rx,0,8,51,0B,DC,42,00,00,34,42,
-1778190056800208,00000380,false,Rx,0,8,00,00,00,00,00,00,00,00,
-1778190056799230,00000381,false,Rx,0,8,05,00,80,3F,00,00,00,00,
-1778190056782448,00000180,false,Rx,0,8,0D,00,01,00,00,00,00,00,
-1778190056781508,00000280,false,Rx,0,8,AD,76,8C,3F,FE,4E,83,3D,
-1778190056780579,00000281,false,Rx,0,8,51,0B,DC,42,00,00,34,42,
-1778190056779549,00000380,false,Rx,0,8,00,00,00,00,00,00,00,00,
-1778190056778571,00000381,false,Rx,0,8,05,00,80,3F,00,00,00,00,
-1778190056759559,00000180,false,Rx,0,8,0D,00,01,00,00,00,00,00,
-1778190056758619,00000280,false,Rx,0,8,AD,76,8C,3F,FE,4E,83,3D,
-1778190056757689,00000281,false,Rx,0,8,51,0B,DC,42,00,00,34,42,
-1778190056756661,00000380,false,Rx,0,8,00,00,00,00,00,00,00,00,
-1778190056755682,00000381,false,Rx,0,8,05,00,80,3F,00,00,00,00,
-1778190056736494,00000180,false,Rx,0,8,0D,00,01,00,00,00,00,00,
-1778190056735565,00000280,false,Rx,0,8,37,5A,8C,3F,D3,23,85,3D,
-1778190056734632,00000281,false,Rx,0,8,51,0B,DC,42,00,00,34,42,
-1778190056733607,00000380,false,Rx,0,8,00,00,00,00,00,00,00,00,
-1778190056732628,00000381,false,Rx,0,8,05,00,80,3F,00,00,00,00,
-1778190056713605,00000180,false,Rx,0,8,0D,00,01,00,00,00,00,00,
-1778190056712676,00000280,false,Rx,0,8,37,5A,8C,3F,D3,23,85,3D,
-1778190056711742,00000281,false,Rx,0,8,51,0B,DC,42,00,00,34,42,
-1778190056710718,00000380,false,Rx,0,8,00,00,00,00,00,00,00,00,
-1778190056709739,00000381,false,Rx,0,8,05,00,80,3F,00,00,00,00,
-1778190056690820,00000180,false,Rx,0,8,0D,00,01,00,00,00,00,00,
-1778190056689891,00000280,false,Rx,0,8,37,5A,8C,3F,D3,23,85,3D,
-1778190056688957,00000281,false,Rx,0,8,51,0B,DC,42,00,00,34,42,
-1778190056687830,00000380,false,Rx,0,8,00,00,00,00,00,00,00,00,
-1778190056686853,00000381,false,Rx,0,8,05,00,80,3F,00,00,00,00,
-1778190056670180,00000180,false,Rx,0,8,0D,00,01,00,00,00,00,00,
-1778190056669225,00000280,false,Rx,0,8,2E,3F,8C,3F,24,80,83,3D,
-1778190056668194,00000281,false,Rx,0,8,51,0B,DC,42,00,00,34,42,
-1778190056667168,00000380,false,Rx,0,8,00,00,00,00,00,00,00,00,
-1778190056666189,00000381,false,Rx,0,8,05,00,80,3F,00,00,00,00,
-1778190056647185,00000180,false,Rx,0,8,0D,00,01,00,00,00,00,00,
-1778190056646228,00000280,false,Rx,0,8,2E,3F,8C,3F,24,80,83,3D,
-1778190056645299,00000281,false,Rx,0,8,51,0B,DC,42,00,00,34,42,
-1778190056644271,00000380,false,Rx,0,8,00,00,00,00,00,00,00,00,
-1778190056643292,00000381,false,Rx,0,8,05,00,80,3F,00,00,00,00,
-1778190056626533,00000180,false,Rx,0,8,0D,00,01,00,00,00,00,00,
-1778190056625612,00000280,false,Rx,0,8,7F,25,8C,3F,84,52,85,3D,
-1778190056624679,00000281,false,Rx,0,8,51,0B,DC,42,00,00,34,42,
-1778190056623653,00000380,false,Rx,0,8,00,00,00,00,00,00,00,00,
-1778190056622674,00000381,false,Rx,0,8,05,00,80,3F,00,00,00,00,
-1778190056603636,00000180,false,Rx,0,8,0D,00,01,00,00,00,00,00,
-1778190056602715,00000280,false,Rx,0,8,7F,25,8C,3F,84,52,85,3D,
-1778190056601782,00000281,false,Rx,0,8,51,0B,DC,42,00,00,34,42,
-1778190056600754,00000380,false,Rx,0,8,00,00,00,00,00,00,00,00,
-1778190056599774,00000381,false,Rx,0,8,05,00,80,3F,00,00,00,00,
-1778190056582988,00000180,false,Rx,0,8,0D,00,01,00,00,00,00,00,
-1778190056582048,00000280,false,Rx,0,8,19,0D,8C,3F,7F,AC,83,3D,
-1778190056581115,00000281,false,Rx,0,8,51,0B,DC,42,00,00,34,42,
-1778190056580091,00000380,false,Rx,0,8,00,00,00,00,00,00,00,00,
-1778190056579111,00000381,false,Rx,0,8,05,00,80,3F,00,00,00,00,
-1778190056557682,00000180,false,Rx,0,8,0D,00,01,00,00,00,00,00,
-1778190056556745,00000280,false,Rx,0,8,19,0D,8C,3F,7F,AC,83,3D,
-1778190056555813,00000281,false,Rx,0,8,51,0B,DC,42,00,00,34,42,
-1778190056554787,00000380,false,Rx,0,8,00,00,00,00,00,00,00,00,
-1778190056553804,00000381,false,Rx,0,8,05,00,80,3F,00,00,00,00,
-1778190056534898,00000180,false,Rx,0,8,0D,00,01,00,00,00,00,00,
-1778190056533957,00000280,false,Rx,0,8,19,0D,8C,3F,7F,AC,83,3D,
-1778190056533029,00000281,false,Rx,0,8,51,0B,DC,42,00,00,34,42,
-1778190056531999,00000380,false,Rx,0,8,00,00,00,00,00,00,00,00,
-1778190056531020,00000381,false,Rx,0,8,05,00,80,3F,00,00,00,00,
-1778190056514241,00000180,false,Rx,0,8,0D,00,01,00,00,00,00,00,
-1778190056513301,00000280,false,Rx,0,8,EB,F5,8B,3F,4C,5C,84,3D,
-1778190056512372,00000281,false,Rx,0,8,51,0B,DC,42,00,00,34,42,
-1778190056511343,00000380,false,Rx,0,8,00,00,00,00,00,00,00,00,
-1778190056510364,00000381,false,Rx,0,8,05,00,80,3F,00,00,00,00,
-1778190056491345,00000180,false,Rx,0,8,0D,00,01,00,00,00,00,00,
-1778190056490404,00000280,false,Rx,0,8,EB,F5,8B,3F,4C,5C,84,3D,
-1778190056489476,00000281,false,Rx,0,8,51,0B,DC,42,00,00,34,42,
-1778190056488447,00000380,false,Rx,0,8,00,00,00,00,00,00,00,00,
-1778190056487467,00000381,false,Rx,0,8,05,00,80,3F,00,00,00,00,
-1778190056470696,00000180,false,Rx,0,8,0D,00,01,00,00,00,00,00,
-1778190056469755,00000280,false,Rx,0,8,E6,DF,8B,3F,96,C2,82,3D,
-1778190056468823,00000281,false,Rx,0,8,51,0B,DC,42,00,00,34,42,
-1778190056467798,00000380,false,Rx,0,8,00,00,00,00,00,00,00,00,
-1778190056466716,00000381,false,Rx,0,8,05,00,80,3F,00,00,00,00,
-1778190056447789,00000180,false,Rx,0,8,0D,00,01,00,00,00,00,00,
-1778190056446852,00000280,false,Rx,0,8,E6,DF,8B,3F,96,C2,82,3D,
-1778190056445820,00000281,false,Rx,0,8,51,0B,DC,42,00,00,34,42,
-1778190056444790,00000380,false,Rx,0,8,00,00,00,00,00,00,00,00,
-1778190056443815,00000381,false,Rx,0,8,05,00,80,3F,00,00,00,00,
-1778190056427149,00000180,false,Rx,0,8,0D,00,01,00,00,00,00,00,
-1778190056426109,00000280,false,Rx,0,8,FA,CA,8B,3F,70,9E,84,3D,
-1778190056425180,00000281,false,Rx,0,8,51,0B,DC,42,00,00,34,42,
-1778190056424153,00000380,false,Rx,0,8,00,00,00,00,00,00,00,00,
-1778190056423171,00000381,false,Rx,0,8,05,00,80,3F,00,00,00,00,
-1778190056401936,00000180,false,Rx,0,8,0D,00,01,00,00,00,00,00,
-1778190056400999,00000280,false,Rx,0,8,FA,CA,8B,3F,70,9E,84,3D,
-1778190056400067,00000281,false,Rx,0,8,51,0B,DC,42,00,00,34,42,
-1778190056399037,00000380,false,Rx,0,8,00,00,00,00,00,00,00,00,
-1778190056398059,00000381,false,Rx,0,8,05,00,80,3F,00,00,00,00,
-1778190056379175,00000180,false,Rx,0,8,0D,00,01,00,00,00,00,00,
-1778190056378238,00000280,false,Rx,0,8,FA,CA,8B,3F,70,9E,84,3D,
-1778190056377306,00000281,false,Rx,0,8,51,0B,DC,42,00,00,34,42,
-1778190056376276,00000380,false,Rx,0,8,00,00,00,00,00,00,00,00,
-1778190056375298,00000381,false,Rx,0,8,05,00,80,3F,00,00,00,00,
-1778190056358526,00000180,false,Rx,0,8,0D,00,01,00,00,00,00,00,
-1778190056357594,00000280,false,Rx,0,8,1A,B7,8B,3F,7F,62,86,3D,
-1778190056356664,00000281,false,Rx,0,8,51,0B,DC,42,00,00,34,42,
-1778190056355636,00000380,false,Rx,0,8,00,00,00,00,00,00,00,00,
-1778190056354657,00000381,false,Rx,0,8,05,00,80,3F,00,00,00,00,
-1778190056335622,00000180,false,Rx,0,8,0D,00,01,00,00,00,00,00,
-1778190056334690,00000280,false,Rx,0,8,1A,B7,8B,3F,7F,62,86,3D,
-1778190056333761,00000281,false,Rx,0,8,51,0B,DC,42,00,00,34,42,
-1778190056332731,00000380,false,Rx,0,8,00,00,00,00,00,00,00,00,
-1778190056331753,00000381,false,Rx,0,8,05,00,80,3F,00,00,00,00,
-1778190056314973,00000180,false,Rx,0,8,0D,00,01,00,00,00,00,00,
-1778190056314049,00000280,false,Rx,0,8,39,A4,8B,3F,E1,AE,84,3D,
-1778190056313120,00000281,false,Rx,0,8,51,0B,DC,42,00,00,34,42,
-1778190056312090,00000380,false,Rx,0,8,00,00,00,00,00,00,00,00,
-1778190056311112,00000381,false,Rx,0,8,05,00,80,3F,00,00,00,00,
-1778190056292065,00000180,false,Rx,0,8,0D,00,01,00,00,00,00,00,
-1778190056291144,00000280,false,Rx,0,8,39,A4,8B,3F,E1,AE,84,3D,
-1778190056290212,00000281,false,Rx,0,8,51,0B,DC,42,00,00,34,42,
-1778190056289183,00000380,false,Rx,0,8,00,00,00,00,00,00,00,00,
-1778190056288207,00000381,false,Rx,0,8,05,00,80,3F,00,00,00,00,
-1778190056271394,00000180,false,Rx,0,8,0D,00,01,00,00,00,00,00,
-1778190056270477,00000280,false,Rx,0,8,4A,92,8B,3F,1E,72,86,3D,
-1778190056269548,00000281,false,Rx,0,8,51,0B,DC,42,00,00,34,42,
-1778190056268519,00000380,false,Rx,0,8,00,00,00,00,00,00,00,00,
-1778190056267540,00000381,false,Rx,0,8,05,00,80,3F,00,00,00,00,
-1778190056248648,00000180,false,Rx,0,8,0D,00,01,00,00,00,00,00,
-1778190056247735,00000280,false,Rx,0,8,4A,92,8B,3F,1E,72,86,3D,
-1778190056246803,00000281,false,Rx,0,8,51,0B,DC,42,00,00,34,42,
-1778190056245777,00000380,false,Rx,0,8,00,00,00,00,00,00,00,00,
-1778190056244697,00000381,false,Rx,0,8,05,00,80,3F,00,00,00,00,
-1778190056225769,00000180,false,Rx,0,8,0D,00,01,00,00,00,00,00,
-1778190056224753,00000280,false,Rx,0,8,4A,92,8B,3F,1E,72,86,3D,
-1778190056223820,00000281,false,Rx,0,8,51,0B,DC,42,00,00,34,42,
-1778190056222793,00000380,false,Rx,0,8,00,00,00,00,00,00,00,00,
-1778190056221815,00000381,false,Rx,0,8,05,00,80,3F,00,00,00,00,
-1778190056205101,00000180,false,Rx,0,8,0D,00,01,00,00,00,00,00,
-1778190056204073,00000280,false,Rx,0,8,40,81,8B,3F,B8,BD,84,3D,
-1778190056203140,00000281,false,Rx,0,8,51,0B,DC,42,00,00,34,42,
-1778190056202112,00000380,false,Rx,0,8,00,00,00,00,00,00,00,00,
-1778190056201132,00000381,false,Rx,0,8,05,00,80,3F,00,00,00,00,
-1778190056182121,00000180,false,Rx,0,8,0D,00,01,00,00,00,00,00,
-1778190056181189,00000280,false,Rx,0,8,40,81,8B,3F,B8,BD,84,3D,
-1778190056180260,00000281,false,Rx,0,8,51,0B,DC,42,00,00,34,42,
-1778190056179230,00000380,false,Rx,0,8,00,00,00,00,00,00,00,00,
-1778190056178252,00000381,false,Rx,0,8,05,00,80,3F,00,00,00,00,
-1778190056161457,00000180,false,Rx,0,8,0D,00,01,00,00,00,00,00,
-1778190056160509,00000280,false,Rx,0,8,10,71,8B,3F,37,80,86,3D,
-1778190056159580,00000281,false,Rx,0,8,51,0B,DC,42,00,00,34,42,
-1778190056158550,00000380,false,Rx,0,8,00,00,00,00,00,00,00,00,
-1778190056157572,00000381,false,Rx,0,8,05,00,80,3F,00,00,00,00,
-1778190056138560,00000180,false,Rx,0,8,0D,00,01,00,00,00,00,00,
-1778190056137612,00000280,false,Rx,0,8,10,71,8B,3F,37,80,86,3D,
-1778190056136680,00000281,false,Rx,0,8,51,0B,DC,42,00,00,34,42,
-1778190056135654,00000380,false,Rx,0,8,00,00,00,00,00,00,00,00,
-1778190056134675,00000381,false,Rx,0,8,05,00,80,3F,00,00,00,00,
-1778190056115775,00000180,false,Rx,0,8,0D,00,01,00,00,00,00,00,
-1778190056114826,00000280,false,Rx,0,8,10,71,8B,3F,37,80,86,3D,
-1778190056113893,00000281,false,Rx,0,8,51,0B,DC,42,00,00,34,42,
-1778190056112869,00000380,false,Rx,0,8,00,00,00,00,00,00,00,00,
-1778190056111890,00000381,false,Rx,0,8,05,00,80,3F,00,00,00,00,
-1778190056095115,00000180,false,Rx,0,8,0D,00,01,00,00,00,00,00,
-1778190056094202,00000280,false,Rx,0,8,AF,61,8B,3F,1C,CB,84,3D,
-1778190056093273,00000281,false,Rx,0,8,51,0B,DC,42,00,00,34,42,
-1778190056092244,00000380,false,Rx,0,8,00,00,00,00,00,00,00,00,
-1778190056091264,00000381,false,Rx,0,8,05,00,80,3F,00,00,00,00,
-1778190056069803,00000180,false,Rx,0,8,0D,00,01,00,00,00,00,00,
-1778190056068890,00000280,false,Rx,0,8,AF,61,8B,3F,1C,CB,84,3D,
-1778190056067957,00000281,false,Rx,0,8,51,0B,DC,42,00,00,34,42,
-1778190056066929,00000380,false,Rx,0,8,00,00,00,00,00,00,00,00,
-1778190056065949,00000381,false,Rx,0,8,05,00,80,3F,00,00,00,00,
-1778190056049160,00000180,false,Rx,0,8,0D,00,01,00,00,00,00,00,
-1778190056048231,00000280,false,Rx,0,8,13,53,8B,3F,EF,8C,86,3D,
-1778190056047298,00000281,false,Rx,0,8,51,0B,DC,42,00,00,34,42,
-1778190056046273,00000380,false,Rx,0,8,00,00,00,00,00,00,00,00,
-1778190056045294,00000381,false,Rx,0,8,05,00,80,3F,00,00,00,00,
-1778190056026455,00000180,false,Rx,0,8,0D,00,01,00,00,00,00,00,
-1778190056025527,00000280,false,Rx,0,8,13,53,8B,3F,EF,8C,86,3D,
-1778190056024594,00000281,false,Rx,0,8,51,0B,DC,42,00,00,34,42,
-1778190056023568,00000380,false,Rx,0,8,00,00,00,00,00,00,00,00,
-1778190056022690,00000381,false,Rx,0,8,05,00,80,3F,00,00,00,00,
-1778190056006018,00000180,false,Rx,0,8,0D,00,01,00,00,00,00,00,
-1778190056005093,00000280,false,Rx,0,8,32,45,8B,3F,32,D7,84,3D,
-1778190056004164,00000281,false,Rx,0,8,51,0B,DC,42,00,00,34,42,
-1778190056003233,00000380,false,Rx,0,8,00,00,00,00,00,00,00,00,
-1778190056002256,00000381,false,Rx,0,8,05,00,80,3F,00,00,00,00,
-1778190055983395,00000180,false,Rx,0,8,0D,00,01,00,00,00,00,00,
-1778190055982472,00000280,false,Rx,0,8,32,45,8B,3F,32,D7,84,3D,
-1778190055981540,00000281,false,Rx,0,8,51,0B,DC,42,00,00,34,42,
-1778190055980513,00000380,false,Rx,0,8,00,00,00,00,00,00,00,00,
-1778190055979533,00000381,false,Rx,0,8,05,00,80,3F,00,00,00,00,
-1778190055960656,00000180,false,Rx,0,8,0D,00,01,00,00,00,00,00,
-1778190055959735,00000280,false,Rx,0,8,32,45,8B,3F,32,D7,84,3D,
-1778190055958802,00000281,false,Rx,0,8,51,0B,DC,42,00,00,34,42,
-1778190055957776,00000380,false,Rx,0,8,00,00,00,00,00,00,00,00,
-1778190055956797,00000381,false,Rx,0,8,05,00,80,3F,00,00,00,00,
-1778190055940193,00000180,false,Rx,0,8,0D,00,01,00,00,00,00,00,
-1778190055939268,00000280,false,Rx,0,8,02,38,8B,3F,6A,98,86,3D,
-1778190055938338,00000281,false,Rx,0,8,51,0B,DC,42,00,00,34,42,
-1778190055937309,00000380,false,Rx,0,8,00,00,00,00,00,00,00,00,
-1778190055936331,00000381,false,Rx,0,8,05,00,80,3F,00,00,00,00,
-1778190055915297,00000180,false,Rx,0,8,0D,00,01,00,00,00,00,00,
-1778190055914371,00000280,false,Rx,0,8,02,38,8B,3F,6A,98,86,3D,
-1778190055913442,00000281,false,Rx,0,8,51,0B,DC,42,00,00,34,42,
-1778190055912413,00000380,false,Rx,0,8,00,00,00,00,00,00,00,00,
-1778190055911435,00000381,false,Rx,0,8,05,00,80,3F,00,00,00,00,
-1778190055894836,00000180,false,Rx,0,8,0D,00,01,00,00,00,00,00,
-1778190055893923,00000280,false,Rx,0,8,7B,2B,8B,3F,1A,E2,84,3D,
-1778190055892990,00000281,false,Rx,0,8,51,0B,DC,42,00,00,34,42,
-1778190055891966,00000380,false,Rx,0,8,00,00,00,00,00,00,00,00,
-1778190055890986,00000381,false,Rx,0,8,05,00,80,3F,00,00,00,00,
-1778190055872125,00000180,false,Rx,0,8,0D,00,01,00,00,00,00,00,
-1778190055871211,00000280,false,Rx,0,8,7B,2B,8B,3F,1A,E2,84,3D,
-1778190055870278,00000281,false,Rx,0,8,51,0B,DC,42,00,00,34,42,
-1778190055869253,00000380,false,Rx,0,8,00,00,00,00,00,00,00,00,
-1778190055868274,00000381,false,Rx,0,8,05,00,80,3F,00,00,00,00,
-1778190055851691,00000180,false,Rx,0,8,0D,00,01,00,00,00,00,00,
-1778190055850770,00000280,false,Rx,0,8,95,1F,8B,3F,C7,A2,86,3D,
-1778190055849838,00000281,false,Rx,0,8,51,0B,DC,42,00,00,34,42,
-1778190055848809,00000380,false,Rx,0,8,00,00,00,00,00,00,00,00,
-1778190055847829,00000381,false,Rx,0,8,05,00,80,3F,00,00,00,00,
-1778190055831522,00000180,false,Rx,0,8,0D,00,01,00,00,00,00,00,
-1778190055830601,00000280,false,Rx,0,8,95,1F,8B,3F,C7,A2,86,3D,
-1778190055829668,00000281,false,Rx,0,8,51,0B,DC,42,00,00,34,42,
-1778190055828643,00000380,false,Rx,0,8,00,00,00,00,00,00,00,00,
-1778190055827663,00000381,false,Rx,0,8,05,00,80,3F,00,00,00,00,
-1778190055808825,00000180,false,Rx,0,8,0D,00,01,00,00,00,00,00,
-1778190055807903,00000280,false,Rx,0,8,95,1F,8B,3F,C7,A2,86,3D,
-1778190055806971,00000281,false,Rx,0,8,51,0B,DC,42,00,00,34,42,
-1778190055805946,00000380,false,Rx,0,8,00,00,00,00,00,00,00,00,
-1778190055804963,00000381,false,Rx,0,8,05,00,80,3F,00,00,00,00,
-1778190055788377,00000180,false,Rx,0,8,0D,00,01,00,00,00,00,00,
-1778190055787452,00000280,false,Rx,0,8,47,14,8B,3F,F2,EB,84,3D,
-1778190055786519,00000281,false,Rx,0,8,51,0B,DC,42,00,00,34,42,
-1778190055785495,00000380,false,Rx,0,8,00,00,00,00,00,00,00,00,
-1778190055784515,00000381,false,Rx,0,8,05,00,80,3F,00,00,00,00,
-1778190055763361,00000180,false,Rx,0,8,0D,00,01,00,00,00,00,00,
-1778190055762441,00000280,false,Rx,0,8,47,14,8B,3F,F2,EB,84,3D,
-1778190055761507,00000281,false,Rx,0,8,51,0B,DC,42,00,00,34,42,
-1778190055760483,00000380,false,Rx,0,8,00,00,00,00,00,00,00,00,
-1778190055759504,00000381,false,Rx,0,8,05,00,80,3F,00,00,00,00,
-1778190055742914,00000180,false,Rx,0,8,0D,00,01,00,00,00,00,00,
-1778190055741981,00000280,false,Rx,0,8,8A,09,8B,3F,21,AC,86,3D,
-1778190055741048,00000281,false,Rx,0,8,51,0B,DC,42,00,00,34,42,
-1778190055740023,00000380,false,Rx,0,8,00,00,00,00,00,00,00,00,
-1778190055739045,00000381,false,Rx,0,8,05,00,80,3F,00,00,00,00,
-1778190055720209,00000180,false,Rx,0,8,0D,00,01,00,00,00,00,00,
-1778190055719276,00000280,false,Rx,0,8,8A,09,8B,3F,21,AC,86,3D,
-1778190055718344,00000281,false,Rx,0,8,51,0B,DC,42,00,00,34,42,
-1778190055717318,00000380,false,Rx,0,8,00,00,00,00,00,00,00,00,
-1778190055716339,00000381,false,Rx,0,8,05,00,80,3F,00,00,00,00,
-1778190055697648,00000180,false,Rx,0,8,0D,00,01,00,00,00,00,00,
-1778190055696715,00000280,false,Rx,0,8,8A,09,8B,3F,21,AC,86,3D,
-1778190055695787,00000281,false,Rx,0,8,51,0B,DC,42,00,00,34,42,
-1778190055694757,00000380,false,Rx,0,8,00,00,00,00,00,00,00,00,
-1778190055693778,00000381,false,Rx,0,8,05,00,80,3F,00,00,00,00,
-1778190055677189,00000180,false,Rx,0,8,0D,00,01,00,00,00,00,00,
-1778190055676260,00000280,false,Rx,0,8,56,FF,8A,3F,D4,F4,84,3D,
-1778190055675327,00000281,false,Rx,0,8,51,0B,DC,42,00,00,34,42,
-1778190055674302,00000380,false,Rx,0,8,00,00,00,00,00,00,00,00,
-1778190055673323,00000381,false,Rx,0,8,05,00,80,3F,00,00,00,00,
-1778190055654483,00000180,false,Rx,0,8,0D,00,01,00,00,00,00,00,
-1778190055653555,00000280,false,Rx,0,8,56,FF,8A,3F,D4,F4,84,3D,
-1778190055652622,00000281,false,Rx,0,8,51,0B,DC,42,00,00,34,42,
-1778190055651592,00000380,false,Rx,0,8,00,00,00,00,00,00,00,00,
-1778190055650614,00000381,false,Rx,0,8,05,00,80,3F,00,00,00,00,
-1778190055634043,00000180,false,Rx,0,8,0D,00,01,00,00,00,00,00,
-1778190055633111,00000280,false,Rx,0,8,A5,F5,8A,3F,92,B4,86,3D,
-1778190055632178,00000281,false,Rx,0,8,51,0B,DC,42,00,00,34,42,
-1778190055631153,00000380,false,Rx,0,8,00,00,00,00,00,00,00,00,
-1778190055630174,00000381,false,Rx,0,8,05,00,80,3F,00,00,00,00,
-1778190055611347,00000180,false,Rx,0,8,0D,00,01,00,00,00,00,00,
-1778190055610415,00000280,false,Rx,0,8,A5,F5,8A,3F,92,B4,86,3D,
-1778190055609485,00000281,false,Rx,0,8,51,0B,DC,42,00,00,34,42,
-1778190055608456,00000380,false,Rx,0,8,00,00,00,00,00,00,00,00,
-1778190055607478,00000381,false,Rx,0,8,05,00,80,3F,00,00,00,00,
-1778190055588489,00000180,false,Rx,0,8,0D,00,01,00,00,00,00,00,
-1778190055587549,00000280,false,Rx,0,8,70,EC,8A,3F,D9,FC,84,3D,
-1778190055586619,00000281,false,Rx,0,8,51,0B,DC,42,00,00,34,42,
-1778190055585591,00000380,false,Rx,0,8,00,00,00,00,00,00,00,00,
-1778190055584612,00000381,false,Rx,0,8,05,00,80,3F,00,00,00,00,
-1778190055565800,00000180,false,Rx,0,8,0D,00,01,00,00,00,00,00,
-1778190055564860,00000280,false,Rx,0,8,70,EC,8A,3F,D9,FC,84,3D,
-1778190055564030,00000281,false,Rx,0,8,51,0B,DC,42,00,00,34,42,
-1778190055563001,00000380,false,Rx,0,8,00,00,00,00,00,00,00,00,
-1778190055562021,00000381,false,Rx,0,8,05,00,80,3F,00,00,00,00,
-1778190055543298,00000180,false,Rx,0,8,0D,00,01,00,00,00,00,00,
-1778190055542361,00000280,false,Rx,0,8,70,EC,8A,3F,D9,FC,84,3D,
-1778190055541429,00000281,false,Rx,0,8,51,0B,DC,42,00,00,34,42,
-1778190055540403,00000380,false,Rx,0,8,00,00,00,00,00,00,00,00,
-1778190055539424,00000381,false,Rx,0,8,05,00,80,3F,00,00,00,00,
-1778190055522857,00000180,false,Rx,0,8,0D,00,01,00,00,00,00,00,
-1778190055521944,00000280,false,Rx,0,8,B1,E3,8A,3F,30,BC,86,3D,
-1778190055521011,00000281,false,Rx,0,8,51,0B,DC,42,00,00,34,42,
-1778190055519986,00000380,false,Rx,0,8,00,00,00,00,00,00,00,00,
-1778190055519006,00000381,false,Rx,0,8,05,00,80,3F,00,00,00,00,
-1778190055500146,00000180,false,Rx,0,8,0D,00,01,00,00,00,00,00,
-1778190055499228,00000280,false,Rx,0,8,B1,E3,8A,3F,30,BC,86,3D,
-1778190055498300,00000281,false,Rx,0,8,51,0B,DC,42,00,00,34,42,
-1778190055497270,00000380,false,Rx,0,8,00,00,00,00,00,00,00,00,
-1778190055496291,00000381,false,Rx,0,8,05,00,80,3F,00,00,00,00,
-1778190055479721,00000180,false,Rx,0,8,0D,00,01,00,00,00,00,00,
-1778190055478789,00000280,false,Rx,0,8,62,DB,8A,3F,16,04,85,3D,
-1778190055477856,00000281,false,Rx,0,8,51,0B,DC,42,00,00,34,42,
-1778190055476830,00000380,false,Rx,0,8,00,00,00,00,00,00,00,00,
-1778190055475852,00000381,false,Rx,0,8,05,00,80,3F,00,00,00,00,
-1778190055457025,00000180,false,Rx,0,8,0D,00,01,00,00,00,00,00,
-1778190055456092,00000280,false,Rx,0,8,62,DB,8A,3F,16,04,85,3D,
-1778190055455163,00000281,false,Rx,0,8,51,0B,DC,42,00,00,34,42,
-1778190055454134,00000380,false,Rx,0,8,00,00,00,00,00,00,00,00,
-1778190055453155,00000381,false,Rx,0,8,05,00,80,3F,00,00,00,00,
-1778190055434359,00000180,false,Rx,0,8,0D,00,01,00,00,00,00,00,
-1778190055433427,00000280,false,Rx,0,8,7D,D3,8A,3F,10,C3,86,3D,
-1778190055432498,00000281,false,Rx,0,8,51,0B,DC,42,00,00,34,42,
-1778190055431469,00000380,false,Rx,0,8,00,00,00,00,00,00,00,00,
-1778190055430491,00000381,false,Rx,0,8,05,00,80,3F,00,00,00,00,
-1778190055411663,00000180,false,Rx,0,8,0D,00,01,00,00,00,00,00,
-1778190055410730,00000280,false,Rx,0,8,7D,D3,8A,3F,10,C3,86,3D,
-1778190055409801,00000281,false,Rx,0,8,51,0B,DC,42,00,00,34,42,
-1778190055408771,00000380,false,Rx,0,8,00,00,00,00,00,00,00,00,
-1778190055407793,00000381,false,Rx,0,8,05,00,80,3F,00,00,00,00,
-1778190055389071,00000180,false,Rx,0,8,0D,00,01,00,00,00,00,00,
-1778190055388138,00000280,false,Rx,0,8,7D,D3,8A,3F,10,C3,86,3D,
-1778190055387209,00000281,false,Rx,0,8,51,0B,DC,42,00,00,34,42,
-1778190055386181,00000380,false,Rx,0,8,00,00,00,00,00,00,00,00,
-1778190055385201,00000381,false,Rx,0,8,05,00,80,3F,00,00,00,00,
-1778190055368628,00000180,false,Rx,0,8,0D,00,01,00,00,00,00,00,
-1778190055367680,00000280,false,Rx,0,8,FD,CB,8A,3F,9E,0A,85,3D,
-1778190055366751,00000281,false,Rx,0,8,51,0B,DC,42,00,00,34,42,
-1778190055365722,00000380,false,Rx,0,8,00,00,00,00,00,00,00,00,
-1778190055364743,00000381,false,Rx,0,8,05,00,80,3F,00,00,00,00,
-1778190055345925,00000180,false,Rx,0,8,0D,00,01,00,00,00,00,00,
-1778190055344977,00000280,false,Rx,0,8,FD,CB,8A,3F,9E,0A,85,3D,
-1778190055344146,00000281,false,Rx,0,8,51,0B,DC,42,00,00,34,42,
-1778190055343116,00000380,false,Rx,0,8,00,00,00,00,00,00,00,00,
-1778190055342138,00000381,false,Rx,0,8,05,00,80,3F,00,00,00,00,
-1778190055325484,00000180,false,Rx,0,8,0D,00,01,00,00,00,00,00,
-1778190055324668,00000280,false,Rx,0,8,DD,C4,8A,3F,45,C9,86,3D,
-1778190055323738,00000281,false,Rx,0,8,51,0B,DC,42,00,00,34,42,
-1778190055322710,00000380,false,Rx,0,8,00,00,00,00,00,00,00,00,
-1778190055321732,00000381,false,Rx,0,8,05,00,80,3F,00,00,00,00,
-1778190055302878,00000180,false,Rx,0,8,0D,00,01,00,00,00,00,00,
-1778190055301964,00000280,false,Rx,0,8,DD,C4,8A,3F,45,C9,86,3D,
-1778190055301032,00000281,false,Rx,0,8,51,0B,DC,42,00,00,34,42,
-1778190055300007,00000380,false,Rx,0,8,00,00,00,00,00,00,00,00,
-1778190055299027,00000381,false,Rx,0,8,05,00,80,3F,00,00,00,00,
-1778190055280228,00000180,false,Rx,0,8,0D,00,01,00,00,00,00,00,
-1778190055279292,00000280,false,Rx,0,8,18,BE,8A,3F,83,10,85,3D,
-1778190055278359,00000281,false,Rx,0,8,51,0B,DC,42,00,00,34,42,
-1778190055277334,00000380,false,Rx,0,8,00,00,00,00,00,00,00,00,
-1778190055276355,00000381,false,Rx,0,8,05,00,80,3F,00,00,00,00,
-1778190055260061,00000180,false,Rx,0,8,0D,00,01,00,00,00,00,00,
-1778190055259121,00000280,false,Rx,0,8,18,BE,8A,3F,83,10,85,3D,
-1778190055258192,00000281,false,Rx,0,8,51,0B,DC,42,00,00,34,42,
-1778190055257164,00000380,false,Rx,0,8,00,00,00,00,00,00,00,00,
-1778190055256185,00000381,false,Rx,0,8,05,00,80,3F,00,00,00,00,
-1778190055237354,00000180,false,Rx,0,8,0D,00,01,00,00,00,00,00,
-1778190055236418,00000280,false,Rx,0,8,18,BE,8A,3F,83,10,85,3D,
-1778190055235485,00000281,false,Rx,0,8,51,0B,DC,42,00,00,34,42,
-1778190055234461,00000380,false,Rx,0,8,00,00,00,00,00,00,00,00,
-1778190055233481,00000381,false,Rx,0,8,05,00,80,3F,00,00,00,00,
-1778190055216915,00000180,false,Rx,0,8,0D,00,01,00,00,00,00,00,
-1778190055215994,00000280,false,Rx,0,8,AA,B7,8A,3F,DE,CE,86,3D,
-1778190055215060,00000281,false,Rx,0,8,51,0B,DC,42,00,00,34,42,
-1778190055214035,00000380,false,Rx,0,8,00,00,00,00,00,00,00,00,
-1778190055213057,00000381,false,Rx,0,8,05,00,80,3F,00,00,00,00,
-1778190055194211,00000180,false,Rx,0,8,0D,00,01,00,00,00,00,00,
-1778190055193289,00000280,false,Rx,0,8,AA,B7,8A,3F,DE,CE,86,3D,
-1778190055192357,00000281,false,Rx,0,8,51,0B,DC,42,00,00,34,42,
-1778190055191332,00000380,false,Rx,0,8,00,00,00,00,00,00,00,00,
-1778190055190350,00000381,false,Rx,0,8,05,00,80,3F,00,00,00,00,
-1778190055173764,00000180,false,Rx,0,8,0D,00,01,00,00,00,00,00,
-1778190055172839,00000280,false,Rx,0,8,8E,B1,8A,3F,D5,15,85,3D,
-1778190055171910,00000281,false,Rx,0,8,51,0B,DC,42,00,00,34,42,
-1778190055170880,00000380,false,Rx,0,8,00,00,00,00,00,00,00,00,
-1778190055169901,00000381,false,Rx,0,8,05,00,80,3F,00,00,00,00,
-1778190055151067,00000180,false,Rx,0,8,0D,00,01,00,00,00,00,00,
-1778190055150142,00000280,false,Rx,0,8,8E,B1,8A,3F,D5,15,85,3D,
-1778190055149210,00000281,false,Rx,0,8,51,0B,DC,42,00,00,34,42,
-1778190055148184,00000380,false,Rx,0,8,00,00,00,00,00,00,00,00,
-1778190055147205,00000381,false,Rx,0,8,05,00,80,3F,00,00,00,00,
-1778190055128491,00000180,false,Rx,0,8,0D,00,01,00,00,00,00,00,
-1778190055127566,00000280,false,Rx,0,8,8E,B1,8A,3F,D5,15,85,3D,
-1778190055126637,00000281,false,Rx,0,8,51,0B,DC,42,00,00,34,42,
-1778190055125609,00000380,false,Rx,0,8,00,00,00,00,00,00,00,00,
-1778190055124731,00000381,false,Rx,0,8,05,00,80,3F,00,00,00,00,
-1778190055105642,00000180,false,Rx,0,8,0D,00,01,00,00,00,00,00,
-1778190055104820,00000280,false,Rx,0,8,C1,AB,8A,3F,EC,D3,86,3D,
-1778190055103886,00000281,false,Rx,0,8,51,0B,DC,42,00,00,34,42,
-1778190055102859,00000380,false,Rx,0,8,00,00,00,00,00,00,00,00,
-1778190055101882,00000381,false,Rx,0,8,05,00,80,3F,00,00,00,00,
-1778190055083019,00000180,false,Rx,0,8,0D,00,01,00,00,00,00,00,
-1778190055082097,00000280,false,Rx,0,8,C1,AB,8A,3F,EC,D3,86,3D,
-1778190055081164,00000281,false,Rx,0,8,51,0B,DC,42,00,00,34,42,
-1778190055080139,00000380,false,Rx,0,8,00,00,00,00,00,00,00,00,
-1778190055079161,00000381,false,Rx,0,8,05,00,80,3F,00,00,00,00,
-1778190055062597,00000180,false,Rx,0,8,0D,00,01,00,00,00,00,00,
-1778190055061649,00000280,false,Rx,0,8,3E,A6,8A,3F,B5,7B,88,3D,
-1778190055060717,00000281,false,Rx,0,8,51,0B,DC,42,00,00,34,42,
-1778190055059691,00000380,false,Rx,0,8,00,00,00,00,00,00,00,00,
-1778190055058712,00000381,false,Rx,0,8,05,00,80,3F,00,00,00,00,
-1778190055039902,00000180,false,Rx,0,8,0D,00,01,00,00,00,00,00,
-1778190055038954,00000280,false,Rx,0,8,3E,A6,8A,3F,B5,7B,88,3D,
-1778190055038021,00000281,false,Rx,0,8,51,0B,DC,42,00,00,34,42,
-1778190055036995,00000380,false,Rx,0,8,00,00,00,00,00,00,00,00,
-1778190055036017,00000381,false,Rx,0,8,05,00,80,3F,00,00,00,00,
-1778190055019251,00000180,false,Rx,0,8,0D,00,01,00,00,00,00,00,
-1778190055018329,00000280,false,Rx,0,8,02,A1,8A,3F,3A,AD,86,3D,
-1778190055017396,00000281,false,Rx,0,8,51,0B,DC,42,00,00,34,42,
-1778190055016367,00000380,false,Rx,0,8,00,00,00,00,00,00,00,00,
-1778190055015389,00000381,false,Rx,0,8,05,00,80,3F,00,00,00,00,
-1778190054996378,00000180,false,Rx,0,8,0D,00,01,00,00,00,00,00,
-1778190054995453,00000280,false,Rx,0,8,02,A1,8A,3F,3A,AD,86,3D,
-1778190054994524,00000281,false,Rx,0,8,51,0B,DC,42,00,00,34,42,
-1778190054993495,00000380,false,Rx,0,8,00,00,00,00,00,00,00,00,
-1778190054992516,00000381,false,Rx,0,8,05,00,80,3F,00,00,00,00,
-1778190054973563,00000180,false,Rx,0,8,0D,00,01,00,00,00,00,00,
-1778190054972638,00000280,false,Rx,0,8,02,A1,8A,3F,3A,AD,86,3D,
-1778190054971710,00000281,false,Rx,0,8,51,0B,DC,42,00,00,34,42,
-1778190054970679,00000380,false,Rx,0,8,00,00,00,00,00,00,00,00,
-1778190054969701,00000381,false,Rx,0,8,05,00,80,3F,00,00,00,00,
-1778190054950705,00000180,false,Rx,0,8,0D,00,01,00,00,00,00,00,
-1778190054949758,00000280,false,Rx,0,8,08,9C,8A,3F,F2,56,88,3D,
-1778190054948829,00000281,false,Rx,0,8,51,0B,DC,42,00,00,34,42,
-1778190054947799,00000380,false,Rx,0,8,00,00,00,00,00,00,00,00,
-1778190054946820,00000381,false,Rx,0,8,05,00,80,3F,00,00,00,00,
-1778190054927802,00000180,false,Rx,0,8,0D,00,01,00,00,00,00,00,
-1778190054926854,00000280,false,Rx,0,8,08,9C,8A,3F,F2,56,88,3D,
-1778190054925922,00000281,false,Rx,0,8,51,0B,DC,42,00,00,34,42,
-1778190054924896,00000380,false,Rx,0,8,00,00,00,00,00,00,00,00,
-1778190054923819,00000381,false,Rx,0,8,05,00,80,3F,00,00,00,00,
-1778190054907162,00000180,false,Rx,0,8,0D,00,01,00,00,00,00,00,
-1778190054906244,00000280,false,Rx,0,8,4E,97,8A,3F,4E,8A,86,3D,
-1778190054905315,00000281,false,Rx,0,8,51,0B,DC,42,00,00,34,42,
-1778190054904287,00000380,false,Rx,0,8,00,00,00,00,00,00,00,00,
-1778190054903210,00000381,false,Rx,0,8,05,00,80,3F,00,00,00,00,
-1778190054884263,00000180,false,Rx,0,8,0D,00,01,00,00,00,00,00,
-1778190054883250,00000280,false,Rx,0,8,4E,97,8A,3F,4E,8A,86,3D,
-1778190054882317,00000281,false,Rx,0,8,51,0B,DC,42,00,00,34,42,
-1778190054881290,00000380,false,Rx,0,8,00,00,00,00,00,00,00,00,
-1778190054880313,00000381,false,Rx,0,8,05,00,80,3F,00,00,00,00,
-1778190054863523,00000180,false,Rx,0,8,0D,00,01,00,00,00,00,00,
-1778190054862583,00000280,false,Rx,0,8,D1,92,8A,3F,C6,35,88,3D,
-1778190054861654,00000281,false,Rx,0,8,51,0B,DC,42,00,00,34,42,
-1778190054860625,00000380,false,Rx,0,8,00,00,00,00,00,00,00,00,
-1778190054859647,00000381,false,Rx,0,8,05,00,80,3F,00,00,00,00,
-1778190054840610,00000180,false,Rx,0,8,0D,00,01,00,00,00,00,00,
-1778190054839670,00000280,false,Rx,0,8,D1,92,8A,3F,C6,35,88,3D,
-1778190054838740,00000281,false,Rx,0,8,51,0B,DC,42,00,00,34,42,
-1778190054837711,00000380,false,Rx,0,8,00,00,00,00,00,00,00,00,
-1778190054836733,00000381,false,Rx,0,8,05,00,80,3F,00,00,00,00,
-1778190054817825,00000180,false,Rx,0,8,0D,00,01,00,00,00,00,00,
-1778190054816889,00000280,false,Rx,0,8,D1,92,8A,3F,C6,35,88,3D,
-1778190054815956,00000281,false,Rx,0,8,51,0B,DC,42,00,00,34,42,
-1778190054814930,00000380,false,Rx,0,8,00,00,00,00,00,00,00,00,
-1778190054813952,00000381,false,Rx,0,8,05,00,80,3F,00,00,00,00,
-1778190054794987,00000180,false,Rx,0,8,0D,00,01,00,00,00,00,00,
-1778190054794070,00000280,false,Rx,0,8,8D,8E,8A,3F,CA,6A,86,3D,
-1778190054793141,00000281,false,Rx,0,8,51,0B,DC,42,00,00,34,42,
-1778190054792112,00000380,false,Rx,0,8,00,00,00,00,00,00,00,00,
-1778190054791133,00000381,false,Rx,0,8,05,00,80,3F,00,00,00,00,
-1778190054772080,00000180,false,Rx,0,8,0D,00,01,00,00,00,00,00,
-1778190054771167,00000280,false,Rx,0,8,8D,8E,8A,3F,CA,6A,86,3D,
-1778190054770233,00000281,false,Rx,0,8,51,0B,DC,42,00,00,34,42,
-1778190054769208,00000380,false,Rx,0,8,00,00,00,00,00,00,00,00,
-1778190054768229,00000381,false,Rx,0,8,05,00,80,3F,00,00,00,00,
-1778190054751432,00000180,false,Rx,0,8,0D,00,01,00,00,00,00,00,
-1778190054750488,00000280,false,Rx,0,8,7F,8A,8A,3F,D5,17,88,3D,
-1778190054749555,00000281,false,Rx,0,8,51,0B,DC,42,00,00,34,42,
-1778190054748530,00000380,false,Rx,0,8,00,00,00,00,00,00,00,00,
-1778190054747551,00000381,false,Rx,0,8,05,00,80,3F,00,00,00,00,
-1778190054728544,00000180,false,Rx,0,8,0D,00,01,00,00,00,00,00,
-1778190054727596,00000280,false,Rx,0,8,7F,8A,8A,3F,D5,17,88,3D,
-1778190054726666,00000281,false,Rx,0,8,51,0B,DC,42,00,00,34,42,
-1778190054725638,00000380,false,Rx,0,8,00,00,00,00,00,00,00,00,
-1778190054724659,00000381,false,Rx,0,8,05,00,80,3F,00,00,00,00,
-1778190054707888,00000180,false,Rx,0,8,0D,00,01,00,00,00,00,00,
-1778190054706955,00000280,false,Rx,0,8,A6,86,8A,3F,59,4E,86,3D,
-1778190054706026,00000281,false,Rx,0,8,51,0B,DC,42,00,00,34,42,
-1778190054704997,00000380,false,Rx,0,8,00,00,00,00,00,00,00,00,
-1778190054704018,00000381,false,Rx,0,8,05,00,80,3F,00,00,00,00,
-1778190054687518,00000180,false,Rx,0,8,0D,00,01,00,00,00,00,00,
-1778190054686585,00000280,false,Rx,0,8,A6,86,8A,3F,59,4E,86,3D,
-1778190054685657,00000281,false,Rx,0,8,51,0B,DC,42,00,00,34,42,
-1778190054684628,00000380,false,Rx,0,8,00,00,00,00,00,00,00,00,
-1778190054683648,00000381,false,Rx,0,8,05,00,80,3F,00,00,00,00,
-1778190054664622,00000180,false,Rx,0,8,0D,00,01,00,00,00,00,00,
-1778190054663689,00000280,false,Rx,0,8,A6,86,8A,3F,59,4E,86,3D,
-1778190054662760,00000281,false,Rx,0,8,51,0B,DC,42,00,00,34,42,
-1778190054661633,00000380,false,Rx,0,8,00,00,00,00,00,00,00,00,
-1778190054660652,00000381,false,Rx,0,8,05,00,80,3F,00,00,00,00,
-1778190054643972,00000180,false,Rx,0,8,0D,00,01,00,00,00,00,00,
-1778190054643032,00000280,false,Rx,0,8,FE,82,8A,3F,D0,FC,87,3D,
-1778190054642104,00000281,false,Rx,0,8,51,0B,DC,42,00,00,34,42,
-1778190054640976,00000380,false,Rx,0,8,00,00,00,00,00,00,00,00,
-1778190054639998,00000381,false,Rx,0,8,05,00,80,3F,00,00,00,00,
-1778190054618570,00000180,false,Rx,0,8,0D,00,01,00,00,00,00,00,
-1778190054617629,00000280,false,Rx,0,8,FE,82,8A,3F,D0,FC,87,3D,
-1778190054616696,00000281,false,Rx,0,8,51,0B,DC,42,00,00,34,42,
-1778190054615671,00000380,false,Rx,0,8,00,00,00,00,00,00,00,00,
-1778190054614692,00000381,false,Rx,0,8,05,00,80,3F,00,00,00,00,
-1778190054597918,00000180,false,Rx,0,8,0D,00,01,00,00,00,00,00,
-1778190054596997,00000280,false,Rx,0,8,85,7F,8A,3F,AE,34,86,3D,
-1778190054596065,00000281,false,Rx,0,8,51,0B,DC,42,00,00,34,42,
-1778190054595039,00000380,false,Rx,0,8,00,00,00,00,00,00,00,00,
-1778190054594060,00000381,false,Rx,0,8,05,00,80,3F,00,00,00,00,
-1778190054575023,00000180,false,Rx,0,8,0D,00,01,00,00,00,00,00,
-1778190054574101,00000280,false,Rx,0,8,85,7F,8A,3F,AE,34,86,3D,
-1778190054573168,00000281,false,Rx,0,8,51,0B,DC,42,00,00,34,42,
-1778190054572143,00000380,false,Rx,0,8,00,00,00,00,00,00,00,00,
-1778190054571165,00000381,false,Rx,0,8,05,00,80,3F,00,00,00,00,
-1778190054552238,00000180,false,Rx,0,8,0D,00,01,00,00,00,00,00,
-1778190054551316,00000280,false,Rx,0,8,85,7F,8A,3F,AE,34,86,3D,
-1778190054550383,00000281,false,Rx,0,8,51,0B,DC,42,00,00,34,42,
-1778190054549358,00000380,false,Rx,0,8,00,00,00,00,00,00,00,00,
-1778190054548380,00000381,false,Rx,0,8,05,00,80,3F,00,00,00,00,
-1778190054531598,00000180,false,Rx,0,8,0D,00,01,00,00,00,00,00,
-1778190054530665,00000280,false,Rx,0,8,38,7C,8A,3F,6E,E4,87,3D,
-1778190054529736,00000281,false,Rx,0,8,51,0B,DC,42,00,00,34,42,
-1778190054528707,00000380,false,Rx,0,8,00,00,00,00,00,00,00,00,
-1778190054527728,00000381,false,Rx,0,8,05,00,80,3F,00,00,00,00,
-1778190054508716,00000180,false,Rx,0,8,0D,00,01,00,00,00,00,00,
-1778190054507783,00000280,false,Rx,0,8,38,7C,8A,3F,6E,E4,87,3D,
-1778190054506854,00000281,false,Rx,0,8,51,0B,DC,42,00,00,34,42,
-1778190054505826,00000380,false,Rx,0,8,00,00,00,00,00,00,00,00,
-1778190054504846,00000381,false,Rx,0,8,05,00,80,3F,00,00,00,00,
-1778190054488053,00000180,false,Rx,0,8,0D,00,01,00,00,00,00,00,
-1778190054487120,00000280,false,Rx,0,8,16,79,8A,3F,84,1D,86,3D,
-1778190054486191,00000281,false,Rx,0,8,51,0B,DC,42,00,00,34,42,
-1778190054485163,00000380,false,Rx,0,8,00,00,00,00,00,00,00,00,
-1778190054484183,00000381,false,Rx,0,8,05,00,80,3F,00,00,00,00,
-1778190054462761,00000180,false,Rx,0,8,0D,00,01,00,00,00,00,00,
-1778190054461833,00000280,false,Rx,0,8,16,79,8A,3F,84,1D,86,3D,
-1778190054460900,00000281,false,Rx,0,8,51,0B,DC,42,00,00,34,42,
-1778190054459774,00000380,false,Rx,0,8,00,00,00,00,00,00,00,00,
-1778190054458793,00000381,false,Rx,0,8,05,00,80,3F,00,00,00,00,
-1778190054442090,00000180,false,Rx,0,8,0D,00,01,00,00,00,00,00,
-1778190054441165,00000280,false,Rx,0,8,1B,76,8A,3F,6C,CE,87,3D,
-1778190054440135,00000281,false,Rx,0,8,51,0B,DC,42,00,00,34,42,
-1778190054439107,00000380,false,Rx,0,8,00,00,00,00,00,00,00,00,
-1778190054438131,00000381,false,Rx,0,8,05,00,80,3F,00,00,00,00,
-1778190054419094,00000180,false,Rx,0,8,0D,00,01,00,00,00,00,00,
-1778190054418169,00000280,false,Rx,0,8,1B,76,8A,3F,6C,CE,87,3D,
-1778190054417240,00000281,false,Rx,0,8,51,0B,DC,42,00,00,34,42,
-1778190054416211,00000380,false,Rx,0,8,00,00,00,00,00,00,00,00,
-1778190054415231,00000381,false,Rx,0,8,05,00,80,3F,00,00,00,00,
-1778190054396309,00000180,false,Rx,0,8,0D,00,01,00,00,00,00,00,
-1778190054395384,00000280,false,Rx,0,8,1B,76,8A,3F,6C,CE,87,3D,
-1778190054394455,00000281,false,Rx,0,8,51,0B,DC,42,00,00,34,42,
-1778190054393425,00000380,false,Rx,0,8,00,00,00,00,00,00,00,00,
-1778190054392447,00000381,false,Rx,0,8,05,00,80,3F,00,00,00,00,
-1778190054375665,00000180,false,Rx,0,8,0D,00,01,00,00,00,00,00,
-1778190054374736,00000280,false,Rx,0,8,46,73,8A,3F,9B,08,86,3D,
-1778190054373803,00000281,false,Rx,0,8,51,0B,DC,42,00,00,34,42,
-1778190054372778,00000380,false,Rx,0,8,00,00,00,00,00,00,00,00,
-1778190054371799,00000381,false,Rx,0,8,05,00,80,3F,00,00,00,00,
-1778190054352753,00000180,false,Rx,0,8,0D,00,01,00,00,00,00,00,
-1778190054351823,00000280,false,Rx,0,8,46,73,8A,3F,9B,08,86,3D,
-1778190054350891,00000281,false,Rx,0,8,51,0B,DC,42,00,00,34,42,
-1778190054349866,00000380,false,Rx,0,8,00,00,00,00,00,00,00,00,
-1778190054348887,00000381,false,Rx,0,8,05,00,80,3F,00,00,00,00,
-1778190054332121,00000180,false,Rx,0,8,0D,00,01,00,00,00,00,00,
-1778190054331207,00000280,false,Rx,0,8,96,70,8A,3F,8E,BA,87,3D,
-1778190054330274,00000281,false,Rx,0,8,51,0B,DC,42,00,00,34,42,
-1778190054329249,00000380,false,Rx,0,8,00,00,00,00,00,00,00,00,
-1778190054328270,00000381,false,Rx,0,8,05,00,80,3F,00,00,00,00,
-1778190054307018,00000180,false,Rx,0,8,0D,00,01,00,00,00,00,00,
-1778190054306099,00000280,false,Rx,0,8,96,70,8A,3F,8E,BA,87,3D,
-1778190054305171,00000281,false,Rx,0,8,51,0B,DC,42,00,00,34,42,
-1778190054304142,00000380,false,Rx,0,8,00,00,00,00,00,00,00,00,
-1778190054303163,00000381,false,Rx,0,8,05,00,80,3F,00,00,00,00,
-1778190054286357,00000180,false,Rx,0,8,0D,00,01,00,00,00,00,00,
-1778190054285436,00000280,false,Rx,0,8,08,6E,8A,3F,BC,F5,85,3D,
-1778190054284504,00000281,false,Rx,0,8,51,0B,DC,42,00,00,34,42,
-1778190054283479,00000380,false,Rx,0,8,00,00,00,00,00,00,00,00,
-1778190054282499,00000381,false,Rx,0,8,05,00,80,3F,00,00,00,00,
-1778190054265991,00000180,false,Rx,0,8,0D,00,01,00,00,00,00,00,
-1778190054265066,00000280,false,Rx,0,8,08,6E,8A,3F,BC,F5,85,3D,
-1778190054264137,00000281,false,Rx,0,8,51,0B,DC,42,00,00,34,42,
-1778190054263108,00000380,false,Rx,0,8,00,00,00,00,00,00,00,00,
-1778190054262129,00000381,false,Rx,0,8,05,00,80,3F,00,00,00,00,
-1778190054243110,00000180,false,Rx,0,8,0D,00,01,00,00,00,00,00,
-1778190054242189,00000280,false,Rx,0,8,08,6E,8A,3F,BC,F5,85,3D,
-1778190054241256,00000281,false,Rx,0,8,51,0B,DC,42,00,00,34,42,
-1778190054240231,00000380,false,Rx,0,8,00,00,00,00,00,00,00,00,
-1778190054239252,00000381,false,Rx,0,8,05,00,80,3F,00,00,00,00,
-1778190054222444,00000180,false,Rx,0,8,0D,00,01,00,00,00,00,00,
-1778190054221523,00000280,false,Rx,0,8,9B,6B,8A,3F,A1,A8,87,3D,
-1778190054220590,00000281,false,Rx,0,8,51,0B,DC,42,00,00,34,42,
-1778190054219565,00000380,false,Rx,0,8,00,00,00,00,00,00,00,00,
-1778190054218582,00000381,false,Rx,0,8,05,00,80,3F,00,00,00,00,
-1778190054199547,00000180,false,Rx,0,8,0D,00,01,00,00,00,00,00,
-1778190054198626,00000280,false,Rx,0,8,9B,6B,8A,3F,A1,A8,87,3D,
-1778190054197595,00000281,false,Rx,0,8,51,0B,DC,42,00,00,34,42,
-1778190054196565,00000380,false,Rx,0,8,00,00,00,00,00,00,00,00,
-1778190054195586,00000381,false,Rx,0,8,05,00,80,3F,00,00,00,00,
-1778190054178898,00000180,false,Rx,0,8,0D,00,01,00,00,00,00,00,
-1778190054177874,00000280,false,Rx,0,8,4D,69,8A,3F,B4,E4,85,3D,
-1778190054176944,00000281,false,Rx,0,8,51,0B,DC,42,00,00,34,42,
-1778190054175917,00000380,false,Rx,0,8,00,00,00,00,00,00,00,00,
-1778190054174937,00000381,false,Rx,0,8,05,00,80,3F,00,00,00,00,
-1778190054155895,00000180,false,Rx,0,8,0D,00,01,00,00,00,00,00,
-1778190054154970,00000280,false,Rx,0,8,4D,69,8A,3F,B4,E4,85,3D,
-1778190054154041,00000281,false,Rx,0,8,51,0B,DC,42,00,00,34,42,
-1778190054153012,00000380,false,Rx,0,8,00,00,00,00,00,00,00,00,
-1778190054152033,00000381,false,Rx,0,8,05,00,80,3F,00,00,00,00,
-1778190054130714,00000180,false,Rx,0,8,0D,00,01,00,00,00,00,00,
-1778190054129793,00000280,false,Rx,0,8,4D,69,8A,3F,B4,E4,85,3D,
-1778190054128861,00000281,false,Rx,0,8,51,0B,DC,42,00,00,34,42,
-1778190054127836,00000380,false,Rx,0,8,00,00,00,00,00,00,00,00,
-1778190054126856,00000381,false,Rx,0,8,05,00,80,3F,00,00,00,00,
-1778190054109864,00000180,false,Rx,0,8,0D,00,01,00,00,00,00,00,
-1778190054108943,00000280,false,Rx,0,8,1C,67,8A,3F,73,98,87,3D,
-1778190054108011,00000281,false,Rx,0,8,51,0B,DC,42,00,00,34,42,
-1778190054106986,00000380,false,Rx,0,8,00,00,00,00,00,00,00,00,
-1778190054106006,00000381,false,Rx,0,8,05,00,80,3F,00,00,00,00,
-1778190054086954,00000180,false,Rx,0,8,0D,00,01,00,00,00,00,00,
-1778190054086033,00000280,false,Rx,0,8,1C,67,8A,3F,73,98,87,3D,
-1778190054085099,00000281,false,Rx,0,8,51,0B,DC,42,00,00,34,42,
-1778190054084070,00000380,false,Rx,0,8,00,00,00,00,00,00,00,00,
-1778190054083092,00000381,false,Rx,0,8,05,00,80,3F,00,00,00,00,
-1778190054066313,00000180,false,Rx,0,8,0D,00,01,00,00,00,00,00,
-1778190054065388,00000280,false,Rx,0,8,07,65,8A,3F,56,D5,85,3D,
-1778190054064455,00000281,false,Rx,0,8,51,0B,DC,42,00,00,34,42,
-1778190054063430,00000380,false,Rx,0,8,00,00,00,00,00,00,00,00,
-1778190054062450,00000381,false,Rx,0,8,05,00,80,3F,00,00,00,00,
-1778190054043404,00000180,false,Rx,0,8,0D,00,01,00,00,00,00,00,
-1778190054042483,00000280,false,Rx,0,8,07,65,8A,3F,56,D5,85,3D,
-1778190054041550,00000281,false,Rx,0,8,51,0B,DC,42,00,00,34,42,
-1778190054040525,00000380,false,Rx,0,8,00,00,00,00,00,00,00,00,
-1778190054039546,00000381,false,Rx,0,8,05,00,80,3F,00,00,00,00,
-1778190054022764,00000180,false,Rx,0,8,0D,00,01,00,00,00,00,00,
-1778190054021839,00000280,false,Rx,0,8,0D,63,8A,3F,DA,89,87,3D,
-1778190054020910,00000281,false,Rx,0,8,51,0B,DC,42,00,00,34,42,
-1778190054019882,00000380,false,Rx,0,8,00,00,00,00,00,00,00,00,
-1778190054018902,00000381,false,Rx,0,8,05,00,80,3F,00,00,00,00,
-1778190053999874,00000180,false,Rx,0,8,0D,00,01,00,00,00,00,00,
-1778190053998953,00000280,false,Rx,0,8,0D,63,8A,3F,DA,89,87,3D,
-1778190053998021,00000281,false,Rx,0,8,51,0B,DC,42,00,00,34,42,
-1778190053996996,00000380,false,Rx,0,8,00,00,00,00,00,00,00,00,
-1778190053995915,00000381,false,Rx,0,8,05,00,80,3F,00,00,00,00,
-1778190053974775,00000180,false,Rx,0,8,0D,00,01,00,00,00,00,00,
-1778190053973850,00000280,false,Rx,0,8,0D,63,8A,3F,DA,89,87,3D,
-1778190053972921,00000281,false,Rx,0,8,51,0B,DC,42,00,00,34,42,
-1778190053971892,00000380,false,Rx,0,8,00,00,00,00,00,00,00,00,
-1778190053970913,00000381,false,Rx,0,8,05,00,80,3F,00,00,00,00,
-1778190053954341,00000180,false,Rx,0,8,0D,00,01,00,00,00,00,00,
-1778190053953401,00000280,false,Rx,0,8,2C,61,8A,3F,77,C7,85,3D,
-1778190053952472,00000281,false,Rx,0,8,51,0B,DC,42,00,00,34,42,
-1778190053951444,00000380,false,Rx,0,8,00,00,00,00,00,00,00,00,
-1778190053950464,00000381,false,Rx,0,8,05,00,80,3F,00,00,00,00,
-1778190053931638,00000180,false,Rx,0,8,0D,00,01,00,00,00,00,00,
-1778190053930697,00000280,false,Rx,0,8,2C,61,8A,3F,77,C7,85,3D,
-1778190053929764,00000281,false,Rx,0,8,51,0B,DC,42,00,00,34,42,
-1778190053928739,00000380,false,Rx,0,8,00,00,00,00,00,00,00,00,
-1778190053927760,00000381,false,Rx,0,8,05,00,80,3F,00,00,00,00,
-1778190053911184,00000180,false,Rx,0,8,0D,00,01,00,00,00,00,00,
-1778190053910263,00000280,false,Rx,0,8,63,5F,8A,3F,9A,D7,89,3D,
-1778190053909331,00000281,false,Rx,0,8,51,0B,DC,42,00,00,34,42,
-1778190053908306,00000380,false,Rx,0,8,00,00,00,00,00,00,00,00,
-1778190053907326,00000381,false,Rx,0,8,05,00,80,3F,00,00,00,00,
-1778190053888487,00000180,false,Rx,0,8,0D,00,01,00,00,00,00,00,
-1778190053887566,00000280,false,Rx,0,8,63,5F,8A,3F,9A,D7,89,3D,
-1778190053886634,00000281,false,Rx,0,8,51,0B,DC,42,00,00,34,42,
-1778190053885605,00000380,false,Rx,0,8,00,00,00,00,00,00,00,00,
-1778190053884629,00000381,false,Rx,0,8,05,00,80,3F,00,00,00,00,
-1778190053868040,00000180,false,Rx,0,8,0D,00,01,00,00,00,00,00,
-1778190053867123,00000280,false,Rx,0,8,B2,5D,8A,3F,BA,F7,87,3D,
-1778190053866194,00000281,false,Rx,0,8,51,0B,DC,42,00,00,34,42,
-1778190053865164,00000380,false,Rx,0,8,00,00,00,00,00,00,00,00,
-1778190053864186,00000381,false,Rx,0,8,05,00,80,3F,00,00,00,00,
-1778190053845350,00000180,false,Rx,0,8,0D,00,01,00,00,00,00,00,
-1778190053844437,00000280,false,Rx,0,8,B2,5D,8A,3F,BA,F7,87,3D,
-1778190053843504,00000281,false,Rx,0,8,51,0B,DC,42,00,00,34,42,
-1778190053842480,00000380,false,Rx,0,8,00,00,00,00,00,00,00,00,
-1778190053841500,00000381,false,Rx,0,8,05,00,80,3F,00,00,00,00,
-1778190053820560,00000180,false,Rx,0,8,0D,00,01,00,00,00,00,00,
-1778190053819643,00000280,false,Rx,0,8,B2,5D,8A,3F,BA,F7,87,3D,
-1778190053818714,00000281,false,Rx,0,8,51,0B,DC,42,00,00,34,42,
-1778190053817685,00000380,false,Rx,0,8,00,00,00,00,00,00,00,00,
-1778190053816706,00000381,false,Rx,0,8,05,00,80,3F,00,00,00,00,
-1778190053800109,00000180,false,Rx,0,8,0D,00,01,00,00,00,00,00,
-1778190053799161,00000280,false,Rx,0,8,16,5C,8A,3F,D9,2F,86,3D,
-1778190053798232,00000281,false,Rx,0,8,51,0B,DC,42,00,00,34,42,
-1778190053797204,00000380,false,Rx,0,8,00,00,00,00,00,00,00,00,
-1778190053796324,00000381,false,Rx,0,8,05,00,80,3F,00,00,00,00,
-1778190053777412,00000180,false,Rx,0,8,0D,00,01,00,00,00,00,00,
-1778190053776566,00000280,false,Rx,0,8,16,5C,8A,3F,D9,2F,86,3D,
-1778190053775634,00000281,false,Rx,0,8,51,0B,DC,42,00,00,34,42,
-1778190053774607,00000380,false,Rx,0,8,00,00,00,00,00,00,00,00,
-1778190053773627,00000381,false,Rx,0,8,05,00,80,3F,00,00,00,00,
-1778190053756963,00000180,false,Rx,0,8,0D,00,01,00,00,00,00,00,
-1778190053756140,00000280,false,Rx,0,8,8E,5A,8A,3F,D6,DF,87,3D,
-1778190053755207,00000281,false,Rx,0,8,51,0B,DC,42,00,00,34,42,
-1778190053754180,00000380,false,Rx,0,8,00,00,00,00,00,00,00,00,
-1778190053753203,00000381,false,Rx,0,8,05,00,80,3F,00,00,00,00,
-1778190053734343,00000180,false,Rx,0,8,0D,00,01,00,00,00,00,00,
-1778190053733418,00000280,false,Rx,0,8,8E,5A,8A,3F,D6,DF,87,3D,
-1778190053732489,00000281,false,Rx,0,8,51,0B,DC,42,00,00,34,42,
-1778190053731459,00000380,false,Rx,0,8,00,00,00,00,00,00,00,00,
-1778190053730481,00000381,false,Rx,0,8,05,00,80,3F,00,00,00,00,
-1778190053713909,00000180,false,Rx,0,8,0D,00,01,00,00,00,00,00,
-1778190053712984,00000280,false,Rx,0,8,1A,59,8A,3F,26,19,86,3D,
-1778190053712055,00000281,false,Rx,0,8,51,0B,DC,42,00,00,34,42,
-1778190053711026,00000380,false,Rx,0,8,00,00,00,00,00,00,00,00,
-1778190053710047,00000381,false,Rx,0,8,05,00,80,3F,00,00,00,00,
-1778190053693739,00000180,false,Rx,0,8,0D,00,01,00,00,00,00,00,
-1778190053692817,00000280,false,Rx,0,8,1A,59,8A,3F,26,19,86,3D,
-1778190053691885,00000281,false,Rx,0,8,51,0B,DC,42,00,00,34,42,
-1778190053690860,00000380,false,Rx,0,8,00,00,00,00,00,00,00,00,
-1778190053689881,00000381,false,Rx,0,8,05,00,80,3F,00,00,00,00,
-1778190053671043,00000180,false,Rx,0,8,0D,00,01,00,00,00,00,00,
-1778190053670122,00000280,false,Rx,0,8,1A,59,8A,3F,26,19,86,3D,
-1778190053669189,00000281,false,Rx,0,8,51,0B,DC,42,00,00,34,42,
-1778190053668163,00000380,false,Rx,0,8,00,00,00,00,00,00,00,00,
-1778190053667185,00000381,false,Rx,0,8,05,00,80,3F,00,00,00,00,
-1778190053648388,00000180,false,Rx,0,8,0D,00,01,00,00,00,00,00,
-1778190053647463,00000280,false,Rx,0,8,B9,57,8A,3F,46,CA,87,3D,
-1778190053646533,00000281,false,Rx,0,8,51,0B,DC,42,00,00,34,42,
-1778190053645505,00000380,false,Rx,0,8,00,00,00,00,00,00,00,00,
-1778190053644525,00000381,false,Rx,0,8,05,00,80,3F,00,00,00,00,
-1778190053625657,00000180,false,Rx,0,8,0D,00,01,00,00,00,00,00,
-1778190053624736,00000280,false,Rx,0,8,B9,57,8A,3F,46,CA,87,3D,
-1778190053623802,00000281,false,Rx,0,8,51,0B,DC,42,00,00,34,42,
-1778190053622778,00000380,false,Rx,0,8,00,00,00,00,00,00,00,00,
-1778190053621799,00000381,false,Rx,0,8,05,00,80,3F,00,00,00,00,
-1778190053605243,00000180,false,Rx,0,8,0D,00,01,00,00,00,00,00,
-1778190053604303,00000280,false,Rx,0,8,6A,56,8A,3F,AA,04,86,3D,
-1778190053603374,00000281,false,Rx,0,8,51,0B,DC,42,00,00,34,42,
-1778190053602345,00000380,false,Rx,0,8,00,00,00,00,00,00,00,00,
-1778190053601366,00000381,false,Rx,0,8,05,00,80,3F,00,00,00,00,
-1778190053582520,00000180,false,Rx,0,8,0D,00,01,00,00,00,00,00,
-1778190053581583,00000280,false,Rx,0,8,6A,56,8A,3F,AA,04,86,3D,
-1778190053580651,00000281,false,Rx,0,8,51,0B,DC,42,00,00,34,42,
-1778190053579621,00000380,false,Rx,0,8,00,00,00,00,00,00,00,00,
-1778190053578643,00000381,false,Rx,0,8,05,00,80,3F,00,00,00,00,
-1778190053559958,00000180,false,Rx,0,8,0D,00,01,00,00,00,00,00,
-1778190053559022,00000280,false,Rx,0,8,6A,56,8A,3F,AA,04,86,3D,
-1778190053558089,00000281,false,Rx,0,8,51,0B,DC,42,00,00,34,42,
-1778190053557157,00000380,false,Rx,0,8,00,00,00,00,00,00,00,00,
-1778190053556185,00000381,false,Rx,0,8,05,00,80,3F,00,00,00,00,
-1778190053539510,00000180,false,Rx,0,8,0D,00,01,00,00,00,00,00,
-1778190053538570,00000280,false,Rx,0,8,2B,55,8A,3F,D0,B6,87,3D,
-1778190053537641,00000281,false,Rx,0,8,51,0B,DC,42,00,00,34,42,
-1778190053536712,00000380,false,Rx,0,8,00,00,00,00,00,00,00,00,
-1778190053535735,00000381,false,Rx,0,8,05,00,80,3F,00,00,00,00,
-1778190053516901,00000180,false,Rx,0,8,0D,00,01,00,00,00,00,00,
-1778190053515960,00000280,false,Rx,0,8,2B,55,8A,3F,D0,B6,87,3D,
-1778190053515026,00000281,false,Rx,0,8,51,0B,DC,42,00,00,34,42,
-1778190053514002,00000380,false,Rx,0,8,00,00,00,00,00,00,00,00,
-1778190053513023,00000381,false,Rx,0,8,05,00,80,3F,00,00,00,00,
-1778190053494050,00000180,false,Rx,0,8,0D,00,01,00,00,00,00,00,
-1778190053493124,00000280,false,Rx,0,8,FC,53,8A,3F,2E,F2,85,3D,
-1778190053492195,00000281,false,Rx,0,8,51,0B,DC,42,00,00,34,42,
-1778190053491167,00000380,false,Rx,0,8,00,00,00,00,00,00,00,00,
-1778190053490188,00000381,false,Rx,0,8,05,00,80,3F,00,00,00,00,
-1778190053471342,00000180,false,Rx,0,8,0D,00,01,00,00,00,00,00,
-1778190053470421,00000280,false,Rx,0,8,FC,53,8A,3F,2E,F2,85,3D,
-1778190053469488,00000281,false,Rx,0,8,51,0B,DC,42,00,00,34,42,
-1778190053468463,00000380,false,Rx,0,8,00,00,00,00,00,00,00,00,
-1778190053467484,00000381,false,Rx,0,8,05,00,80,3F,00,00,00,00,
-1778190053450901,00000180,false,Rx,0,8,0D,00,01,00,00,00,00,00,
-1778190053449973,00000280,false,Rx,0,8,DC,52,8A,3F,41,A5,87,3D,
-1778190053449044,00000281,false,Rx,0,8,51,0B,DC,42,00,00,34,42,
-1778190053448015,00000380,false,Rx,0,8,00,00,00,00,00,00,00,00,
-1778190053447035,00000381,false,Rx,0,8,05,00,80,3F,00,00,00,00,
-1778190053428225,00000180,false,Rx,0,8,0D,00,01,00,00,00,00,00,
-1778190053427292,00000280,false,Rx,0,8,DC,52,8A,3F,41,A5,87,3D,
-1778190053426360,00000281,false,Rx,0,8,51,0B,DC,42,00,00,34,42,
-1778190053425334,00000380,false,Rx,0,8,00,00,00,00,00,00,00,00,
-1778190053424355,00000381,false,Rx,0,8,05,00,80,3F,00,00,00,00,
-1778190053405655,00000180,false,Rx,0,8,0D,00,01,00,00,00,00,00,
-1778190053404723,00000280,false,Rx,0,8,DC,52,8A,3F,41,A5,87,3D,
-1778190053403790,00000281,false,Rx,0,8,51,0B,DC,42,00,00,34,42,
-1778190053402765,00000380,false,Rx,0,8,00,00,00,00,00,00,00,00,
-1778190053401786,00000381,false,Rx,0,8,05,00,80,3F,00,00,00,00,
-1778190053385188,00000180,false,Rx,0,8,0D,00,01,00,00,00,00,00,
-1778190053384252,00000280,false,Rx,0,8,CA,51,8A,3F,7F,E1,85,3D,
-1778190053383319,00000281,false,Rx,0,8,51,0B,DC,42,00,00,34,42,
-1778190053382293,00000380,false,Rx,0,8,00,00,00,00,00,00,00,00,
-1778190053381315,00000381,false,Rx,0,8,05,00,80,3F,00,00,00,00,
-1778190053362492,00000180,false,Rx,0,8,0D,00,01,00,00,00,00,00,
-1778190053361555,00000280,false,Rx,0,8,CA,51,8A,3F,7F,E1,85,3D,
-1778190053360622,00000281,false,Rx,0,8,51,0B,DC,42,00,00,34,42,
-1778190053359597,00000380,false,Rx,0,8,00,00,00,00,00,00,00,00,
-1778190053358615,00000381,false,Rx,0,8,05,00,80,3F,00,00,00,00,
-1778190053339826,00000180,false,Rx,0,8,0D,00,01,00,00,00,00,00,
-1778190053338913,00000280,false,Rx,0,8,C6,50,8A,3F,67,95,87,3D,
-1778190053337980,00000281,false,Rx,0,8,51,0B,DC,42,00,00,34,42,
-1778190053337056,00000380,false,Rx,0,8,00,00,00,00,00,00,00,00,
-1778190053336075,00000381,false,Rx,0,8,05,00,80,3F,00,00,00,00,
-1778190053317240,00000180,false,Rx,0,8,0D,00,01,00,00,00,00,00,
-1778190053316323,00000280,false,Rx,0,8,C6,50,8A,3F,67,95,87,3D,
-1778190053315392,00000281,false,Rx,0,8,51,0B,DC,42,00,00,34,42,
-1778190053314367,00000380,false,Rx,0,8,00,00,00,00,00,00,00,00,
-1778190053313387,00000381,false,Rx,0,8,05,00,80,3F,00,00,00,00,
-1778190053296782,00000180,false,Rx,0,8,0D,00,01,00,00,00,00,00,
-1778190053295861,00000280,false,Rx,0,8,CF,4F,8A,3F,70,D2,85,3D,
-1778190053294929,00000281,false,Rx,0,8,51,0B,DC,42,00,00,34,42,
-1778190053293904,00000380,false,Rx,0,8,00,00,00,00,00,00,00,00,
-1778190053292924,00000381,false,Rx,0,8,05,00,80,3F,00,00,00,00,
-1778190053274095,00000180,false,Rx,0,8,0D,00,01,00,00,00,00,00,
-1778190053273170,00000280,false,Rx,0,8,CF,4F,8A,3F,70,D2,85,3D,
-1778190053272241,00000281,false,Rx,0,8,51,0B,DC,42,00,00,34,42,
-1778190053271211,00000380,false,Rx,0,8,00,00,00,00,00,00,00,00,
-1778190053270233,00000381,false,Rx,0,8,05,00,80,3F,00,00,00,00,
-1778190053251494,00000180,false,Rx,0,8,0D,00,01,00,00,00,00,00,
-1778190053250570,00000280,false,Rx,0,8,CF,4F,8A,3F,70,D2,85,3D,
-1778190053249641,00000281,false,Rx,0,8,51,0B,DC,42,00,00,34,42,
-1778190053248612,00000380,false,Rx,0,8,00,00,00,00,00,00,00,00,
-1778190053247633,00000381,false,Rx,0,8,05,00,80,3F,00,00,00,00,
-1778190053231062,00000180,false,Rx,0,8,0D,00,01,00,00,00,00,00,
-1778190053230145,00000280,false,Rx,0,8,E5,4E,8A,3F,19,87,87,3D,
-1778190053229216,00000281,false,Rx,0,8,51,0B,DC,42,00,00,34,42,
-1778190053228188,00000380,false,Rx,0,8,00,00,00,00,00,00,00,00,
-1778190053227209,00000381,false,Rx,0,8,05,00,80,3F,00,00,00,00,
-1778190053208339,00000180,false,Rx,0,8,0D,00,01,00,00,00,00,00,
-1778190053207426,00000280,false,Rx,0,8,E5,4E,8A,3F,19,87,87,3D,
-1778190053206493,00000281,false,Rx,0,8,51,0B,DC,42,00,00,34,42,
-1778190053205468,00000380,false,Rx,0,8,00,00,00,00,00,00,00,00,
-1778190053204489,00000381,false,Rx,0,8,05,00,80,3F,00,00,00,00,
-1778190053187916,00000180,false,Rx,0,8,0D,00,01,00,00,00,00,00,
-1778190053186995,00000280,false,Rx,0,8,06,4E,8A,3F,DA,C4,85,3D,
-1778190053186061,00000281,false,Rx,0,8,51,0B,DC,42,00,00,34,42,
-1778190053185032,00000380,false,Rx,0,8,00,00,00,00,00,00,00,00,
-1778190053184054,00000381,false,Rx,0,8,05,00,80,3F,00,00,00,00,
-1778190053163001,00000180,false,Rx,0,8,0D,00,01,00,00,00,00,00,
-1778190053162080,00000280,false,Rx,0,8,06,4E,8A,3F,DA,C4,85,3D,
-1778190053161151,00000281,false,Rx,0,8,51,0B,DC,42,00,00,34,42,
-1778190053160122,00000380,false,Rx,0,8,00,00,00,00,00,00,00,00,
-1778190053159143,00000381,false,Rx,0,8,05,00,80,3F,00,00,00,00,
-1778190053142553,00000180,false,Rx,0,8,0D,00,01,00,00,00,00,00,
-1778190053141632,00000280,false,Rx,0,8,32,4D,8A,3F,31,7A,87,3D,
-1778190053140703,00000281,false,Rx,0,8,51,0B,DC,42,00,00,34,42,
-1778190053139675,00000380,false,Rx,0,8,00,00,00,00,00,00,00,00,
-1778190053138695,00000381,false,Rx,0,8,05,00,80,3F,00,00,00,00,
-1778190053122388,00000180,false,Rx,0,8,0D,00,01,00,00,00,00,00,
-1778190053121467,00000280,false,Rx,0,8,32,4D,8A,3F,31,7A,87,3D,
-1778190053120533,00000281,false,Rx,0,8,51,0B,DC,42,00,00,34,42,
-1778190053119505,00000380,false,Rx,0,8,00,00,00,00,00,00,00,00,
-1778190053118526,00000381,false,Rx,0,8,05,00,80,3F,00,00,00,00,
-1778190053099693,00000180,false,Rx,0,8,0D,00,01,00,00,00,00,00,
-1778190053098767,00000280,false,Rx,0,8,32,4D,8A,3F,31,7A,87,3D,
-1778190053097933,00000281,false,Rx,0,8,51,0B,DC,42,00,00,34,42,
-1778190053096910,00000380,false,Rx,0,8,00,00,00,00,00,00,00,00,
-1778190053095929,00000381,false,Rx,0,8,05,00,80,3F,00,00,00,00,
-1778190053079243,00000180,false,Rx,0,8,0D,00,01,00,00,00,00,00,
-1778190053078318,00000280,false,Rx,0,8,69,4C,8A,3F,96,B8,85,3D,
-1778190053077488,00000281,false,Rx,0,8,51,0B,DC,42,00,00,34,42,
-1778190053076458,00000380,false,Rx,0,8,00,00,00,00,00,00,00,00,
-1778190053075479,00000381,false,Rx,0,8,05,00,80,3F,00,00,00,00,
-1778190053056621,00000180,false,Rx,0,8,0D,00,01,00,00,00,00,00,
-1778190053055700,00000280,false,Rx,0,8,69,4C,8A,3F,96,B8,85,3D,
-1778190053054767,00000281,false,Rx,0,8,51,0B,DC,42,00,00,34,42,
-1778190053053742,00000380,false,Rx,0,8,00,00,00,00,00,00,00,00,
-1778190053052763,00000381,false,Rx,0,8,05,00,80,3F,00,00,00,00,
-1778190053036196,00000180,false,Rx,0,8,0D,00,01,00,00,00,00,00,
-1778190053035283,00000280,false,Rx,0,8,AA,4B,8A,3F,8A,6E,87,3D,
-1778190053034351,00000281,false,Rx,0,8,51,0B,DC,42,00,00,34,42,
-1778190053033326,00000380,false,Rx,0,8,00,00,00,00,00,00,00,00,
-1778190053032346,00000381,false,Rx,0,8,05,00,80,3F,00,00,00,00,
-1778190053011086,00000180,false,Rx,0,8,0D,00,01,00,00,00,00,00,
-1778190053010169,00000280,false,Rx,0,8,AA,4B,8A,3F,8A,6E,87,3D,
-1778190053009240,00000281,false,Rx,0,8,51,0B,DC,42,00,00,34,42,
-1778190053008212,00000380,false,Rx,0,8,00,00,00,00,00,00,00,00,
-1778190053007232,00000381,false,Rx,0,8,05,00,80,3F,00,00,00,00,
-1778190052988526,00000180,false,Rx,0,8,0D,00,01,00,00,00,00,00,
-1778190052987613,00000280,false,Rx,0,8,AA,4B,8A,3F,8A,6E,87,3D,
-1778190052986679,00000281,false,Rx,0,8,51,0B,DC,42,00,00,34,42,
-1778190052985654,00000380,false,Rx,0,8,00,00,00,00,00,00,00,00,
-1778190052984676,00000381,false,Rx,0,8,05,00,80,3F,00,00,00,00,
-1778190052968055,00000180,false,Rx,0,8,0D,00,01,00,00,00,00,00,
-1778190052967138,00000280,false,Rx,0,8,F5,4A,8A,3F,85,AD,85,3D,
-1778190052966209,00000281,false,Rx,0,8,51,0B,DC,42,00,00,34,42,
-1778190052965180,00000380,false,Rx,0,8,00,00,00,00,00,00,00,00,
-1778190052964200,00000381,false,Rx,0,8,05,00,80,3F,00,00,00,00,
-1778190052945155,00000180,false,Rx,0,8,0D,00,01,00,00,00,00,00,
-1778190052944242,00000280,false,Rx,0,8,F5,4A,8A,3F,85,AD,85,3D,
-1778190052943309,00000281,false,Rx,0,8,51,0B,DC,42,00,00,34,42,
-1778190052942283,00000380,false,Rx,0,8,00,00,00,00,00,00,00,00,
-1778190052941305,00000381,false,Rx,0,8,05,00,80,3F,00,00,00,00,
-1778190052924509,00000180,false,Rx,0,8,0D,00,01,00,00,00,00,00,
-1778190052923575,00000280,false,Rx,0,8,49,4A,8A,3F,06,64,87,3D,
-1778190052922646,00000281,false,Rx,0,8,51,0B,DC,42,00,00,34,42,
-1778190052921618,00000380,false,Rx,0,8,00,00,00,00,00,00,00,00,
-1778190052920639,00000381,false,Rx,0,8,05,00,80,3F,00,00,00,00,
-1778190052901612,00000180,false,Rx,0,8,0D,00,01,00,00,00,00,00,
-1778190052900678,00000280,false,Rx,0,8,49,4A,8A,3F,06,64,87,3D,
-1778190052899750,00000281,false,Rx,0,8,51,0B,DC,42,00,00,34,42,
-1778190052898721,00000380,false,Rx,0,8,00,00,00,00,00,00,00,00,
-1778190052897742,00000381,false,Rx,0,8,05,00,80,3F,00,00,00,00,
-1778190052880964,00000180,false,Rx,0,8,0D,00,01,00,00,00,00,00,
-1778190052880050,00000280,false,Rx,0,8,A6,49,8A,3F,87,A3,85,3D,
-1778190052879118,00000281,false,Rx,0,8,51,0B,DC,42,00,00,34,42,
-1778190052878088,00000380,false,Rx,0,8,00,00,00,00,00,00,00,00,
-1778190052877009,00000381,false,Rx,0,8,05,00,80,3F,00,00,00,00,
-1778190052855549,00000180,false,Rx,0,8,0D,00,01,00,00,00,00,00,
-1778190052854636,00000280,false,Rx,0,8,A6,49,8A,3F,87,A3,85,3D,
-1778190052853703,00000281,false,Rx,0,8,51,0B,DC,42,00,00,34,42,
-1778190052852678,00000380,false,Rx,0,8,00,00,00,00,00,00,00,00,
-1778190052851699,00000381,false,Rx,0,8,05,00,80,3F,00,00,00,00,
-1778190052832792,00000180,false,Rx,0,8,0D,00,01,00,00,00,00,00,
-1778190052831875,00000280,false,Rx,0,8,A6,49,8A,3F,87,A3,85,3D,
-1778190052830946,00000281,false,Rx,0,8,51,0B,DC,42,00,00,34,42,
-1778190052829918,00000380,false,Rx,0,8,00,00,00,00,00,00,00,00,
-1778190052828938,00000381,false,Rx,0,8,05,00,80,3F,00,00,00,00,
-1778190052812133,00000180,false,Rx,0,8,0D,00,01,00,00,00,00,00,
-1778190052811219,00000280,false,Rx,0,8,B0,E4,8E,3F,88,5A,87,3D,
-1778190052810290,00000281,false,Rx,0,8,51,0B,DC,42,00,00,34,42,
-1778190052809262,00000380,false,Rx,0,8,00,00,00,00,00,00,00,00,
-1778190052808283,00000381,false,Rx,0,8,05,00,80,3F,00,00,00,00,
-1778190052789221,00000180,false,Rx,0,8,0D,00,01,00,00,00,00,00,
-1778190052788308,00000280,false,Rx,0,8,B0,E4,8E,3F,88,5A,87,3D,
-1778190052787376,00000281,false,Rx,0,8,51,0B,DC,42,00,00,34,42,
-1778190052786347,00000380,false,Rx,0,8,00,00,00,00,00,00,00,00,
-1778190052785367,00000381,false,Rx,0,8,05,00,80,3F,00,00,00,00,
-1778190052768582,00000180,false,Rx,0,8,0D,00,01,00,00,00,00,00,
-1778190052767650,00000280,false,Rx,0,8,21,A9,8E,3F,83,9A,85,3D,
-1778190052766716,00000281,false,Rx,0,8,51,0B,DC,42,00,00,34,42,
-1778190052765691,00000380,false,Rx,0,8,00,00,00,00,00,00,00,00,
-1778190052764713,00000381,false,Rx,0,8,05,00,80,3F,00,00,00,00,
-1778190052745702,00000180,false,Rx,0,8,0D,00,01,00,00,00,00,00,
-1778190052744768,00000280,false,Rx,0,8,21,A9,8E,3F,83,9A,85,3D,
-1778190052743839,00000281,false,Rx,0,8,51,0B,DC,42,00,00,34,42,
-1778190052742811,00000380,false,Rx,0,8,00,00,00,00,00,00,00,00,
-1778190052741832,00000381,false,Rx,0,8,05,00,80,3F,00,00,00,00,
-1778190052725042,00000180,false,Rx,0,8,0D,00,01,00,00,00,00,00,
-1778190052724114,00000280,false,Rx,0,8,8C,70,8E,3F,F8,51,87,3D,
-1778190052723181,00000281,false,Rx,0,8,51,0B,DC,42,00,00,34,42,
-1778190052722155,00000380,false,Rx,0,8,00,00,00,00,00,00,00,00,
-1778190052721177,00000381,false,Rx,0,8,05,00,80,3F,00,00,00,00,
-1778190052704668,00000180,false,Rx,0,8,0D,00,01,00,00,00,00,00,
-1778190052703735,00000280,false,Rx,0,8,8C,70,8E,3F,F8,51,87,3D,
-1778190052702806,00000281,false,Rx,0,8,51,0B,DC,42,00,00,34,42,
-1778190052701777,00000380,false,Rx,0,8,00,00,00,00,00,00,00,00,
-1778190052700798,00000381,false,Rx,0,8,05,00,80,3F,00,00,00,00,
-1778190052679562,00000180,false,Rx,0,8,0D,00,01,00,00,00,00,00,
-1778190052678633,00000280,false,Rx,0,8,8C,70,8E,3F,F8,51,87,3D,
-1778190052677700,00000281,false,Rx,0,8,51,0B,DC,42,00,00,34,42,
-1778190052676676,00000380,false,Rx,0,8,00,00,00,00,00,00,00,00,
-1778190052675595,00000381,false,Rx,0,8,05,00,80,3F,00,00,00,00,
-1778190052658917,00000180,false,Rx,0,8,0D,00,01,00,00,00,00,00,
-1778190052658000,00000280,false,Rx,0,8,CB,3A,8E,3F,61,92,85,3D,
-1778190052657071,00000281,false,Rx,0,8,51,0B,DC,42,00,00,34,42,
-1778190052656041,00000380,false,Rx,0,8,00,00,00,00,00,00,00,00,
-1778190052654962,00000381,false,Rx,0,8,05,00,80,3F,00,00,00,00,
-1778190052636010,00000180,false,Rx,0,8,0D,00,01,00,00,00,00,00,
-1778190052634995,00000280,false,Rx,0,8,CB,3A,8E,3F,61,92,85,3D,
-1778190052634065,00000281,false,Rx,0,8,51,0B,DC,42,00,00,34,42,
-1778190052633038,00000380,false,Rx,0,8,00,00,00,00,00,00,00,00,
-1778190052632058,00000381,false,Rx,0,8,05,00,80,3F,00,00,00,00,
-1778190052615371,00000180,false,Rx,0,8,0D,00,01,00,00,00,00,00,
-1778190052614340,00000280,false,Rx,0,8,BA,07,8E,3F,3E,4A,87,3D,
-1778190052613406,00000281,false,Rx,0,8,51,0B,DC,42,00,00,34,42,
-1778190052612379,00000380,false,Rx,0,8,00,00,00,00,00,00,00,00,
-1778190052611402,00000381,false,Rx,0,8,05,00,80,3F,00,00,00,00,
-1778190052592364,00000180,false,Rx,0,8,0D,00,01,00,00,00,00,00,
-1778190052591432,00000280,false,Rx,0,8,BA,07,8E,3F,3E,4A,87,3D,
-1778190052590503,00000281,false,Rx,0,8,51,0B,DC,42,00,00,34,42,
-1778190052589474,00000380,false,Rx,0,8,00,00,00,00,00,00,00,00,
-1778190052588495,00000381,false,Rx,0,8,05,00,80,3F,00,00,00,00,
-1778190052571490,00000180,false,Rx,0,8,0D,00,01,00,00,00,00,00,
-1778190052570550,00000280,false,Rx,0,8,37,D7,8D,3F,0A,8B,85,3D,
-1778190052569621,00000281,false,Rx,0,8,51,0B,DC,42,00,00,34,42,
-1778190052568595,00000380,false,Rx,0,8,00,00,00,00,00,00,00,00,
-1778190052567613,00000381,false,Rx,0,8,05,00,80,3F,00,00,00,00,
-1778190052551146,00000180,false,Rx,0,8,0D,00,01,00,00,00,00,00,
-1778190052550210,00000280,false,Rx,0,8,37,D7,8D,3F,0A,8B,85,3D,
-1778190052549277,00000281,false,Rx,0,8,51,0B,DC,42,00,00,34,42,
-1778190052548252,00000380,false,Rx,0,8,00,00,00,00,00,00,00,00,
-1778190052547273,00000381,false,Rx,0,8,05,00,80,3F,00,00,00,00,
-1778190052525844,00000180,false,Rx,0,8,0D,00,01,00,00,00,00,00,
-1778190052524903,00000280,false,Rx,0,8,37,D7,8D,3F,0A,8B,85,3D,
-1778190052523974,00000281,false,Rx,0,8,51,0B,DC,42,00,00,34,42,
-1778190052522946,00000380,false,Rx,0,8,00,00,00,00,00,00,00,00,
-1778190052521967,00000381,false,Rx,0,8,05,00,80,3F,00,00,00,00,
-1778190052505195,00000180,false,Rx,0,8,0D,00,01,00,00,00,00,00,
-1778190052504263,00000280,false,Rx,0,8,21,A9,8D,3F,45,43,87,3D,
-1778190052503329,00000281,false,Rx,0,8,51,0B,DC,42,00,00,34,42,
-1778190052502305,00000380,false,Rx,0,8,00,00,00,00,00,00,00,00,
-1778190052501326,00000381,false,Rx,0,8,05,00,80,3F,00,00,00,00,
-1778190052482299,00000180,false,Rx,0,8,0D,00,01,00,00,00,00,00,
-1778190052481366,00000280,false,Rx,0,8,21,A9,8D,3F,45,43,87,3D,
-1778190052480438,00000281,false,Rx,0,8,51,0B,DC,42,00,00,34,42,
-1778190052479409,00000380,false,Rx,0,8,00,00,00,00,00,00,00,00,
-1778190052478429,00000381,false,Rx,0,8,05,00,80,3F,00,00,00,00,
-1778190052461647,00000180,false,Rx,0,8,0D,00,01,00,00,00,00,00,
-1778190052460718,00000280,false,Rx,0,8,59,7D,8D,3F,6A,84,85,3D,
-1778190052459786,00000281,false,Rx,0,8,51,0B,DC,42,00,00,34,42,
-1778190052458761,00000380,false,Rx,0,8,00,00,00,00,00,00,00,00,
-1778190052457781,00000381,false,Rx,0,8,05,00,80,3F,00,00,00,00,
-1778190052438736,00000180,false,Rx,0,8,0D,00,01,00,00,00,00,00,
-1778190052437803,00000280,false,Rx,0,8,59,7D,8D,3F,6A,84,85,3D,
-1778190052436875,00000281,false,Rx,0,8,51,0B,DC,42,00,00,34,42,
-1778190052435845,00000380,false,Rx,0,8,00,00,00,00,00,00,00,00,
-1778190052434866,00000381,false,Rx,0,8,05,00,80,3F,00,00,00,00,
-1778190052415959,00000180,false,Rx,0,8,0D,00,01,00,00,00,00,00,
-1778190052415027,00000280,false,Rx,0,8,59,7D,8D,3F,6A,84,85,3D,
-1778190052414098,00000281,false,Rx,0,8,51,0B,DC,42,00,00,34,42,
-1778190052412969,00000380,false,Rx,0,8,00,00,00,00,00,00,00,00,
-1778190052411992,00000381,false,Rx,0,8,05,00,80,3F,00,00,00,00,
-1778190052395327,00000180,false,Rx,0,8,0D,00,01,00,00,00,00,00,
-1778190052394402,00000280,false,Rx,0,8,C2,53,8D,3F,E6,DB,83,3D,
-1778190052393474,00000281,false,Rx,0,8,51,0B,DC,42,00,00,34,42,
-1778190052392344,00000380,false,Rx,0,8,00,00,00,00,00,00,00,00,
-1778190052391367,00000381,false,Rx,0,8,05,00,80,3F,00,00,00,00,
-1778190052372329,00000180,false,Rx,0,8,0D,00,01,00,00,00,00,00,
-1778190052371408,00000280,false,Rx,0,8,C2,53,8D,3F,E6,DB,83,3D,
-1778190052370475,00000281,false,Rx,0,8,51,0B,DC,42,00,00,34,42,
-1778190052369450,00000380,false,Rx,0,8,00,00,00,00,00,00,00,00,
-1778190052368471,00000381,false,Rx,0,8,05,00,80,3F,00,00,00,00,
-1778190052349062,00000180,false,Rx,0,8,0D,00,01,00,00,00,00,00,
-1778190052348141,00000280,false,Rx,0,8,E4,C7,91,3F,AF,A9,85,3D,
-1778190052347208,00000281,false,Rx,0,8,51,0B,DC,42,00,00,34,42,
-1778190052346183,00000380,false,Rx,0,8,00,00,00,00,00,00,00,00,
-1778190052345204,00000381,false,Rx,0,8,05,00,80,3F,00,00,00,00,
-1778190052326158,00000180,false,Rx,0,8,0D,00,01,00,00,00,00,00,
-1778190052325237,00000280,false,Rx,0,8,E4,C7,91,3F,AF,A9,85,3D,
-1778190052324304,00000281,false,Rx,0,8,51,0B,DC,42,00,00,34,42,
-1778190052323279,00000380,false,Rx,0,8,00,00,00,00,00,00,00,00,
-1778190052322300,00000381,false,Rx,0,8,05,00,80,3F,00,00,00,00,
-1778190052305517,00000180,false,Rx,0,8,0D,00,01,00,00,00,00,00,
-1778190052304581,00000280,false,Rx,0,8,5F,67,91,3F,4E,FF,83,3D,
-1778190052303648,00000281,false,Rx,0,8,51,0B,DC,42,00,00,34,42,
-1778190052302622,00000380,false,Rx,0,8,00,00,00,00,00,00,00,00,
-1778190052301640,00000381,false,Rx,0,8,05,00,80,3F,00,00,00,00,
-1778190052282628,00000180,false,Rx,0,8,0D,00,01,00,00,00,00,00,
-1778190052281688,00000280,false,Rx,0,8,5F,67,91,3F,4E,FF,83,3D,
-1778190052280759,00000281,false,Rx,0,8,51,0B,DC,42,00,00,34,42,
-1778190052279731,00000380,false,Rx,0,8,00,00,00,00,00,00,00,00,
-1778190052278751,00000381,false,Rx,0,8,05,00,80,3F,00,00,00,00,
-1778190052259859,00000180,false,Rx,0,8,0D,00,01,00,00,00,00,00,
-1778190052258922,00000280,false,Rx,0,8,5F,67,91,3F,4E,FF,83,3D,
-1778190052257990,00000281,false,Rx,0,8,51,0B,DC,42,00,00,34,42,
-1778190052256965,00000380,false,Rx,0,8,00,00,00,00,00,00,00,00,
-1778190052255985,00000381,false,Rx,0,8,05,00,80,3F,00,00,00,00,
-1778190052239196,00000180,false,Rx,0,8,0D,00,01,00,00,00,00,00,
-1778190052238271,00000280,false,Rx,0,8,AE,0B,91,3F,52,CB,85,3D,
-1778190052237342,00000281,false,Rx,0,8,51,0B,DC,42,00,00,34,42,
-1778190052236312,00000380,false,Rx,0,8,00,00,00,00,00,00,00,00,
-1778190052235334,00000381,false,Rx,0,8,05,00,80,3F,00,00,00,00,
-1778190052216300,00000180,false,Rx,0,8,0D,00,01,00,00,00,00,00,
-1778190052215374,00000280,false,Rx,0,8,AE,0B,91,3F,52,CB,85,3D,
-1778190052214446,00000281,false,Rx,0,8,51,0B,DC,42,00,00,34,42,
-1778190052213417,00000380,false,Rx,0,8,00,00,00,00,00,00,00,00,
-1778190052212438,00000381,false,Rx,0,8,05,00,80,3F,00,00,00,00,
-1778190052193440,00000180,false,Rx,0,8,0D,00,01,00,00,00,00,00,
-1778190052192512,00000280,false,Rx,0,8,92,B4,90,3F,42,1F,84,3D,
-1778190052191480,00000281,false,Rx,0,8,51,0B,DC,42,00,00,34,42,
-1778190052190450,00000380,false,Rx,0,8,00,00,00,00,00,00,00,00,
-1778190052189471,00000381,false,Rx,0,8,05,00,80,3F,00,00,00,00,
-1778190052170436,00000180,false,Rx,0,8,0D,00,01,00,00,00,00,00,
-1778190052169507,00000280,false,Rx,0,8,92,B4,90,3F,42,1F,84,3D,
-1778190052168574,00000281,false,Rx,0,8,51,0B,DC,42,00,00,34,42,
-1778190052167550,00000380,false,Rx,0,8,00,00,00,00,00,00,00,00,
-1778190052166566,00000381,false,Rx,0,8,05,00,80,3F,00,00,00,00,
-1778190052149787,00000180,false,Rx,0,8,0D,00,01,00,00,00,00,00,
-1778190052148839,00000280,false,Rx,0,8,D1,61,90,3F,AD,E9,85,3D,
-1778190052147911,00000281,false,Rx,0,8,51,0B,DC,42,00,00,34,42,
-1778190052146881,00000380,false,Rx,0,8,00,00,00,00,00,00,00,00,
-1778190052145902,00000381,false,Rx,0,8,05,00,80,3F,00,00,00,00,
-1778190052129425,00000180,false,Rx,0,8,0D,00,01,00,00,00,00,00,
-1778190052128481,00000280,false,Rx,0,8,D1,61,90,3F,AD,E9,85,3D,
-1778190052127548,00000281,false,Rx,0,8,51,0B,DC,42,00,00,34,42,
-1778190052126522,00000380,false,Rx,0,8,00,00,00,00,00,00,00,00,
-1778190052125540,00000381,false,Rx,0,8,05,00,80,3F,00,00,00,00,
-1778190052106512,00000180,false,Rx,0,8,0D,00,01,00,00,00,00,00,
-1778190052105564,00000280,false,Rx,0,8,D1,61,90,3F,AD,E9,85,3D,
-1778190052104635,00000281,false,Rx,0,8,51,0B,DC,42,00,00,34,42,
-1778190052103605,00000380,false,Rx,0,8,00,00,00,00,00,00,00,00,
-1778190052102627,00000381,false,Rx,0,8,05,00,80,3F,00,00,00,00,
-1778190052085872,00000180,false,Rx,0,8,0D,00,01,00,00,00,00,00,
-1778190052084939,00000280,false,Rx,0,8,33,13,90,3F,19,3C,84,3D,
-1778190052084010,00000281,false,Rx,0,8,51,0B,DC,42,00,00,34,42,
-1778190052082981,00000380,false,Rx,0,8,00,00,00,00,00,00,00,00,
-1778190052082002,00000381,false,Rx,0,8,05,00,80,3F,00,00,00,00,
-1778190052062960,00000180,false,Rx,0,8,0D,00,01,00,00,00,00,00,
-1778190052062027,00000280,false,Rx,0,8,33,13,90,3F,19,3C,84,3D,
-1778190052061095,00000281,false,Rx,0,8,51,0B,DC,42,00,00,34,42,
-1778190052060069,00000380,false,Rx,0,8,00,00,00,00,00,00,00,00,
-1778190052059090,00000381,false,Rx,0,8,05,00,80,3F,00,00,00,00,
-1778190052039916,00000180,false,Rx,0,8,0D,00,01,00,00,00,00,00,
-1778190052038995,00000280,false,Rx,0,8,84,C8,8F,3F,13,05,86,3D,
-1778190052038063,00000281,false,Rx,0,8,51,0B,DC,42,00,00,34,42,
-1778190052037033,00000380,false,Rx,0,8,00,00,00,00,00,00,00,00,
-1778190052036055,00000381,false,Rx,0,8,05,00,80,3F,00,00,00,00,
-1778190052017028,00000180,false,Rx,0,8,0D,00,01,00,00,00,00,00,
-1778190052016103,00000280,false,Rx,0,8,84,C8,8F,3F,13,05,86,3D,
-1778190052015174,00000281,false,Rx,0,8,51,0B,DC,42,00,00,34,42,
-1778190052014144,00000380,false,Rx,0,8,00,00,00,00,00,00,00,00,
-1778190052013166,00000381,false,Rx,0,8,05,00,80,3F,00,00,00,00,
-1778190051994227,00000180,false,Rx,0,8,0D,00,01,00,00,00,00,00,
-1778190051993305,00000280,false,Rx,0,8,84,C8,8F,3F,13,05,86,3D,
-1778190051992373,00000281,false,Rx,0,8,51,0B,DC,42,00,00,34,42,
-1778190051991344,00000380,false,Rx,0,8,00,00,00,00,00,00,00,00,
-1778190051990365,00000381,false,Rx,0,8,05,00,80,3F,00,00,00,00,
-1778190051973585,00000180,false,Rx,0,8,0D,00,01,00,00,00,00,00,
-1778190051972660,00000280,false,Rx,0,8,91,81,8F,3F,21,56,84,3D,
-1778190051971732,00000281,false,Rx,0,8,51,0B,DC,42,00,00,34,42,
-1778190051970703,00000380,false,Rx,0,8,00,00,00,00,00,00,00,00,
-1778190051969625,00000381,false,Rx,0,8,05,00,80,3F,00,00,00,00,
-1778190051950677,00000180,false,Rx,0,8,0D,00,01,00,00,00,00,00,
-1778190051949756,00000280,false,Rx,0,8,91,81,8F,3F,21,56,84,3D,
-1778190051948723,00000281,false,Rx,0,8,51,0B,DC,42,00,00,34,42,
-1778190051947698,00000380,false,Rx,0,8,00,00,00,00,00,00,00,00,
-1778190051946718,00000381,false,Rx,0,8,05,00,80,3F,00,00,00,00,
-1778190051930037,00000180,false,Rx,0,8,0D,00,01,00,00,00,00,00,
-1778190051929189,00000280,false,Rx,0,8,2A,3E,8F,3F,CE,1D,86,3D,
-1778190051928260,00000281,false,Rx,0,8,51,0B,DC,42,00,00,34,42,
-1778190051927233,00000380,false,Rx,0,8,00,00,00,00,00,00,00,00,
-1778190051926252,00000381,false,Rx,0,8,05,00,80,3F,00,00,00,00,
-1778190051907442,00000180,false,Rx,0,8,0D,00,01,00,00,00,00,00,
-1778190051906493,00000280,false,Rx,0,8,2A,3E,8F,3F,CE,1D,86,3D,
-1778190051905564,00000281,false,Rx,0,8,51,0B,DC,42,00,00,34,42,
-1778190051904535,00000380,false,Rx,0,8,00,00,00,00,00,00,00,00,
-1778190051903556,00000381,false,Rx,0,8,05,00,80,3F,00,00,00,00,
-1778190051884583,00000180,false,Rx,0,8,0D,00,01,00,00,00,00,00,
-1778190051883643,00000280,false,Rx,0,8,22,FE,8E,3F,44,4D,83,3D,
-1778190051882713,00000281,false,Rx,0,8,51,0B,DC,42,00,00,34,42,
-1778190051881684,00000380,false,Rx,0,8,00,00,00,00,00,00,00,00,
-1778190051880705,00000381,false,Rx,0,8,05,00,80,3F,00,00,00,00,
-1778190051861878,00000180,false,Rx,0,8,0D,00,01,00,00,00,00,00,
-1778190051860938,00000280,false,Rx,0,8,22,FE,8E,3F,44,4D,83,3D,
-1778190051860006,00000281,false,Rx,0,8,51,0B,DC,42,00,00,34,42,
-1778190051858980,00000380,false,Rx,0,8,00,00,00,00,00,00,00,00,
-1778190051858001,00000381,false,Rx,0,8,05,00,80,3F,00,00,00,00,
-1778190051839308,00000180,false,Rx,0,8,0D,00,01,00,00,00,00,00,
-1778190051838368,00000280,false,Rx,0,8,22,FE,8E,3F,44,4D,83,3D,
-1778190051837439,00000281,false,Rx,0,8,51,0B,DC,42,00,00,34,42,
-1778190051836410,00000380,false,Rx,0,8,00,00,00,00,00,00,00,00,
-1778190051835431,00000381,false,Rx,0,8,05,00,80,3F,00,00,00,00,
-1778190051818864,00000180,false,Rx,0,8,0D,00,01,00,00,00,00,00,
-1778190051817943,00000280,false,Rx,0,8,4D,C1,8E,3F,2F,22,85,3D,
-1778190051817011,00000281,false,Rx,0,8,51,0B,DC,42,00,00,34,42,
-1778190051815986,00000380,false,Rx,0,8,00,00,00,00,00,00,00,00,
-1778190051815006,00000381,false,Rx,0,8,05,00,80,3F,00,00,00,00,
-1778190051796159,00000180,false,Rx,0,8,0D,00,01,00,00,00,00,00,
-1778190051795238,00000280,false,Rx,0,8,4D,C1,8E,3F,2F,22,85,3D,
-1778190051794306,00000281,false,Rx,0,8,51,0B,DC,42,00,00,34,42,
-1778190051793281,00000380,false,Rx,0,8,00,00,00,00,00,00,00,00,
-1778190051792297,00000381,false,Rx,0,8,05,00,80,3F,00,00,00,00,
-1778190051775719,00000180,false,Rx,0,8,0D,00,01,00,00,00,00,00,
-1778190051774779,00000280,false,Rx,0,8,82,87,8E,3F,95,7E,83,3D,
-1778190051773850,00000281,false,Rx,0,8,51,0B,DC,42,00,00,34,42,
-1778190051772822,00000380,false,Rx,0,8,00,00,00,00,00,00,00,00,
-1778190051771842,00000381,false,Rx,0,8,05,00,80,3F,00,00,00,00,
-1778190051753023,00000180,false,Rx,0,8,0D,00,01,00,00,00,00,00,
-1778190051752082,00000280,false,Rx,0,8,82,87,8E,3F,95,7E,83,3D,
-1778190051751153,00000281,false,Rx,0,8,51,0B,DC,42,00,00,34,42,
-1778190051750125,00000380,false,Rx,0,8,00,00,00,00,00,00,00,00,
-1778190051749245,00000381,false,Rx,0,8,05,00,80,3F,00,00,00,00,
-1778190051732566,00000180,false,Rx,0,8,0D,00,01,00,00,00,00,00,
-1778190051731649,00000280,false,Rx,0,8,9B,50,8E,3F,09,51,85,3D,
-1778190051730720,00000281,false,Rx,0,8,51,0B,DC,42,00,00,34,42,
-1778190051729793,00000380,false,Rx,0,8,00,00,00,00,00,00,00,00,
-1778190051728810,00000381,false,Rx,0,8,05,00,80,3F,00,00,00,00,
-1778190051707762,00000180,false,Rx,0,8,0D,00,01,00,00,00,00,00,
-1778190051706844,00000280,false,Rx,0,8,9B,50,8E,3F,09,51,85,3D,
-1778190051705915,00000281,false,Rx,0,8,51,0B,DC,42,00,00,34,42,
-1778190051704887,00000380,false,Rx,0,8,00,00,00,00,00,00,00,00,
-1778190051703907,00000381,false,Rx,0,8,05,00,80,3F,00,00,00,00,
-1778190051685170,00000180,false,Rx,0,8,0D,00,01,00,00,00,00,00,
-1778190051684252,00000280,false,Rx,0,8,9B,50,8E,3F,09,51,85,3D,
-1778190051683324,00000281,false,Rx,0,8,51,0B,DC,42,00,00,34,42,
-1778190051682294,00000380,false,Rx,0,8,00,00,00,00,00,00,00,00,
-1778190051681315,00000381,false,Rx,0,8,05,00,80,3F,00,00,00,00,
-1778190051664733,00000180,false,Rx,0,8,0D,00,01,00,00,00,00,00,
-1778190051663812,00000280,false,Rx,0,8,73,1C,8E,3F,17,AB,83,3D,
-1778190051662880,00000281,false,Rx,0,8,51,0B,DC,42,00,00,34,42,
-1778190051661854,00000380,false,Rx,0,8,00,00,00,00,00,00,00,00,
-1778190051660875,00000381,false,Rx,0,8,05,00,80,3F,00,00,00,00,
-1778190051642029,00000180,false,Rx,0,8,0D,00,01,00,00,00,00,00,
-1778190051641108,00000280,false,Rx,0,8,73,1C,8E,3F,17,AB,83,3D,
-1778190051640175,00000281,false,Rx,0,8,51,0B,DC,42,00,00,34,42,
-1778190051639145,00000380,false,Rx,0,8,00,00,00,00,00,00,00,00,
-1778190051638167,00000381,false,Rx,0,8,05,00,80,3F,00,00,00,00,
-1778190051621588,00000180,false,Rx,0,8,0D,00,01,00,00,00,00,00,
-1778190051620663,00000280,false,Rx,0,8,E7,EA,8D,3F,51,7B,85,3D,
-1778190051619735,00000281,false,Rx,0,8,51,0B,DC,42,00,00,34,42,
-1778190051618705,00000380,false,Rx,0,8,00,00,00,00,00,00,00,00,
-1778190051617726,00000381,false,Rx,0,8,05,00,80,3F,00,00,00,00,
-1778190051598900,00000180,false,Rx,0,8,0D,00,01,00,00,00,00,00,
-1778190051597978,00000280,false,Rx,0,8,E7,EA,8D,3F,51,7B,85,3D,
-1778190051597045,00000281,false,Rx,0,8,51,0B,DC,42,00,00,34,42,
-1778190051596016,00000380,false,Rx,0,8,00,00,00,00,00,00,00,00,
-1778190051595038,00000381,false,Rx,0,8,05,00,80,3F,00,00,00,00,
-1778190051578443,00000180,false,Rx,0,8,0D,00,01,00,00,00,00,00,
-1778190051577518,00000280,false,Rx,0,8,D5,BB,8D,3F,42,D3,83,3D,
-1778190051576586,00000281,false,Rx,0,8,51,0B,DC,42,00,00,34,42,
-1778190051575561,00000380,false,Rx,0,8,00,00,00,00,00,00,00,00,
-1778190051574581,00000381,false,Rx,0,8,05,00,80,3F,00,00,00,00,
-1778190051556059,00000180,false,Rx,0,8,0D,00,01,00,00,00,00,00,
-1778190051555135,00000280,false,Rx,0,8,D5,BB,8D,3F,42,D3,83,3D,
-1778190051554202,00000281,false,Rx,0,8,51,0B,DC,42,00,00,34,42,
-1778190051553176,00000380,false,Rx,0,8,00,00,00,00,00,00,00,00,
-1778190051552198,00000381,false,Rx,0,8,05,00,80,3F,00,00,00,00,
-1778190051533336,00000180,false,Rx,0,8,0D,00,01,00,00,00,00,00,
-1778190051532411,00000280,false,Rx,0,8,D5,BB,8D,3F,42,D3,83,3D,
-1778190051531482,00000281,false,Rx,0,8,51,0B,DC,42,00,00,34,42,
-1778190051530454,00000380,false,Rx,0,8,00,00,00,00,00,00,00,00,
-1778190051529574,00000381,false,Rx,0,8,05,00,80,3F,00,00,00,00,
-1778190051512910,00000180,false,Rx,0,8,0D,00,01,00,00,00,00,00,
-1778190051511981,00000280,false,Rx,0,8,1E,8F,8D,3F,7A,A1,85,3D,
-1778190051511049,00000281,false,Rx,0,8,51,0B,DC,42,00,00,34,42,
-1778190051510125,00000380,false,Rx,0,8,00,00,00,00,00,00,00,00,
-1778190051509143,00000381,false,Rx,0,8,05,00,80,3F,00,00,00,00,
-1778190051490332,00000180,false,Rx,0,8,0D,00,01,00,00,00,00,00,
-1778190051489402,00000280,false,Rx,0,8,1E,8F,8D,3F,7A,A1,85,3D,
-1778190051488470,00000281,false,Rx,0,8,51,0B,DC,42,00,00,34,42,
-1778190051487443,00000380,false,Rx,0,8,00,00,00,00,00,00,00,00,
-1778190051486463,00000381,false,Rx,0,8,05,00,80,3F,00,00,00,00,
-1778190051469864,00000180,false,Rx,0,8,0D,00,01,00,00,00,00,00,
-1778190051468935,00000280,false,Rx,0,8,A3,64,8D,3F,82,F7,83,3D,
-1778190051468004,00000281,false,Rx,0,8,51,0B,DC,42,00,00,34,42,
-1778190051466974,00000380,false,Rx,0,8,00,00,00,00,00,00,00,00,
-1778190051465995,00000381,false,Rx,0,8,05,00,80,3F,00,00,00,00,
-1778190051447183,00000180,false,Rx,0,8,0D,00,01,00,00,00,00,00,
-1778190051446251,00000280,false,Rx,0,8,A3,64,8D,3F,82,F7,83,3D,
-1778190051445322,00000281,false,Rx,0,8,51,0B,DC,42,00,00,34,42,
-1778190051444293,00000380,false,Rx,0,8,00,00,00,00,00,00,00,00,
-1778190051443318,00000381,false,Rx,0,8,05,00,80,3F,00,00,00,00,
-1778190051424584,00000180,false,Rx,0,8,0D,00,01,00,00,00,00,00,
-1778190051423655,00000280,false,Rx,0,8,A3,64,8D,3F,82,F7,83,3D,
-1778190051422722,00000281,false,Rx,0,8,51,0B,DC,42,00,00,34,42,
-1778190051421694,00000380,false,Rx,0,8,00,00,00,00,00,00,00,00,
-1778190051420714,00000381,false,Rx,0,8,05,00,80,3F,00,00,00,00,
-1778190051401725,00000180,false,Rx,0,8,0D,00,01,00,00,00,00,00,
-1778190051400789,00000280,false,Rx,0,8,48,3C,8D,3F,EA,C3,85,3D,
-1778190051399856,00000281,false,Rx,0,8,51,0B,DC,42,00,00,34,42,
-1778190051398827,00000380,false,Rx,0,8,00,00,00,00,00,00,00,00,
-1778190051397848,00000381,false,Rx,0,8,05,00,80,3F,00,00,00,00,
-1778190051379014,00000180,false,Rx,0,8,0D,00,01,00,00,00,00,00,
-1778190051378073,00000280,false,Rx,0,8,48,3C,8D,3F,EA,C3,85,3D,
-1778190051377145,00000281,false,Rx,0,8,51,0B,DC,42,00,00,34,42,
-1778190051376115,00000380,false,Rx,0,8,00,00,00,00,00,00,00,00,
-1778190051375136,00000381,false,Rx,0,8,05,00,80,3F,00,00,00,00,
-1778190051358581,00000180,false,Rx,0,8,0D,00,01,00,00,00,00,00,
-1778190051357668,00000280,false,Rx,0,8,F2,15,8D,3F,3A,18,84,3D,
-1778190051356735,00000281,false,Rx,0,8,51,0B,DC,42,00,00,34,42,
-1778190051355709,00000380,false,Rx,0,8,00,00,00,00,00,00,00,00,
-1778190051354730,00000381,false,Rx,0,8,05,00,80,3F,00,00,00,00,
-1778190051335877,00000180,false,Rx,0,8,0D,00,01,00,00,00,00,00,
-1778190051334960,00000280,false,Rx,0,8,F2,15,8D,3F,3A,18,84,3D,
-1778190051334031,00000281,false,Rx,0,8,51,0B,DC,42,00,00,34,42,
-1778190051333002,00000380,false,Rx,0,8,00,00,00,00,00,00,00,00,
-1778190051332023,00000381,false,Rx,0,8,05,00,80,3F,00,00,00,00,
-1778190051315434,00000180,false,Rx,0,8,0D,00,01,00,00,00,00,00,
-1778190051314497,00000280,false,Rx,0,8,86,F1,8C,3F,FF,E2,85,3D,
-1778190051313565,00000281,false,Rx,0,8,51,0B,DC,42,00,00,34,42,
-1778190051312539,00000380,false,Rx,0,8,00,00,00,00,00,00,00,00,
-1778190051311556,00000381,false,Rx,0,8,05,00,80,3F,00,00,00,00,
-1778190051292737,00000180,false,Rx,0,8,0D,00,01,00,00,00,00,00,
-1778190051291800,00000280,false,Rx,0,8,86,F1,8C,3F,FF,E2,85,3D,
-1778190051290867,00000281,false,Rx,0,8,51,0B,DC,42,00,00,34,42,
-1778190051289942,00000380,false,Rx,0,8,00,00,00,00,00,00,00,00,
-1778190051288961,00000381,false,Rx,0,8,05,00,80,3F,00,00,00,00,
-1778190051270270,00000180,false,Rx,0,8,0D,00,01,00,00,00,00,00,
-1778190051269332,00000280,false,Rx,0,8,86,F1,8C,3F,FF,E2,85,3D,
-1778190051268398,00000281,false,Rx,0,8,51,0B,DC,42,00,00,34,42,
-1778190051267372,00000380,false,Rx,0,8,00,00,00,00,00,00,00,00,
-1778190051266394,00000381,false,Rx,0,8,05,00,80,3F,00,00,00,00,
-1778190051249811,00000180,false,Rx,0,8,0D,00,01,00,00,00,00,00,
-1778190051248882,00000280,false,Rx,0,8,EC,CE,8C,3F,C1,35,84,3D,
-1778190051247950,00000281,false,Rx,0,8,51,0B,DC,42,00,00,34,42,
-1778190051246924,00000380,false,Rx,0,8,00,00,00,00,00,00,00,00,
-1778190051245945,00000381,false,Rx,0,8,05,00,80,3F,00,00,00,00,
-1778190051224681,00000180,false,Rx,0,8,0D,00,01,00,00,00,00,00,
-1778190051223752,00000280,false,Rx,0,8,EC,CE,8C,3F,C1,35,84,3D,
-1778190051222820,00000281,false,Rx,0,8,51,0B,DC,42,00,00,34,42,
-1778190051221795,00000380,false,Rx,0,8,00,00,00,00,00,00,00,00,
-1778190051220816,00000381,false,Rx,0,8,05,00,80,3F,00,00,00,00,
-1778190051204261,00000180,false,Rx,0,8,0D,00,01,00,00,00,00,00,
-1778190051203320,00000280,false,Rx,0,8,0D,AE,8C,3F,0C,FF,85,3D,
-1778190051202392,00000281,false,Rx,0,8,51,0B,DC,42,00,00,34,42,
-1778190051201362,00000380,false,Rx,0,8,00,00,00,00,00,00,00,00,
-1778190051200383,00000381,false,Rx,0,8,05,00,80,3F,00,00,00,00,
-1778190051181554,00000180,false,Rx,0,8,0D,00,01,00,00,00,00,00,
-1778190051180616,00000280,false,Rx,0,8,0D,AE,8C,3F,0C,FF,85,3D,
-1778190051179684,00000281,false,Rx,0,8,51,0B,DC,42,00,00,34,42,
-1778190051178659,00000380,false,Rx,0,8,00,00,00,00,00,00,00,00,
-1778190051177676,00000381,false,Rx,0,8,05,00,80,3F,00,00,00,00,
-1778190051161114,00000180,false,Rx,0,8,0D,00,01,00,00,00,00,00,
-1778190051160189,00000280,false,Rx,0,8,D2,8E,8C,3F,66,50,84,3D,
-1778190051159260,00000281,false,Rx,0,8,51,0B,DC,42,00,00,34,42,
-1778190051158230,00000380,false,Rx,0,8,00,00,00,00,00,00,00,00,
-1778190051157251,00000381,false,Rx,0,8,05,00,80,3F,00,00,00,00,
-1778190051138425,00000180,false,Rx,0,8,0D,00,01,00,00,00,00,00,
-1778190051137500,00000280,false,Rx,0,8,D2,8E,8C,3F,66,50,84,3D,
-1778190051136571,00000281,false,Rx,0,8,51,0B,DC,42,00,00,34,42,
-1778190051135542,00000380,false,Rx,0,8,00,00,00,00,00,00,00,00,
-1778190051134563,00000381,false,Rx,0,8,05,00,80,3F,00,00,00,00,
-1778190051115833,00000180,false,Rx,0,8,0D,00,01,00,00,00,00,00,
-1778190051114908,00000280,false,Rx,0,8,D2,8E,8C,3F,66,50,84,3D,
-1778190051113979,00000281,false,Rx,0,8,51,0B,DC,42,00,00,34,42,
-1778190051112949,00000380,false,Rx,0,8,00,00,00,00,00,00,00,00,
-1778190051111971,00000381,false,Rx,0,8,05,00,80,3F,00,00,00,00,
-1778190051095384,00000180,false,Rx,0,8,0D,00,01,00,00,00,00,00,
-1778190051094444,00000280,false,Rx,0,8,27,71,8C,3F,49,B7,82,3D,
-1778190051093511,00000281,false,Rx,0,8,51,0B,DC,42,00,00,34,42,
-1778190051092486,00000380,false,Rx,0,8,00,00,00,00,00,00,00,00,
-1778190051091507,00000381,false,Rx,0,8,05,00,80,3F,00,00,00,00,
-1778190051070561,00000180,false,Rx,0,8,0D,00,01,00,00,00,00,00,
-1778190051069622,00000280,false,Rx,0,8,27,71,8C,3F,49,B7,82,3D,
-1778190051068691,00000281,false,Rx,0,8,51,0B,DC,42,00,00,34,42,
-1778190051067666,00000380,false,Rx,0,8,00,00,00,00,00,00,00,00,
-1778190051066687,00000381,false,Rx,0,8,05,00,80,3F,00,00,00,00,
-1778190051050123,00000180,false,Rx,0,8,0D,00,01,00,00,00,00,00,
-1778190051049191,00000280,false,Rx,0,8,F8,54,8C,3F,B4,93,84,3D,
-1778190051048262,00000281,false,Rx,0,8,51,0B,DC,42,00,00,34,42,
-1778190051047233,00000380,false,Rx,0,8,00,00,00,00,00,00,00,00,
-1778190051046254,00000381,false,Rx,0,8,05,00,80,3F,00,00,00,00,
-1778190051027443,00000180,false,Rx,0,8,0D,00,01,00,00,00,00,00,
-1778190051026511,00000280,false,Rx,0,8,F8,54,8C,3F,B4,93,84,3D,
-1778190051025578,00000281,false,Rx,0,8,51,0B,DC,42,00,00,34,42,
-1778190051024552,00000380,false,Rx,0,8,00,00,00,00,00,00,00,00,
-1778190051023574,00000381,false,Rx,0,8,05,00,80,3F,00,00,00,00,
-1778190051006937,00000180,false,Rx,0,8,0D,00,01,00,00,00,00,00,
-1778190051006005,00000280,false,Rx,0,8,32,3A,8C,3F,3A,F7,82,3D,
-1778190051005072,00000281,false,Rx,0,8,51,0B,DC,42,00,00,34,42,
-1778190051004047,00000380,false,Rx,0,8,00,00,00,00,00,00,00,00,
-1778190051003068,00000381,false,Rx,0,8,05,00,80,3F,00,00,00,00,
-1778190050986807,00000180,false,Rx,0,8,0D,00,01,00,00,00,00,00,
-1778190050985878,00000280,false,Rx,0,8,32,3A,8C,3F,3A,F7,82,3D,
-1778190050984946,00000281,false,Rx,0,8,51,0B,DC,42,00,00,34,42,
-1778190050983920,00000380,false,Rx,0,8,00,00,00,00,00,00,00,00,
-1778190050982937,00000381,false,Rx,0,8,05,00,80,3F,00,00,00,00,
-1778190050964104,00000180,false,Rx,0,8,0D,00,01,00,00,00,00,00,
-1778190050963171,00000280,false,Rx,0,8,32,3A,8C,3F,3A,F7,82,3D,
-1778190050962242,00000281,false,Rx,0,8,51,0B,DC,42,00,00,34,42,
-1778190050961213,00000380,false,Rx,0,8,00,00,00,00,00,00,00,00,
-1778190050960234,00000381,false,Rx,0,8,05,00,80,3F,00,00,00,00,
-1778190050943663,00000180,false,Rx,0,8,0D,00,01,00,00,00,00,00,
-1778190050942742,00000280,false,Rx,0,8,C2,20,8C,3F,72,D0,84,3D,
-1778190050941810,00000281,false,Rx,0,8,51,0B,DC,42,00,00,34,42,
-1778190050940781,00000380,false,Rx,0,8,00,00,00,00,00,00,00,00,
-1778190050939801,00000381,false,Rx,0,8,05,00,80,3F,00,00,00,00,
-1778190050920960,00000180,false,Rx,0,8,0D,00,01,00,00,00,00,00,
-1778190050920035,00000280,false,Rx,0,8,C2,20,8C,3F,72,D0,84,3D,
-1778190050919106,00000281,false,Rx,0,8,51,0B,DC,42,00,00,34,42,
-1778190050918078,00000380,false,Rx,0,8,00,00,00,00,00,00,00,00,
-1778190050917098,00000381,false,Rx,0,8,05,00,80,3F,00,00,00,00,
-1778190050897716,00000180,false,Rx,0,8,0D,00,01,00,00,00,00,00,
-1778190050896784,00000280,false,Rx,0,8,98,08,8C,3F,EE,30,83,3D,
-1778190050895855,00000281,false,Rx,0,8,51,0B,DC,42,00,00,34,42,
-1778190050894825,00000380,false,Rx,0,8,00,00,00,00,00,00,00,00,
-1778190050893847,00000381,false,Rx,0,8,05,00,80,3F,00,00,00,00,
-1778190050874813,00000180,false,Rx,0,8,0D,00,01,00,00,00,00,00,
-1778190050873884,00000280,false,Rx,0,8,98,08,8C,3F,EE,30,83,3D,
-1778190050872951,00000281,false,Rx,0,8,51,0B,DC,42,00,00,34,42,
-1778190050871922,00000380,false,Rx,0,8,00,00,00,00,00,00,00,00,
-1778190050870943,00000381,false,Rx,0,8,05,00,80,3F,00,00,00,00,
-1778190050852030,00000180,false,Rx,0,8,0D,00,01,00,00,00,00,00,
-1778190050851097,00000280,false,Rx,0,8,98,08,8C,3F,EE,30,83,3D,
-1778190050850066,00000281,false,Rx,0,8,51,0B,DC,42,00,00,34,42,
-1778190050849037,00000380,false,Rx,0,8,00,00,00,00,00,00,00,00,
-1778190050848058,00000381,false,Rx,0,8,05,00,80,3F,00,00,00,00,
-1778190050831385,00000180,false,Rx,0,8,0D,00,01,00,00,00,00,00,
-1778190050830362,00000280,false,Rx,0,8,A4,F1,8B,3F,44,07,85,3D,
-1778190050829433,00000281,false,Rx,0,8,51,0B,DC,42,00,00,34,42,
-1778190050828405,00000380,false,Rx,0,8,00,00,00,00,00,00,00,00,
-1778190050827428,00000381,false,Rx,0,8,05,00,80,3F,00,00,00,00,
-1778190050808391,00000180,false,Rx,0,8,0D,00,01,00,00,00,00,00,
-1778190050807470,00000280,false,Rx,0,8,A4,F1,8B,3F,44,07,85,3D,
-1778190050806536,00000281,false,Rx,0,8,51,0B,DC,42,00,00,34,42,
-1778190050805511,00000380,false,Rx,0,8,00,00,00,00,00,00,00,00,
-1778190050804532,00000381,false,Rx,0,8,05,00,80,3F,00,00,00,00,
-1778190050787743,00000180,false,Rx,0,8,0D,00,01,00,00,00,00,00,
-1778190050786802,00000280,false,Rx,0,8,D6,DB,8B,3F,02,65,83,3D,
-1778190050785874,00000281,false,Rx,0,8,51,0B,DC,42,00,00,34,42,
-1778190050784844,00000380,false,Rx,0,8,00,00,00,00,00,00,00,00,
-1778190050783865,00000381,false,Rx,0,8,05,00,80,3F,00,00,00,00,
-1778190050764820,00000180,false,Rx,0,8,0D,00,01,00,00,00,00,00,
-1778190050763884,00000280,false,Rx,0,8,D6,DB,8B,3F,02,65,83,3D,
-1778190050762951,00000281,false,Rx,0,8,51,0B,DC,42,00,00,34,42,
-1778190050761925,00000380,false,Rx,0,8,00,00,00,00,00,00,00,00,
-1778190050760943,00000381,false,Rx,0,8,05,00,80,3F,00,00,00,00,
-1778190050741781,00000180,false,Rx,0,8,0D,00,01,00,00,00,00,00,
-1778190050740856,00000280,false,Rx,0,8,1E,C7,8B,3F,BD,38,85,3D,
-1778190050739927,00000281,false,Rx,0,8,51,0B,DC,42,00,00,34,42,
-1778190050738898,00000380,false,Rx,0,8,00,00,00,00,00,00,00,00,
-1778190050737919,00000381,false,Rx,0,8,05,00,80,3F,00,00,00,00,
-1778190050718893,00000180,false,Rx,0,8,0D,00,01,00,00,00,00,00,
-1778190050717968,00000280,false,Rx,0,8,1E,C7,8B,3F,BD,38,85,3D,
-1778190050717039,00000281,false,Rx,0,8,51,0B,DC,42,00,00,34,42,
-1778190050716010,00000380,false,Rx,0,8,00,00,00,00,00,00,00,00,
-1778190050715031,00000381,false,Rx,0,8,05,00,80,3F,00,00,00,00,
-1778190050696115,00000180,false,Rx,0,8,0D,00,01,00,00,00,00,00,
-1778190050695190,00000280,false,Rx,0,8,1E,C7,8B,3F,BD,38,85,3D,
-1778190050694262,00000281,false,Rx,0,8,51,0B,DC,42,00,00,34,42,
-1778190050693233,00000380,false,Rx,0,8,00,00,00,00,00,00,00,00,
-1778190050692253,00000381,false,Rx,0,8,05,00,80,3F,00,00,00,00,
-1778190050675465,00000180,false,Rx,0,8,0D,00,01,00,00,00,00,00,
-1778190050674535,00000280,false,Rx,0,8,70,B3,8B,3F,02,94,83,3D,
-1778190050673603,00000281,false,Rx,0,8,51,0B,DC,42,00,00,34,42,
-1778190050672578,00000380,false,Rx,0,8,00,00,00,00,00,00,00,00,
-1778190050671599,00000381,false,Rx,0,8,05,00,80,3F,00,00,00,00,
-1778190050652575,00000180,false,Rx,0,8,0D,00,01,00,00,00,00,00,
-1778190050651647,00000280,false,Rx,0,8,70,B3,8B,3F,02,94,83,3D,
-1778190050650718,00000281,false,Rx,0,8,51,0B,DC,42,00,00,34,42,
-1778190050649689,00000380,false,Rx,0,8,00,00,00,00,00,00,00,00,
-1778190050648608,00000381,false,Rx,0,8,05,00,80,3F,00,00,00,00,
-1778190050631915,00000180,false,Rx,0,8,0D,00,01,00,00,00,00,00,
-1778190050630981,00000280,false,Rx,0,8,BE,A0,8B,3F,63,65,85,3D,
-1778190050630052,00000281,false,Rx,0,8,51,0B,DC,42,00,00,34,42,
-1778190050629024,00000380,false,Rx,0,8,00,00,00,00,00,00,00,00,
-1778190050627947,00000381,false,Rx,0,8,05,00,80,3F,00,00,00,00,
-1778190050609006,00000180,false,Rx,0,8,0D,00,01,00,00,00,00,00,
-1778190050607978,00000280,false,Rx,0,8,BE,A0,8B,3F,63,65,85,3D,
-1778190050607045,00000281,false,Rx,0,8,51,0B,DC,42,00,00,34,42,
-1778190050606018,00000380,false,Rx,0,8,00,00,00,00,00,00,00,00,
-1778190050605040,00000381,false,Rx,0,8,05,00,80,3F,00,00,00,00,
-1778190050585448,00000180,false,Rx,0,8,0D,00,01,00,00,00,00,00,
-1778190050584496,00000280,false,Rx,0,8,FB,8E,8B,3F,6D,BE,83,3D,
-1778190050583563,00000281,false,Rx,0,8,51,0B,DC,42,00,00,34,42,
-1778190050582538,00000380,false,Rx,0,8,00,00,00,00,00,00,00,00,
-1778190050581559,00000381,false,Rx,0,8,05,00,80,3F,00,00,00,00,
-1778190050565082,00000180,false,Rx,0,8,0D,00,01,00,00,00,00,00,
-1778190050564126,00000280,false,Rx,0,8,FB,8E,8B,3F,6D,BE,83,3D,
-1778190050563197,00000281,false,Rx,0,8,51,0B,DC,42,00,00,34,42,
-1778190050562169,00000380,false,Rx,0,8,00,00,00,00,00,00,00,00,
-1778190050561189,00000381,false,Rx,0,8,05,00,80,3F,00,00,00,00,
-1778190050542193,00000180,false,Rx,0,8,0D,00,01,00,00,00,00,00,
-1778190050541237,00000280,false,Rx,0,8,FB,8E,8B,3F,6D,BE,83,3D,
-1778190050540309,00000281,false,Rx,0,8,51,0B,DC,42,00,00,34,42,
-1778190050539279,00000380,false,Rx,0,8,00,00,00,00,00,00,00,00,
-1778190050538300,00000381,false,Rx,0,8,05,00,80,3F,00,00,00,00,
-1778190050521534,00000180,false,Rx,0,8,0D,00,01,00,00,00,00,00,
-1778190050520598,00000280,false,Rx,0,8,1B,7E,8B,3F,AF,8D,85,3D,
-1778190050519665,00000281,false,Rx,0,8,51,0B,DC,42,00,00,34,42,
-1778190050518639,00000380,false,Rx,0,8,00,00,00,00,00,00,00,00,
-1778190050517657,00000381,false,Rx,0,8,05,00,80,3F,00,00,00,00,
-1778190050498637,00000180,false,Rx,0,8,0D,00,01,00,00,00,00,00,
-1778190050497701,00000280,false,Rx,0,8,1B,7E,8B,3F,AF,8D,85,3D,
-1778190050496768,00000281,false,Rx,0,8,51,0B,DC,42,00,00,34,42,
-1778190050495742,00000380,false,Rx,0,8,00,00,00,00,00,00,00,00,
-1778190050494764,00000381,false,Rx,0,8,05,00,80,3F,00,00,00,00,
-1778190050477990,00000180,false,Rx,0,8,0D,00,01,00,00,00,00,00,
-1778190050477061,00000280,false,Rx,0,8,13,6E,8B,3F,5A,C4,82,3D,
-1778190050476128,00000281,false,Rx,0,8,51,0B,DC,42,00,00,34,42,
-1778190050475103,00000380,false,Rx,0,8,00,00,00,00,00,00,00,00,
-1778190050474124,00000381,false,Rx,0,8,05,00,80,3F,00,00,00,00,
-1778190050455094,00000180,false,Rx,0,8,0D,00,01,00,00,00,00,00,
-1778190050454164,00000280,false,Rx,0,8,13,6E,8B,3F,5A,C4,82,3D,
-1778190050453231,00000281,false,Rx,0,8,51,0B,DC,42,00,00,34,42,
-1778190050452202,00000380,false,Rx,0,8,00,00,00,00,00,00,00,00,
-1778190050451224,00000381,false,Rx,0,8,05,00,80,3F,00,00,00,00,
-1778190050432325,00000180,false,Rx,0,8,0D,00,01,00,00,00,00,00,
-1778190050431395,00000280,false,Rx,0,8,13,6E,8B,3F,5A,C4,82,3D,
-1778190050430462,00000281,false,Rx,0,8,51,0B,DC,42,00,00,34,42,
-1778190050429434,00000380,false,Rx,0,8,00,00,00,00,00,00,00,00,
-1778190050428455,00000381,false,Rx,0,8,05,00,80,3F,00,00,00,00,
-1778190050409058,00000180,false,Rx,0,8,0D,00,01,00,00,00,00,00,
-1778190050408137,00000280,false,Rx,0,8,D9,5E,8B,3F,1E,A0,84,3D,
-1778190050407205,00000281,false,Rx,0,8,51,0B,DC,42,00,00,34,42,
-1778190050406077,00000380,false,Rx,0,8,00,00,00,00,00,00,00,00,
-1778190050405099,00000381,false,Rx,0,8,05,00,80,3F,00,00,00,00,
-1778190050386068,00000180,false,Rx,0,8,0D,00,01,00,00,00,00,00,
-1778190050385146,00000280,false,Rx,0,8,D9,5E,8B,3F,1E,A0,84,3D,
-1778190050384217,00000281,false,Rx,0,8,51,0B,DC,42,00,00,34,42,
-1778190050383189,00000380,false,Rx,0,8,00,00,00,00,00,00,00,00,
-1778190050382210,00000381,false,Rx,0,8,05,00,80,3F,00,00,00,00,
-1778190050365412,00000180,false,Rx,0,8,0D,00,01,00,00,00,00,00,
-1778190050364463,00000280,false,Rx,0,8,62,50,8B,3F,05,03,83,3D,
-1778190050363535,00000281,false,Rx,0,8,51,0B,DC,42,00,00,34,42,
-1778190050362506,00000380,false,Rx,0,8,00,00,00,00,00,00,00,00,
-1778190050361526,00000381,false,Rx,0,8,05,00,80,3F,00,00,00,00,
-1778190050342492,00000180,false,Rx,0,8,0D,00,01,00,00,00,00,00,
-1778190050341544,00000280,false,Rx,0,8,62,50,8B,3F,05,03,83,3D,
-1778190050340611,00000281,false,Rx,0,8,51,0B,DC,42,00,00,34,42,
-1778190050339586,00000380,false,Rx,0,8,00,00,00,00,00,00,00,00,
-1778190050338607,00000381,false,Rx,0,8,05,00,80,3F,00,00,00,00,
-1778190050321860,00000180,false,Rx,0,8,0D,00,01,00,00,00,00,00,
-1778190050320943,00000280,false,Rx,0,8,A3,42,8B,3F,A6,DB,84,3D,
-1778190050320014,00000281,false,Rx,0,8,51,0B,DC,42,00,00,34,42,
-1778190050318984,00000380,false,Rx,0,8,00,00,00,00,00,00,00,00,
-1778190050318006,00000381,false,Rx,0,8,05,00,80,3F,00,00,00,00,
-1778190050298971,00000180,false,Rx,0,8,0D,00,01,00,00,00,00,00,
-1778190050298053,00000280,false,Rx,0,8,A3,42,8B,3F,A6,DB,84,3D,
-1778190050297124,00000281,false,Rx,0,8,51,0B,DC,42,00,00,34,42,
-1778190050296095,00000380,false,Rx,0,8,00,00,00,00,00,00,00,00,
-1778190050295117,00000381,false,Rx,0,8,05,00,80,3F,00,00,00,00,
-1778190050276201,00000180,false,Rx,0,8,0D,00,01,00,00,00,00,00,
-1778190050275284,00000280,false,Rx,0,8,A3,42,8B,3F,A6,DB,84,3D,
-1778190050274355,00000281,false,Rx,0,8,51,0B,DC,42,00,00,34,42,
-1778190050273327,00000380,false,Rx,0,8,00,00,00,00,00,00,00,00,
-1778190050272347,00000381,false,Rx,0,8,05,00,80,3F,00,00,00,00,
-1778190050253135,00000180,false,Rx,0,8,0D,00,01,00,00,00,00,00,
-1778190050252214,00000280,false,Rx,0,8,95,35,8B,3F,92,3B,83,3D,
-1778190050251281,00000281,false,Rx,0,8,51,0B,DC,42,00,00,34,42,
-1778190050250256,00000380,false,Rx,0,8,00,00,00,00,00,00,00,00,
-1778190050249277,00000381,false,Rx,0,8,05,00,80,3F,00,00,00,00,
-1778190050230231,00000180,false,Rx,0,8,0D,00,01,00,00,00,00,00,
-1778190050229307,00000280,false,Rx,0,8,95,35,8B,3F,92,3B,83,3D,
-1778190050228377,00000281,false,Rx,0,8,51,0B,DC,42,00,00,34,42,
-1778190050227348,00000380,false,Rx,0,8,00,00,00,00,00,00,00,00,
-1778190050226370,00000381,false,Rx,0,8,05,00,80,3F,00,00,00,00,
-1778190050209588,00000180,false,Rx,0,8,0D,00,01,00,00,00,00,00,
-1778190050208658,00000280,false,Rx,0,8,2E,29,8B,3F,5F,11,85,3D,
-1778190050207725,00000281,false,Rx,0,8,51,0B,DC,42,00,00,34,42,
-1778190050206701,00000380,false,Rx,0,8,00,00,00,00,00,00,00,00,
-1778190050205722,00000381,false,Rx,0,8,05,00,80,3F,00,00,00,00,
-1778190050186698,00000180,false,Rx,0,8,0D,00,01,00,00,00,00,00,
-1778190050185769,00000280,false,Rx,0,8,2E,29,8B,3F,5F,11,85,3D,
-1778190050184738,00000281,false,Rx,0,8,51,0B,DC,42,00,00,34,42,
-1778190050183708,00000380,false,Rx,0,8,00,00,00,00,00,00,00,00,
-1778190050182733,00000381,false,Rx,0,8,05,00,80,3F,00,00,00,00,
-1778190050166044,00000180,false,Rx,0,8,0D,00,01,00,00,00,00,00,
-1778190050165119,00000280,false,Rx,0,8,66,1D,8B,3F,9C,6E,83,3D,
-1778190050164091,00000281,false,Rx,0,8,51,0B,DC,42,00,00,34,42,
-1778190050163061,00000380,false,Rx,0,8,00,00,00,00,00,00,00,00,
-1778190050162082,00000381,false,Rx,0,8,05,00,80,3F,00,00,00,00,
-1778190050143038,00000180,false,Rx,0,8,0D,00,01,00,00,00,00,00,
-1778190050142113,00000280,false,Rx,0,8,66,1D,8B,3F,9C,6E,83,3D,
-1778190050141184,00000281,false,Rx,0,8,51,0B,DC,42,00,00,34,42,
-1778190050140155,00000380,false,Rx,0,8,00,00,00,00,00,00,00,00,
-1778190050139176,00000381,false,Rx,0,8,05,00,80,3F,00,00,00,00,
-1778190050120253,00000180,false,Rx,0,8,0D,00,01,00,00,00,00,00,
-1778190050119328,00000280,false,Rx,0,8,66,1D,8B,3F,9C,6E,83,3D,
-1778190050118399,00000281,false,Rx,0,8,51,0B,DC,42,00,00,34,42,
-1778190050117370,00000380,false,Rx,0,8,00,00,00,00,00,00,00,00,
-1778190050116391,00000381,false,Rx,0,8,05,00,80,3F,00,00,00,00,
-1778190050097394,00000180,false,Rx,0,8,0D,00,01,00,00,00,00,00,
-1778190050096457,00000280,false,Rx,0,8,34,12,8B,3F,DC,41,85,3D,
-1778190050095525,00000281,false,Rx,0,8,51,0B,DC,42,00,00,34,42,
-1778190050094500,00000380,false,Rx,0,8,00,00,00,00,00,00,00,00,
-1778190050093520,00000381,false,Rx,0,8,05,00,80,3F,00,00,00,00,
-1778190050074498,00000180,false,Rx,0,8,0D,00,01,00,00,00,00,00,
-1778190050073561,00000280,false,Rx,0,8,34,12,8B,3F,DC,41,85,3D,
-1778190050072628,00000281,false,Rx,0,8,51,0B,DC,42,00,00,34,42,
-1778190050071603,00000380,false,Rx,0,8,00,00,00,00,00,00,00,00,
-1778190050070621,00000381,false,Rx,0,8,05,00,80,3F,00,00,00,00,
-1778190050053857,00000180,false,Rx,0,8,0D,00,01,00,00,00,00,00,
-1778190050052917,00000280,false,Rx,0,8,92,07,8B,3F,AC,9C,83,3D,
-1778190050051988,00000281,false,Rx,0,8,51,0B,DC,42,00,00,34,42,
-1778190050050959,00000380,false,Rx,0,8,00,00,00,00,00,00,00,00,
-1778190050049979,00000381,false,Rx,0,8,05,00,80,3F,00,00,00,00,
-1778190050030942,00000180,false,Rx,0,8,0D,00,01,00,00,00,00,00,
-1778190050030004,00000280,false,Rx,0,8,92,07,8B,3F,AC,9C,83,3D,
-1778190050029072,00000281,false,Rx,0,8,51,0B,DC,42,00,00,34,42,
-1778190050028047,00000380,false,Rx,0,8,00,00,00,00,00,00,00,00,
-1778190050027068,00000381,false,Rx,0,8,05,00,80,3F,00,00,00,00,
-1778190050010309,00000180,false,Rx,0,8,0D,00,01,00,00,00,00,00,
-1778190050009388,00000280,false,Rx,0,8,77,FD,8A,3F,9E,6D,85,3D,
-1778190050008459,00000281,false,Rx,0,8,51,0B,DC,42,00,00,34,42,
-1778190050007430,00000380,false,Rx,0,8,00,00,00,00,00,00,00,00,
-1778190050006450,00000381,false,Rx,0,8,05,00,80,3F,00,00,00,00,
-1778190049989942,00000180,false,Rx,0,8,0D,00,01,00,00,00,00,00,
-1778190049989021,00000280,false,Rx,0,8,77,FD,8A,3F,9E,6D,85,3D,
-1778190049988088,00000281,false,Rx,0,8,51,0B,DC,42,00,00,34,42,
-1778190049987062,00000380,false,Rx,0,8,00,00,00,00,00,00,00,00,
-1778190049986084,00000381,false,Rx,0,8,05,00,80,3F,00,00,00,00,
-1778190049967030,00000180,false,Rx,0,8,0D,00,01,00,00,00,00,00,
-1778190049966105,00000280,false,Rx,0,8,77,FD,8A,3F,9E,6D,85,3D,
-1778190049965176,00000281,false,Rx,0,8,51,0B,DC,42,00,00,34,42,
-1778190049964148,00000380,false,Rx,0,8,00,00,00,00,00,00,00,00,
-1778190049963069,00000381,false,Rx,0,8,05,00,80,3F,00,00,00,00,
-1778190049944180,00000180,false,Rx,0,8,0D,00,01,00,00,00,00,00,
-1778190049943250,00000280,false,Rx,0,8,DE,F3,8A,3F,3E,C6,83,3D,
-1778190049942217,00000281,false,Rx,0,8,51,0B,DC,42,00,00,34,42,
-1778190049941192,00000380,false,Rx,0,8,00,00,00,00,00,00,00,00,
-1778190049940213,00000381,false,Rx,0,8,05,00,80,3F,00,00,00,00,
-1778190049921193,00000180,false,Rx,0,8,0D,00,01,00,00,00,00,00,
-1778190049920260,00000280,false,Rx,0,8,DE,F3,8A,3F,3E,C6,83,3D,
-1778190049919331,00000281,false,Rx,0,8,51,0B,DC,42,00,00,34,42,
-1778190049918302,00000380,false,Rx,0,8,00,00,00,00,00,00,00,00,
-1778190049917323,00000381,false,Rx,0,8,05,00,80,3F,00,00,00,00,
-1778190049900532,00000180,false,Rx,0,8,0D,00,01,00,00,00,00,00,
-1778190049899611,00000280,false,Rx,0,8,C0,EA,8A,3F,1D,95,85,3D,
-1778190049898682,00000281,false,Rx,0,8,51,0B,DC,42,00,00,34,42,
-1778190049897653,00000380,false,Rx,0,8,00,00,00,00,00,00,00,00,
-1778190049896674,00000381,false,Rx,0,8,05,00,80,3F,00,00,00,00,
-1778190049877828,00000180,false,Rx,0,8,0D,00,01,00,00,00,00,00,
-1778190049876906,00000280,false,Rx,0,8,C0,EA,8A,3F,1D,95,85,3D,
-1778190049875974,00000281,false,Rx,0,8,51,0B,DC,42,00,00,34,42,
-1778190049874945,00000380,false,Rx,0,8,00,00,00,00,00,00,00,00,
-1778190049873966,00000381,false,Rx,0,8,05,00,80,3F,00,00,00,00,
-1778190049855235,00000180,false,Rx,0,8,0D,00,01,00,00,00,00,00,
-1778190049854314,00000280,false,Rx,0,8,C0,EA,8A,3F,1D,95,85,3D,
-1778190049853382,00000281,false,Rx,0,8,51,0B,DC,42,00,00,34,42,
-1778190049852356,00000380,false,Rx,0,8,00,00,00,00,00,00,00,00,
-1778190049851377,00000381,false,Rx,0,8,05,00,80,3F,00,00,00,00,
-1778190049834802,00000180,false,Rx,0,8,0D,00,01,00,00,00,00,00,
-1778190049833874,00000280,false,Rx,0,8,16,E2,8A,3F,7B,2C,86,3D,
-1778190049832940,00000281,false,Rx,0,8,51,0B,DC,42,00,00,34,42,
-1778190049831915,00000380,false,Rx,0,8,00,00,00,00,00,00,00,00,
-1778190049830936,00000381,false,Rx,0,8,05,00,80,3F,00,00,00,00,
-1778190049812106,00000180,false,Rx,0,8,0D,00,01,00,00,00,00,00,
-1778190049811177,00000280,false,Rx,0,8,16,E2,8A,3F,7B,2C,86,3D,
-1778190049810244,00000281,false,Rx,0,8,51,0B,DC,42,00,00,34,42,
-1778190049809215,00000380,false,Rx,0,8,00,00,00,00,00,00,00,00,
-1778190049808236,00000381,false,Rx,0,8,05,00,80,3F,00,00,00,00,
-1778190049791657,00000180,false,Rx,0,8,0D,00,01,00,00,00,00,00,
-1778190049790717,00000280,false,Rx,0,8,DB,D9,8A,3F,90,7B,84,3D,
-1778190049789784,00000281,false,Rx,0,8,51,0B,DC,42,00,00,34,42,
-1778190049788759,00000380,false,Rx,0,8,00,00,00,00,00,00,00,00,
-1778190049787780,00000381,false,Rx,0,8,05,00,80,3F,00,00,00,00,
-1778190049766550,00000180,false,Rx,0,8,0D,00,01,00,00,00,00,00,
-1778190049765610,00000280,false,Rx,0,8,DB,D9,8A,3F,90,7B,84,3D,
-1778190049764681,00000281,false,Rx,0,8,51,0B,DC,42,00,00,34,42,
-1778190049763652,00000380,false,Rx,0,8,00,00,00,00,00,00,00,00,
-1778190049762774,00000381,false,Rx,0,8,05,00,80,3F,00,00,00,00,
-1778190049746102,00000180,false,Rx,0,8,0D,00,01,00,00,00,00,00,
-1778190049745161,00000280,false,Rx,0,8,0A,D2,8A,3F,5E,41,86,3D,
-1778190049744232,00000281,false,Rx,0,8,51,0B,DC,42,00,00,34,42,
-1778190049743203,00000380,false,Rx,0,8,00,00,00,00,00,00,00,00,
-1778190049742325,00000381,false,Rx,0,8,05,00,80,3F,00,00,00,00,
-1778190049723419,00000180,false,Rx,0,8,0D,00,01,00,00,00,00,00,
-1778190049722579,00000280,false,Rx,0,8,0A,D2,8A,3F,5E,41,86,3D,
-1778190049721650,00000281,false,Rx,0,8,51,0B,DC,42,00,00,34,42,
-1778190049720622,00000380,false,Rx,0,8,00,00,00,00,00,00,00,00,
-1778190049719642,00000381,false,Rx,0,8,05,00,80,3F,00,00,00,00,
-1778190049700944,00000180,false,Rx,0,8,0D,00,01,00,00,00,00,00,
-1778190049700002,00000280,false,Rx,0,8,0A,D2,8A,3F,5E,41,86,3D,
-1778190049699073,00000281,false,Rx,0,8,51,0B,DC,42,00,00,34,42,
-1778190049698044,00000380,false,Rx,0,8,00,00,00,00,00,00,00,00,
-1778190049697065,00000381,false,Rx,0,8,05,00,80,3F,00,00,00,00,
-1778190049680475,00000180,false,Rx,0,8,0D,00,01,00,00,00,00,00,
-1778190049679547,00000280,false,Rx,0,8,9D,CA,8A,3F,68,8F,84,3D,
-1778190049678618,00000281,false,Rx,0,8,51,0B,DC,42,00,00,34,42,
-1778190049677589,00000380,false,Rx,0,8,00,00,00,00,00,00,00,00,
-1778190049676609,00000381,false,Rx,0,8,05,00,80,3F,00,00,00,00,
-1778190049657787,00000180,false,Rx,0,8,0D,00,01,00,00,00,00,00,
-1778190049656859,00000280,false,Rx,0,8,9D,CA,8A,3F,68,8F,84,3D,
-1778190049655925,00000281,false,Rx,0,8,51,0B,DC,42,00,00,34,42,
-1778190049654900,00000380,false,Rx,0,8,00,00,00,00,00,00,00,00,
-1778190049653922,00000381,false,Rx,0,8,05,00,80,3F,00,00,00,00,
-1778190049637330,00000180,false,Rx,0,8,0D,00,01,00,00,00,00,00,
-1778190049636405,00000280,false,Rx,0,8,8E,C3,8A,3F,38,54,86,3D,
-1778190049635477,00000281,false,Rx,0,8,51,0B,DC,42,00,00,34,42,
-1778190049634448,00000380,false,Rx,0,8,00,00,00,00,00,00,00,00,
-1778190049633469,00000381,false,Rx,0,8,05,00,80,3F,00,00,00,00,
-1778190049612424,00000180,false,Rx,0,8,0D,00,01,00,00,00,00,00,
-1778190049611503,00000280,false,Rx,0,8,8E,C3,8A,3F,38,54,86,3D,
-1778190049610570,00000281,false,Rx,0,8,51,0B,DC,42,00,00,34,42,
-1778190049609545,00000380,false,Rx,0,8,00,00,00,00,00,00,00,00,
-1778190049608566,00000381,false,Rx,0,8,05,00,80,3F,00,00,00,00,
-1778190049591975,00000180,false,Rx,0,8,0D,00,01,00,00,00,00,00,
-1778190049591062,00000280,false,Rx,0,8,DA,BC,8A,3F,51,A1,84,3D,
-1778190049590130,00000281,false,Rx,0,8,51,0B,DC,42,00,00,34,42,
-1778190049589105,00000380,false,Rx,0,8,00,00,00,00,00,00,00,00,
-1778190049588121,00000381,false,Rx,0,8,05,00,80,3F,00,00,00,00,
-1778190049569280,00000180,false,Rx,0,8,0D,00,01,00,00,00,00,00,
-1778190049568363,00000280,false,Rx,0,8,DA,BC,8A,3F,51,A1,84,3D,
-1778190049567433,00000281,false,Rx,0,8,51,0B,DC,42,00,00,34,42,
-1778190049566404,00000380,false,Rx,0,8,00,00,00,00,00,00,00,00,
-1778190049565426,00000381,false,Rx,0,8,05,00,80,3F,00,00,00,00,
-1778190049546711,00000180,false,Rx,0,8,0D,00,01,00,00,00,00,00,
-1778190049545796,00000280,false,Rx,0,8,DA,BC,8A,3F,51,A1,84,3D,
-1778190049544864,00000281,false,Rx,0,8,51,0B,DC,42,00,00,34,42,
-1778190049543839,00000380,false,Rx,0,8,00,00,00,00,00,00,00,00,
-1778190049542958,00000381,false,Rx,0,8,05,00,80,3F,00,00,00,00,
-1778190049526243,00000180,false,Rx,0,8,0D,00,01,00,00,00,00,00,
-1778190049525315,00000280,false,Rx,0,8,7C,B6,8A,3F,3B,65,86,3D,
-1778190049524386,00000281,false,Rx,0,8,51,0B,DC,42,00,00,34,42,
-1778190049523357,00000380,false,Rx,0,8,00,00,00,00,00,00,00,00,
-1778190049522478,00000381,false,Rx,0,8,05,00,80,3F,00,00,00,00,
-1778190049503539,00000180,false,Rx,0,8,0D,00,01,00,00,00,00,00,
-1778190049502709,00000280,false,Rx,0,8,7C,B6,8A,3F,3B,65,86,3D,
-1778190049501780,00000281,false,Rx,0,8,51,0B,DC,42,00,00,34,42,
-1778190049500753,00000380,false,Rx,0,8,00,00,00,00,00,00,00,00,
-1778190049499771,00000381,false,Rx,0,8,05,00,80,3F,00,00,00,00,
-1778190049483198,00000180,false,Rx,0,8,0D,00,01,00,00,00,00,00,
-1778190049482268,00000280,false,Rx,0,8,6F,B0,8A,3F,7A,B1,84,3D,
-1778190049481335,00000281,false,Rx,0,8,51,0B,DC,42,00,00,34,42,
-1778190049480308,00000380,false,Rx,0,8,00,00,00,00,00,00,00,00,
-1778190049479328,00000381,false,Rx,0,8,05,00,80,3F,00,00,00,00,
-1778190049458284,00000180,false,Rx,0,8,0D,00,01,00,00,00,00,00,
-1778190049457356,00000280,false,Rx,0,8,6F,B0,8A,3F,7A,B1,84,3D,
-1778190049456423,00000281,false,Rx,0,8,51,0B,DC,42,00,00,34,42,
-1778190049455397,00000380,false,Rx,0,8,00,00,00,00,00,00,00,00,
-1778190049454419,00000381,false,Rx,0,8,05,00,80,3F,00,00,00,00,
-1778190049437844,00000180,false,Rx,0,8,0D,00,01,00,00,00,00,00,
-1778190049436923,00000280,false,Rx,0,8,B0,AA,8A,3F,96,74,86,3D,
-1778190049435990,00000281,false,Rx,0,8,51,0B,DC,42,00,00,34,42,
-1778190049434964,00000380,false,Rx,0,8,00,00,00,00,00,00,00,00,
-1778190049433986,00000381,false,Rx,0,8,05,00,80,3F,00,00,00,00,
-1778190049417670,00000180,false,Rx,0,8,0D,00,01,00,00,00,00,00,
-1778190049416745,00000280,false,Rx,0,8,B0,AA,8A,3F,96,74,86,3D,
-1778190049415813,00000281,false,Rx,0,8,51,0B,DC,42,00,00,34,42,
-1778190049414787,00000380,false,Rx,0,8,00,00,00,00,00,00,00,00,
-1778190049413808,00000381,false,Rx,0,8,05,00,80,3F,00,00,00,00,
-1778190049394961,00000180,false,Rx,0,8,0D,00,01,00,00,00,00,00,
-1778190049394040,00000280,false,Rx,0,8,B0,AA,8A,3F,96,74,86,3D,
-1778190049393108,00000281,false,Rx,0,8,51,0B,DC,42,00,00,34,42,
-1778190049392083,00000380,false,Rx,0,8,00,00,00,00,00,00,00,00,
-1778190049391104,00000381,false,Rx,0,8,05,00,80,3F,00,00,00,00,
-1778190049374530,00000180,false,Rx,0,8,0D,00,01,00,00,00,00,00,
-1778190049373596,00000280,false,Rx,0,8,3A,A5,8A,3F,10,C0,84,3D,
-1778190049372668,00000281,false,Rx,0,8,51,0B,DC,42,00,00,34,42,
-1778190049371639,00000380,false,Rx,0,8,00,00,00,00,00,00,00,00,
-1778190049370660,00000381,false,Rx,0,8,05,00,80,3F,00,00,00,00,
-1778190049351848,00000180,false,Rx,0,8,0D,00,01,00,00,00,00,00,
-1778190049350920,00000280,false,Rx,0,8,3A,A5,8A,3F,10,C0,84,3D,
-1778190049349986,00000281,false,Rx,0,8,51,0B,DC,42,00,00,34,42,
-1778190049348962,00000380,false,Rx,0,8,00,00,00,00,00,00,00,00,
-1778190049347982,00000381,false,Rx,0,8,05,00,80,3F,00,00,00,00,
-1778190049331385,00000180,false,Rx,0,8,0D,00,01,00,00,00,00,00,
-1778190049330444,00000280,false,Rx,0,8,0A,A0,8A,3F,71,82,86,3D,
-1778190049329516,00000281,false,Rx,0,8,51,0B,DC,42,00,00,34,42,
-1778190049328487,00000380,false,Rx,0,8,00,00,00,00,00,00,00,00,
-1778190049327507,00000381,false,Rx,0,8,05,00,80,3F,00,00,00,00,
-1778190049308678,00000180,false,Rx,0,8,0D,00,01,00,00,00,00,00,
-1778190049307741,00000280,false,Rx,0,8,0A,A0,8A,3F,71,82,86,3D,
-1778190049306809,00000281,false,Rx,0,8,51,0B,DC,42,00,00,34,42,
-1778190049305783,00000380,false,Rx,0,8,00,00,00,00,00,00,00,00,
-1778190049304800,00000381,false,Rx,0,8,05,00,80,3F,00,00,00,00,
-1778190049283709,00000180,false,Rx,0,8,0D,00,01,00,00,00,00,00,
-1778190049282872,00000280,false,Rx,0,8,0A,A0,8A,3F,71,82,86,3D,
-1778190049281940,00000281,false,Rx,0,8,51,0B,DC,42,00,00,34,42,
-1778190049280912,00000380,false,Rx,0,8,00,00,00,00,00,00,00,00,
-1778190049279935,00000381,false,Rx,0,8,05,00,80,3F,00,00,00,00,
-1778190049263343,00000180,false,Rx,0,8,0D,00,01,00,00,00,00,00,
-1778190049262412,00000280,false,Rx,0,8,1D,9B,8A,3F,3A,CD,84,3D,
-1778190049261484,00000281,false,Rx,0,8,51,0B,DC,42,00,00,34,42,
-1778190049260453,00000380,false,Rx,0,8,00,00,00,00,00,00,00,00,
-1778190049259474,00000381,false,Rx,0,8,05,00,80,3F,00,00,00,00,
-1778190049240655,00000180,false,Rx,0,8,0D,00,01,00,00,00,00,00,
-1778190049239726,00000280,false,Rx,0,8,1D,9B,8A,3F,3A,CD,84,3D,
-1778190049238793,00000281,false,Rx,0,8,51,0B,DC,42,00,00,34,42,
-1778190049237764,00000380,false,Rx,0,8,00,00,00,00,00,00,00,00,
-1778190049236786,00000381,false,Rx,0,8,05,00,80,3F,00,00,00,00,
-1778190049220200,00000180,false,Rx,0,8,0D,00,01,00,00,00,00,00,
-1778190049219275,00000280,false,Rx,0,8,6E,96,8A,3F,F2,8E,86,3D,
-1778190049218346,00000281,false,Rx,0,8,51,0B,DC,42,00,00,34,42,
-1778190049217317,00000380,false,Rx,0,8,00,00,00,00,00,00,00,00,
-1778190049216338,00000381,false,Rx,0,8,05,00,80,3F,00,00,00,00,
-1778190049197488,00000180,false,Rx,0,8,0D,00,01,00,00,00,00,00,
-1778190049196562,00000280,false,Rx,0,8,6E,96,8A,3F,F2,8E,86,3D,
-1778190049195634,00000281,false,Rx,0,8,51,0B,DC,42,00,00,34,42,
-1778190049194605,00000380,false,Rx,0,8,00,00,00,00,00,00,00,00,
-1778190049193626,00000381,false,Rx,0,8,05,00,80,3F,00,00,00,00,
-1778190049177044,00000180,false,Rx,0,8,0D,00,01,00,00,00,00,00,
-1778190049176123,00000280,false,Rx,0,8,FC,91,8A,3F,1A,D9,84,3D,
-1778190049175191,00000281,false,Rx,0,8,51,0B,DC,42,00,00,34,42,
-1778190049174165,00000380,false,Rx,0,8,00,00,00,00,00,00,00,00,
-1778190049173186,00000381,false,Rx,0,8,05,00,80,3F,00,00,00,00,
-1778190049154349,00000180,false,Rx,0,8,0D,00,01,00,00,00,00,00,
-1778190049153423,00000280,false,Rx,0,8,FC,91,8A,3F,1A,D9,84,3D,
-1778190049152494,00000281,false,Rx,0,8,51,0B,DC,42,00,00,34,42,
-1778190049151466,00000380,false,Rx,0,8,00,00,00,00,00,00,00,00,
-1778190049150486,00000381,false,Rx,0,8,05,00,80,3F,00,00,00,00,
-1778190049129358,00000180,false,Rx,0,8,0D,00,01,00,00,00,00,00,
-1778190049128433,00000280,false,Rx,0,8,FC,91,8A,3F,1A,D9,84,3D,
-1778190049127499,00000281,false,Rx,0,8,51,0B,DC,42,00,00,34,42,
-1778190049126474,00000380,false,Rx,0,8,00,00,00,00,00,00,00,00,
-1778190049125496,00000381,false,Rx,0,8,05,00,80,3F,00,00,00,00,
-1778190049108913,00000180,false,Rx,0,8,0D,00,01,00,00,00,00,00,
-1778190049107992,00000280,false,Rx,0,8,C2,8D,8A,3F,3A,9A,86,3D,
-1778190049107060,00000281,false,Rx,0,8,51,0B,DC,42,00,00,34,42,
-1778190049106034,00000380,false,Rx,0,8,00,00,00,00,00,00,00,00,
-1778190049105051,00000381,false,Rx,0,8,05,00,80,3F,00,00,00,00,
-1778190049086201,00000180,false,Rx,0,8,0D,00,01,00,00,00,00,00,
-1778190049085276,00000280,false,Rx,0,8,C2,8D,8A,3F,3A,9A,86,3D,
-1778190049084347,00000281,false,Rx,0,8,51,0B,DC,42,00,00,34,42,
-1778190049083419,00000380,false,Rx,0,8,00,00,00,00,00,00,00,00,
-1778190049082442,00000381,false,Rx,0,8,05,00,80,3F,00,00,00,00,
-1778190049065767,00000180,false,Rx,0,8,0D,00,01,00,00,00,00,00,
-1778190049064846,00000280,false,Rx,0,8,BE,89,8A,3F,D2,E3,84,3D,
-1778190049064015,00000281,false,Rx,0,8,51,0B,DC,42,00,00,34,42,
-1778190049062985,00000380,false,Rx,0,8,00,00,00,00,00,00,00,00,
-1778190049062010,00000381,false,Rx,0,8,05,00,80,3F,00,00,00,00,
-1778190049043182,00000180,false,Rx,0,8,0D,00,01,00,00,00,00,00,
-1778190049042257,00000280,false,Rx,0,8,BE,89,8A,3F,D2,E3,84,3D,
-1778190049041328,00000281,false,Rx,0,8,51,0B,DC,42,00,00,34,42,
-1778190049040299,00000380,false,Rx,0,8,00,00,00,00,00,00,00,00,
-1778190049039320,00000381,false,Rx,0,8,05,00,80,3F,00,00,00,00,
-1778190049022731,00000180,false,Rx,0,8,0D,00,01,00,00,00,00,00,
-1778190049021817,00000280,false,Rx,0,8,EE,85,8A,3F,69,A4,86,3D,
-1778190049020885,00000281,false,Rx,0,8,51,0B,DC,42,00,00,34,42,
-1778190049019860,00000380,false,Rx,0,8,00,00,00,00,00,00,00,00,
-1778190049018876,00000381,false,Rx,0,8,05,00,80,3F,00,00,00,00,
-1778190049002554,00000180,false,Rx,0,8,0D,00,01,00,00,00,00,00,
-1778190049001641,00000280,false,Rx,0,8,EE,85,8A,3F,69,A4,86,3D,
-1778190049000706,00000281,false,Rx,0,8,51,0B,DC,42,00,00,34,42,
-1778190048999682,00000380,false,Rx,0,8,00,00,00,00,00,00,00,00,
-1778190048998703,00000381,false,Rx,0,8,05,00,80,3F,00,00,00,00,
-1778190048979849,00000180,false,Rx,0,8,0D,00,01,00,00,00,00,00,
-1778190048978936,00000280,false,Rx,0,8,EE,85,8A,3F,69,A4,86,3D,
-1778190048978003,00000281,false,Rx,0,8,51,0B,DC,42,00,00,34,42,
-1778190048976975,00000380,false,Rx,0,8,00,00,00,00,00,00,00,00,
-1778190048975996,00000381,false,Rx,0,8,05,00,80,3F,00,00,00,00,
-1778190048956807,00000180,false,Rx,0,8,0D,00,01,00,00,00,00,00,
-1778190048955863,00000280,false,Rx,0,8,4F,82,8A,3F,7F,ED,84,3D,
-1778190048954930,00000281,false,Rx,0,8,51,0B,DC,42,00,00,34,42,
-1778190048953905,00000380,false,Rx,0,8,00,00,00,00,00,00,00,00,
-1778190048952922,00000381,false,Rx,0,8,05,00,80,3F,00,00,00,00,
-1778190048934110,00000180,false,Rx,0,8,0D,00,01,00,00,00,00,00,
-1778190048933166,00000280,false,Rx,0,8,4F,82,8A,3F,7F,ED,84,3D,
-1778190048932234,00000281,false,Rx,0,8,51,0B,DC,42,00,00,34,42,
-1778190048931204,00000380,false,Rx,0,8,00,00,00,00,00,00,00,00,
-1778190048930226,00000381,false,Rx,0,8,05,00,80,3F,00,00,00,00,
-1778190048913656,00000180,false,Rx,0,8,0D,00,01,00,00,00,00,00,
-1778190048912730,00000280,false,Rx,0,8,DE,7E,8A,3F,9A,AD,86,3D,
-1778190048911798,00000281,false,Rx,0,8,51,0B,DC,42,00,00,34,42,
-1778190048910773,00000380,false,Rx,0,8,00,00,00,00,00,00,00,00,
-1778190048909794,00000381,false,Rx,0,8,05,00,80,3F,00,00,00,00,
-1778190048890975,00000180,false,Rx,0,8,0D,00,01,00,00,00,00,00,
-1778190048890050,00000280,false,Rx,0,8,DE,7E,8A,3F,9A,AD,86,3D,
-1778190048889120,00000281,false,Rx,0,8,51,0B,DC,42,00,00,34,42,
-1778190048888092,00000380,false,Rx,0,8,00,00,00,00,00,00,00,00,
-1778190048887113,00000381,false,Rx,0,8,05,00,80,3F,00,00,00,00,
-1778190048868356,00000180,false,Rx,0,8,0D,00,01,00,00,00,00,00,
-1778190048867435,00000280,false,Rx,0,8,DE,7E,8A,3F,9A,AD,86,3D,
-1778190048866503,00000281,false,Rx,0,8,51,0B,DC,42,00,00,34,42,
-1778190048865477,00000380,false,Rx,0,8,00,00,00,00,00,00,00,00,
-1778190048864498,00000381,false,Rx,0,8,05,00,80,3F,00,00,00,00,
-1778190048847723,00000180,false,Rx,0,8,0D,00,01,00,00,00,00,00,
-1778190048846809,00000280,false,Rx,0,8,9A,7B,8A,3F,3A,F6,84,3D,
-1778190048845877,00000281,false,Rx,0,8,51,0B,DC,42,00,00,34,42,
-1778190048844851,00000380,false,Rx,0,8,00,00,00,00,00,00,00,00,
-1778190048843772,00000381,false,Rx,0,8,05,00,80,3F,00,00,00,00,
-1778190048824844,00000180,false,Rx,0,8,0D,00,01,00,00,00,00,00,
-1778190048823829,00000280,false,Rx,0,8,9A,7B,8A,3F,3A,F6,84,3D,
-1778190048822896,00000281,false,Rx,0,8,51,0B,DC,42,00,00,34,42,
-1778190048821868,00000380,false,Rx,0,8,00,00,00,00,00,00,00,00,
-1778190048820891,00000381,false,Rx,0,8,05,00,80,3F,00,00,00,00,
-1778190048801669,00000180,false,Rx,0,8,0D,00,01,00,00,00,00,00,
-1778190048800747,00000280,false,Rx,0,8,7F,78,8A,3F,E6,B5,86,3D,
-1778190048799819,00000281,false,Rx,0,8,51,0B,DC,42,00,00,34,42,
-1778190048798790,00000380,false,Rx,0,8,00,00,00,00,00,00,00,00,
-1778190048797810,00000381,false,Rx,0,8,05,00,80,3F,00,00,00,00,
-1778190048778773,00000180,false,Rx,0,8,0D,00,01,00,00,00,00,00,
-1778190048777852,00000280,false,Rx,0,8,7F,78,8A,3F,E6,B5,86,3D,
-1778190048776919,00000281,false,Rx,0,8,51,0B,DC,42,00,00,34,42,
-1778190048775895,00000380,false,Rx,0,8,00,00,00,00,00,00,00,00,
-1778190048774915,00000381,false,Rx,0,8,05,00,80,3F,00,00,00,00,
-1778190048758126,00000180,false,Rx,0,8,0D,00,01,00,00,00,00,00,
-1778190048757200,00000280,false,Rx,0,8,8C,75,8A,3F,1C,FE,84,3D,
-1778190048756272,00000281,false,Rx,0,8,51,0B,DC,42,00,00,34,42,
-1778190048755243,00000380,false,Rx,0,8,00,00,00,00,00,00,00,00,
-1778190048754264,00000381,false,Rx,0,8,05,00,80,3F,00,00,00,00,
-1778190048735238,00000180,false,Rx,0,8,0D,00,01,00,00,00,00,00,
-1778190048734312,00000280,false,Rx,0,8,8C,75,8A,3F,1C,FE,84,3D,
-1778190048733383,00000281,false,Rx,0,8,51,0B,DC,42,00,00,34,42,
-1778190048732355,00000380,false,Rx,0,8,00,00,00,00,00,00,00,00,
-1778190048731376,00000381,false,Rx,0,8,05,00,80,3F,00,00,00,00,
-1778190048712469,00000180,false,Rx,0,8,0D,00,01,00,00,00,00,00,
-1778190048711544,00000280,false,Rx,0,8,8C,75,8A,3F,1C,FE,84,3D,
-1778190048710615,00000281,false,Rx,0,8,51,0B,DC,42,00,00,34,42,
-1778190048709586,00000380,false,Rx,0,8,00,00,00,00,00,00,00,00,
-1778190048708607,00000381,false,Rx,0,8,05,00,80,3F,00,00,00,00,
-1778190048691809,00000180,false,Rx,0,8,0D,00,01,00,00,00,00,00,
-1778190048690888,00000280,false,Rx,0,8,BE,72,8A,3F,62,BD,86,3D,
-1778190048689955,00000281,false,Rx,0,8,51,0B,DC,42,00,00,34,42,
-1778190048688930,00000380,false,Rx,0,8,00,00,00,00,00,00,00,00,
-1778190048687951,00000381,false,Rx,0,8,05,00,80,3F,00,00,00,00,
-1778190048668929,00000180,false,Rx,0,8,0D,00,01,00,00,00,00,00,
-1778190048668008,00000280,false,Rx,0,8,BE,72,8A,3F,62,BD,86,3D,
-1778190048667075,00000281,false,Rx,0,8,51,0B,DC,42,00,00,34,42,
-1778190048666049,00000380,false,Rx,0,8,00,00,00,00,00,00,00,00,
-1778190048665070,00000381,false,Rx,0,8,05,00,80,3F,00,00,00,00,
-1778190048645851,00000180,false,Rx,0,8,0D,00,01,00,00,00,00,00,
-1778190048644910,00000280,false,Rx,0,8,15,70,8A,3F,38,05,85,3D,
-1778190048643978,00000281,false,Rx,0,8,51,0B,DC,42,00,00,34,42,
-1778190048642953,00000380,false,Rx,0,8,00,00,00,00,00,00,00,00,
-1778190048641873,00000381,false,Rx,0,8,05,00,80,3F,00,00,00,00,
-1778190048622945,00000180,false,Rx,0,8,0D,00,01,00,00,00,00,00,
-1778190048621903,00000280,false,Rx,0,8,15,70,8A,3F,38,05,85,3D,
-1778190048620974,00000281,false,Rx,0,8,51,0B,DC,42,00,00,34,42,
-1778190048619947,00000380,false,Rx,0,8,00,00,00,00,00,00,00,00,
-1778190048618967,00000381,false,Rx,0,8,05,00,80,3F,00,00,00,00,
-1778190048602201,00000180,false,Rx,0,8,0D,00,01,00,00,00,00,00,
-1778190048601279,00000280,false,Rx,0,8,8E,6D,8A,3F,24,C4,86,3D,
-1778190048600348,00000281,false,Rx,0,8,51,0B,DC,42,00,00,34,42,
-1778190048599322,00000380,false,Rx,0,8,00,00,00,00,00,00,00,00,
-1778190048598343,00000381,false,Rx,0,8,05,00,80,3F,00,00,00,00,
-1778190048579322,00000180,false,Rx,0,8,0D,00,01,00,00,00,00,00,
-1778190048578398,00000280,false,Rx,0,8,8E,6D,8A,3F,24,C4,86,3D,
-1778190048577469,00000281,false,Rx,0,8,51,0B,DC,42,00,00,34,42,
-1778190048576440,00000380,false,Rx,0,8,00,00,00,00,00,00,00,00,
-1778190048575461,00000381,false,Rx,0,8,05,00,80,3F,00,00,00,00,
-1778190048556523,00000180,false,Rx,0,8,0D,00,01,00,00,00,00,00,
-1778190048555598,00000280,false,Rx,0,8,8E,6D,8A,3F,24,C4,86,3D,
-1778190048554669,00000281,false,Rx,0,8,51,0B,DC,42,00,00,34,42,
-1778190048553641,00000380,false,Rx,0,8,00,00,00,00,00,00,00,00,
-1778190048552661,00000381,false,Rx,0,8,05,00,80,3F,00,00,00,00,
-1778190048535872,00000180,false,Rx,0,8,0D,00,01,00,00,00,00,00,
-1778190048534935,00000280,false,Rx,0,8,27,6B,8A,3F,B7,6C,88,3D,
-1778190048534002,00000281,false,Rx,0,8,51,0B,DC,42,00,00,34,42,
-1778190048532973,00000380,false,Rx,0,8,00,00,00,00,00,00,00,00,
-1778190048531995,00000381,false,Rx,0,8,05,00,80,3F,00,00,00,00,
-1778190048512983,00000180,false,Rx,0,8,0D,00,01,00,00,00,00,00,
-1778190048512043,00000280,false,Rx,0,8,27,6B,8A,3F,B7,6C,88,3D,
-1778190048511114,00000281,false,Rx,0,8,51,0B,DC,42,00,00,34,42,
-1778190048510085,00000380,false,Rx,0,8,00,00,00,00,00,00,00,00,
-1778190048509106,00000381,false,Rx,0,8,05,00,80,3F,00,00,00,00,
-1778190048490121,00000180,false,Rx,0,8,0D,00,01,00,00,00,00,00,
-1778190048489196,00000280,false,Rx,0,8,DE,68,8A,3F,FC,9E,86,3D,
-1778190048488267,00000281,false,Rx,0,8,51,0B,DC,42,00,00,34,42,
-1778190048487239,00000380,false,Rx,0,8,00,00,00,00,00,00,00,00,
-1778190048486259,00000381,false,Rx,0,8,05,00,80,3F,00,00,00,00,
-1778190048467222,00000180,false,Rx,0,8,0D,00,01,00,00,00,00,00,
-1778190048466301,00000280,false,Rx,0,8,DE,68,8A,3F,FC,9E,86,3D,
-1778190048465368,00000281,false,Rx,0,8,51,0B,DC,42,00,00,34,42,
-1778190048464342,00000380,false,Rx,0,8,00,00,00,00,00,00,00,00,
-1778190048463360,00000381,false,Rx,0,8,05,00,80,3F,00,00,00,00,
-1778190048446573,00000180,false,Rx,0,8,0D,00,01,00,00,00,00,00,
-1778190048445633,00000280,false,Rx,0,8,B3,66,8A,3F,6A,49,88,3D,
-1778190048444704,00000281,false,Rx,0,8,51,0B,DC,42,00,00,34,42,
-1778190048443675,00000380,false,Rx,0,8,00,00,00,00,00,00,00,00,
-1778190048442696,00000381,false,Rx,0,8,05,00,80,3F,00,00,00,00,
-1778190048426203,00000180,false,Rx,0,8,0D,00,01,00,00,00,00,00,
-1778190048425267,00000280,false,Rx,0,8,B3,66,8A,3F,6A,49,88,3D,
-1778190048424334,00000281,false,Rx,0,8,51,0B,DC,42,00,00,34,42,
-1778190048423306,00000380,false,Rx,0,8,00,00,00,00,00,00,00,00,
-1778190048422326,00000381,false,Rx,0,8,05,00,80,3F,00,00,00,00,
-1778190048403300,00000180,false,Rx,0,8,0D,00,01,00,00,00,00,00,
-1778190048402360,00000280,false,Rx,0,8,B3,66,8A,3F,6A,49,88,3D,
-1778190048401431,00000281,false,Rx,0,8,51,0B,DC,42,00,00,34,42,
-1778190048400302,00000380,false,Rx,0,8,00,00,00,00,00,00,00,00,
-1778190048399324,00000381,false,Rx,0,8,05,00,80,3F,00,00,00,00,
-1778190048382660,00000180,false,Rx,0,8,0D,00,01,00,00,00,00,00,
-1778190048381719,00000280,false,Rx,0,8,A4,64,8A,3F,73,7D,86,3D,
-1778190048380791,00000281,false,Rx,0,8,51,0B,DC,42,00,00,34,42,
-1778190048379661,00000380,false,Rx,0,8,00,00,00,00,00,00,00,00,
-1778190048378683,00000381,false,Rx,0,8,05,00,80,3F,00,00,00,00,
-1778190048359677,00000180,false,Rx,0,8,0D,00,01,00,00,00,00,00,
-1778190048358741,00000280,false,Rx,0,8,A4,64,8A,3F,73,7D,86,3D,
-1778190048357806,00000281,false,Rx,0,8,51,0B,DC,42,00,00,34,42,
-1778190048356781,00000380,false,Rx,0,8,00,00,00,00,00,00,00,00,
-1778190048355803,00000381,false,Rx,0,8,05,00,80,3F,00,00,00,00,
-1778190048339013,00000180,false,Rx,0,8,0D,00,01,00,00,00,00,00,
-1778190048338080,00000280,false,Rx,0,8,AF,62,8A,3F,8F,29,88,3D,
-1778190048337150,00000281,false,Rx,0,8,51,0B,DC,42,00,00,34,42,
-1778190048336122,00000380,false,Rx,0,8,00,00,00,00,00,00,00,00,
-1778190048335143,00000381,false,Rx,0,8,05,00,80,3F,00,00,00,00,
-1778190048313906,00000180,false,Rx,0,8,0D,00,01,00,00,00,00,00,
-1778190048312978,00000280,false,Rx,0,8,AF,62,8A,3F,8F,29,88,3D,
-1778190048312045,00000281,false,Rx,0,8,51,0B,DC,42,00,00,34,42,
-1778190048311019,00000380,false,Rx,0,8,00,00,00,00,00,00,00,00,
-1778190048310041,00000381,false,Rx,0,8,05,00,80,3F,00,00,00,00,
-1778190048291133,00000180,false,Rx,0,8,0D,00,01,00,00,00,00,00,
-1778190048290200,00000280,false,Rx,0,8,AF,62,8A,3F,8F,29,88,3D,
-1778190048289268,00000281,false,Rx,0,8,51,0B,DC,42,00,00,34,42,
-1778190048288242,00000380,false,Rx,0,8,00,00,00,00,00,00,00,00,
-1778190048287263,00000381,false,Rx,0,8,05,00,80,3F,00,00,00,00,
-1778190048270474,00000180,false,Rx,0,8,0D,00,01,00,00,00,00,00,
-1778190048269533,00000280,false,Rx,0,8,D3,60,8A,3F,30,5F,86,3D,
-1778190048268605,00000281,false,Rx,0,8,51,0B,DC,42,00,00,34,42,
-1778190048267575,00000380,false,Rx,0,8,00,00,00,00,00,00,00,00,
-1778190048266596,00000381,false,Rx,0,8,05,00,80,3F,00,00,00,00,
-1778190048247585,00000180,false,Rx,0,8,0D,00,01,00,00,00,00,00,
-1778190048246645,00000280,false,Rx,0,8,D3,60,8A,3F,30,5F,86,3D,
-1778190048245715,00000281,false,Rx,0,8,51,0B,DC,42,00,00,34,42,
-1778190048244687,00000380,false,Rx,0,8,00,00,00,00,00,00,00,00,
-1778190048243707,00000381,false,Rx,0,8,05,00,80,3F,00,00,00,00,
-1778190048226929,00000180,false,Rx,0,8,0D,00,01,00,00,00,00,00,
-1778190048225981,00000280,false,Rx,0,8,0F,5F,8A,3F,CF,0C,88,3D,
-1778190048225048,00000281,false,Rx,0,8,51,0B,DC,42,00,00,34,42,
-1778190048224024,00000380,false,Rx,0,8,00,00,00,00,00,00,00,00,
-1778190048223044,00000381,false,Rx,0,8,05,00,80,3F,00,00,00,00,
-1778190048204037,00000180,false,Rx,0,8,0D,00,01,00,00,00,00,00,
-1778190048203093,00000280,false,Rx,0,8,0F,5F,8A,3F,CF,0C,88,3D,
-1778190048202161,00000281,false,Rx,0,8,51,0B,DC,42,00,00,34,42,
-1778190048201131,00000380,false,Rx,0,8,00,00,00,00,00,00,00,00,
-1778190048200152,00000381,false,Rx,0,8,05,00,80,3F,00,00,00,00,
-1778190048183381,00000180,false,Rx,0,8,0D,00,01,00,00,00,00,00,
-1778190048182441,00000280,false,Rx,0,8,07,F9,8E,3F,E0,43,86,3D,
-1778190048181512,00000281,false,Rx,0,8,51,0B,DC,42,00,00,34,42,
-1778190048180483,00000380,false,Rx,0,8,00,00,00,00,00,00,00,00,
-1778190048179504,00000381,false,Rx,0,8,05,00,80,3F,00,00,00,00,
-1778190048157977,00000180,false,Rx,0,8,0D,00,01,00,00,00,00,00,
-1778190048157037,00000280,false,Rx,0,8,07,F9,8E,3F,E0,43,86,3D,
-1778190048156104,00000281,false,Rx,0,8,51,0B,DC,42,00,00,34,42,
-1778190048155079,00000380,false,Rx,0,8,00,00,00,00,00,00,00,00,
-1778190048154100,00000381,false,Rx,0,8,05,00,80,3F,00,00,00,00,
-1778190048135215,00000180,false,Rx,0,8,0D,00,01,00,00,00,00,00,
-1778190048134275,00000280,false,Rx,0,8,07,F9,8E,3F,E0,43,86,3D,
-1778190048133343,00000281,false,Rx,0,8,51,0B,DC,42,00,00,34,42,
-1778190048132317,00000380,false,Rx,0,8,00,00,00,00,00,00,00,00,
-1778190048131338,00000381,false,Rx,0,8,05,00,80,3F,00,00,00,00,
-1778190048114549,00000180,false,Rx,0,8,0D,00,01,00,00,00,00,00,
-1778190048113624,00000280,false,Rx,0,8,73,BC,8E,3F,DD,F2,87,3D,
-1778190048112695,00000281,false,Rx,0,8,51,0B,DC,42,00,00,34,42,
-1778190048111665,00000380,false,Rx,0,8,00,00,00,00,00,00,00,00,
-1778190048110687,00000381,false,Rx,0,8,05,00,80,3F,00,00,00,00,
-1778190048091650,00000180,false,Rx,0,8,0D,00,01,00,00,00,00,00,
-1778190048090729,00000280,false,Rx,0,8,73,BC,8E,3F,DD,F2,87,3D,
-1778190048089797,00000281,false,Rx,0,8,51,0B,DC,42,00,00,34,42,
-1778190048088772,00000380,false,Rx,0,8,00,00,00,00,00,00,00,00,
-1778190048087792,00000381,false,Rx,0,8,05,00,80,3F,00,00,00,00,
-1778190048071003,00000180,false,Rx,0,8,0D,00,01,00,00,00,00,00,
-1778190048070078,00000280,false,Rx,0,8,E7,82,8E,3F,3A,2B,86,3D,
-1778190048069149,00000281,false,Rx,0,8,51,0B,DC,42,00,00,34,42,
-1778190048068120,00000380,false,Rx,0,8,00,00,00,00,00,00,00,00,
-1778190048067141,00000381,false,Rx,0,8,05,00,80,3F,00,00,00,00,
-1778190048048087,00000180,false,Rx,0,8,0D,00,01,00,00,00,00,00,
-1778190048047166,00000280,false,Rx,0,8,E7,82,8E,3F,3A,2B,86,3D,
-1778190048046233,00000281,false,Rx,0,8,51,0B,DC,42,00,00,34,42,
-1778190048045209,00000380,false,Rx,0,8,00,00,00,00,00,00,00,00,
-1778190048044228,00000381,false,Rx,0,8,05,00,80,3F,00,00,00,00,
-1778190048027454,00000180,false,Rx,0,8,0D,00,01,00,00,00,00,00,
-1778190048026525,00000280,false,Rx,0,8,3B,4C,8E,3F,72,DB,87,3D,
-1778190048025593,00000281,false,Rx,0,8,51,0B,DC,42,00,00,34,42,
-1778190048024564,00000380,false,Rx,0,8,00,00,00,00,00,00,00,00,
-1778190048023588,00000381,false,Rx,0,8,05,00,80,3F,00,00,00,00,
-1778190048002325,00000180,false,Rx,0,8,0D,00,01,00,00,00,00,00,
-1778190048001396,00000280,false,Rx,0,8,3B,4C,8E,3F,72,DB,87,3D,
-1778190048000464,00000281,false,Rx,0,8,51,0B,DC,42,00,00,34,42,
-1778190047999438,00000380,false,Rx,0,8,00,00,00,00,00,00,00,00,
-1778190047998459,00000381,false,Rx,0,8,05,00,80,3F,00,00,00,00,
-1778190047979559,00000180,false,Rx,0,8,0D,00,01,00,00,00,00,00,
-1778190047978627,00000280,false,Rx,0,8,3B,4C,8E,3F,72,DB,87,3D,
-1778190047977694,00000281,false,Rx,0,8,51,0B,DC,42,00,00,34,42,
-1778190047976568,00000380,false,Rx,0,8,00,00,00,00,00,00,00,00,
-1778190047975587,00000381,false,Rx,0,8,05,00,80,3F,00,00,00,00,
-1778190047958916,00000180,false,Rx,0,8,0D,00,01,00,00,00,00,00,
-1778190047957995,00000280,false,Rx,0,8,4B,18,8E,3F,FA,14,86,3D,
-1778190047957061,00000281,false,Rx,0,8,51,0B,DC,42,00,00,34,42,
-1778190047955936,00000380,false,Rx,0,8,00,00,00,00,00,00,00,00,
-1778190047954955,00000381,false,Rx,0,8,05,00,80,3F,00,00,00,00,
-1778190047935920,00000180,false,Rx,0,8,0D,00,01,00,00,00,00,00,
-1778190047934995,00000280,false,Rx,0,8,4B,18,8E,3F,FA,14,86,3D,
-1778190047934066,00000281,false,Rx,0,8,51,0B,DC,42,00,00,34,42,
-1778190047933037,00000380,false,Rx,0,8,00,00,00,00,00,00,00,00,
-1778190047932058,00000381,false,Rx,0,8,05,00,80,3F,00,00,00,00,
-1778190047915269,00000180,false,Rx,0,8,0D,00,01,00,00,00,00,00,
-1778190047914348,00000280,false,Rx,0,8,F4,E6,8D,3F,4F,C6,87,3D,
-1778190047913414,00000281,false,Rx,0,8,51,0B,DC,42,00,00,34,42,
-1778190047912389,00000380,false,Rx,0,8,00,00,00,00,00,00,00,00,
-1778190047911410,00000381,false,Rx,0,8,05,00,80,3F,00,00,00,00,
-1778190047892378,00000180,false,Rx,0,8,0D,00,01,00,00,00,00,00,
-1778190047891457,00000280,false,Rx,0,8,F4,E6,8D,3F,4F,C6,87,3D,
-1778190047890525,00000281,false,Rx,0,8,51,0B,DC,42,00,00,34,42,
-1778190047889499,00000380,false,Rx,0,8,00,00,00,00,00,00,00,00,
-1778190047888520,00000381,false,Rx,0,8,05,00,80,3F,00,00,00,00,
-1778190047871723,00000180,false,Rx,0,8,0D,00,01,00,00,00,00,00,
-1778190047870791,00000280,false,Rx,0,8,15,B8,8D,3F,E6,00,86,3D,
-1778190047869861,00000281,false,Rx,0,8,51,0B,DC,42,00,00,34,42,
-1778190047868832,00000380,false,Rx,0,8,00,00,00,00,00,00,00,00,
-1778190047867854,00000381,false,Rx,0,8,05,00,80,3F,00,00,00,00,
-1778190047851352,00000180,false,Rx,0,8,0D,00,01,00,00,00,00,00,
-1778190047850423,00000280,false,Rx,0,8,15,B8,8D,3F,E6,00,86,3D,
-1778190047849491,00000281,false,Rx,0,8,51,0B,DC,42,00,00,34,42,
-1778190047848466,00000380,false,Rx,0,8,00,00,00,00,00,00,00,00,
-1778190047847486,00000381,false,Rx,0,8,05,00,80,3F,00,00,00,00,
-1778190047826234,00000180,false,Rx,0,8,0D,00,01,00,00,00,00,00,
-1778190047825301,00000280,false,Rx,0,8,15,B8,8D,3F,E6,00,86,3D,
-1778190047824372,00000281,false,Rx,0,8,51,0B,DC,42,00,00,34,42,
-1778190047823343,00000380,false,Rx,0,8,00,00,00,00,00,00,00,00,
-1778190047822364,00000381,false,Rx,0,8,05,00,80,3F,00,00,00,00,
-1778190047805797,00000180,false,Rx,0,8,0D,00,01,00,00,00,00,00,
-1778190047804869,00000280,false,Rx,0,8,8E,8B,8D,3F,3C,B3,87,3D,
-1778190047803935,00000281,false,Rx,0,8,51,0B,DC,42,00,00,34,42,
-1778190047802910,00000380,false,Rx,0,8,00,00,00,00,00,00,00,00,
-1778190047801932,00000381,false,Rx,0,8,05,00,80,3F,00,00,00,00,
-1778190047783100,00000180,false,Rx,0,8,0D,00,01,00,00,00,00,00,
-1778190047782172,00000280,false,Rx,0,8,8E,8B,8D,3F,3C,B3,87,3D,
-1778190047781239,00000281,false,Rx,0,8,51,0B,DC,42,00,00,34,42,
-1778190047780213,00000380,false,Rx,0,8,00,00,00,00,00,00,00,00,
-1778190047779235,00000381,false,Rx,0,8,05,00,80,3F,00,00,00,00,
-1778190047762645,00000180,false,Rx,0,8,0D,00,01,00,00,00,00,00,
-1778190047761704,00000280,false,Rx,0,8,41,61,8D,3F,C7,EE,85,3D,
-1778190047760775,00000281,false,Rx,0,8,51,0B,DC,42,00,00,34,42,
-1778190047759746,00000380,false,Rx,0,8,00,00,00,00,00,00,00,00,
-1778190047758768,00000381,false,Rx,0,8,05,00,80,3F,00,00,00,00,
-1778190047739948,00000180,false,Rx,0,8,0D,00,01,00,00,00,00,00,
-1778190047739007,00000280,false,Rx,0,8,41,61,8D,3F,C7,EE,85,3D,
-1778190047738079,00000281,false,Rx,0,8,51,0B,DC,42,00,00,34,42,
-1778190047737049,00000380,false,Rx,0,8,00,00,00,00,00,00,00,00,
-1778190047736070,00000381,false,Rx,0,8,05,00,80,3F,00,00,00,00,
-1778190047717401,00000180,false,Rx,0,8,0D,00,01,00,00,00,00,00,
-1778190047716463,00000280,false,Rx,0,8,41,61,8D,3F,C7,EE,85,3D,
-1778190047715630,00000281,false,Rx,0,8,51,0B,DC,42,00,00,34,42,
-1778190047714605,00000380,false,Rx,0,8,00,00,00,00,00,00,00,00,
-1778190047713625,00000381,false,Rx,0,8,05,00,80,3F,00,00,00,00,
-1778190047696921,00000180,false,Rx,0,8,0D,00,01,00,00,00,00,00,
-1778190047696090,00000280,false,Rx,0,8,11,39,8D,3F,05,A2,87,3D,
-1778190047695160,00000281,false,Rx,0,8,51,0B,DC,42,00,00,34,42,
-1778190047694131,00000380,false,Rx,0,8,00,00,00,00,00,00,00,00,
-1778190047693149,00000381,false,Rx,0,8,05,00,80,3F,00,00,00,00,
-1778190047671916,00000180,false,Rx,0,8,0D,00,01,00,00,00,00,00,
-1778190047670983,00000280,false,Rx,0,8,11,39,8D,3F,05,A2,87,3D,
-1778190047670051,00000281,false,Rx,0,8,51,0B,DC,42,00,00,34,42,
-1778190047669026,00000380,false,Rx,0,8,00,00,00,00,00,00,00,00,
-1778190047668046,00000381,false,Rx,0,8,05,00,80,3F,00,00,00,00,
-1778190047651472,00000180,false,Rx,0,8,0D,00,01,00,00,00,00,00,
-1778190047650559,00000280,false,Rx,0,8,E3,12,8D,3F,6D,DE,85,3D,
-1778190047649626,00000281,false,Rx,0,8,51,0B,DC,42,00,00,34,42,
-1778190047648601,00000380,false,Rx,0,8,00,00,00,00,00,00,00,00,
-1778190047647618,00000381,false,Rx,0,8,05,00,80,3F,00,00,00,00,
-1778190047628784,00000180,false,Rx,0,8,0D,00,01,00,00,00,00,00,
-1778190047627869,00000280,false,Rx,0,8,E3,12,8D,3F,6D,DE,85,3D,
-1778190047626937,00000281,false,Rx,0,8,51,0B,DC,42,00,00,34,42,
-1778190047625912,00000380,false,Rx,0,8,00,00,00,00,00,00,00,00,
-1778190047624933,00000381,false,Rx,0,8,05,00,80,3F,00,00,00,00,
-1778190047608327,00000180,false,Rx,0,8,0D,00,01,00,00,00,00,00,
-1778190047607395,00000280,false,Rx,0,8,9E,EE,8C,3F,7C,92,87,3D,
-1778190047606466,00000281,false,Rx,0,8,51,0B,DC,42,00,00,34,42,
-1778190047605437,00000380,false,Rx,0,8,00,00,00,00,00,00,00,00,
-1778190047604458,00000381,false,Rx,0,8,05,00,80,3F,00,00,00,00,
-1778190047585638,00000180,false,Rx,0,8,0D,00,01,00,00,00,00,00,
-1778190047584706,00000280,false,Rx,0,8,9E,EE,8C,3F,7C,92,87,3D,
-1778190047583776,00000281,false,Rx,0,8,51,0B,DC,42,00,00,34,42,
-1778190047582747,00000380,false,Rx,0,8,00,00,00,00,00,00,00,00,
-1778190047581769,00000381,false,Rx,0,8,05,00,80,3F,00,00,00,00,
-1778190047563061,00000180,false,Rx,0,8,0D,00,01,00,00,00,00,00,
-1778190047562128,00000280,false,Rx,0,8,9E,EE,8C,3F,7C,92,87,3D,
-1778190047561200,00000281,false,Rx,0,8,51,0B,DC,42,00,00,34,42,
-1778190047560171,00000380,false,Rx,0,8,00,00,00,00,00,00,00,00,
-1778190047559191,00000381,false,Rx,0,8,05,00,80,3F,00,00,00,00,
-1778190047542593,00000180,false,Rx,0,8,0D,00,01,00,00,00,00,00,
-1778190047541657,00000280,false,Rx,0,8,2A,CC,8C,3F,AA,CF,85,3D,
-1778190047540724,00000281,false,Rx,0,8,51,0B,DC,42,00,00,34,42,
-1778190047539700,00000380,false,Rx,0,8,00,00,00,00,00,00,00,00,
-1778190047538720,00000381,false,Rx,0,8,05,00,80,3F,00,00,00,00,
-1778190047517484,00000180,false,Rx,0,8,0D,00,01,00,00,00,00,00,
-1778190047516542,00000280,false,Rx,0,8,2A,CC,8C,3F,AA,CF,85,3D,
-1778190047515712,00000281,false,Rx,0,8,51,0B,DC,42,00,00,34,42,
-1778190047514683,00000380,false,Rx,0,8,00,00,00,00,00,00,00,00,
-1778190047513704,00000381,false,Rx,0,8,05,00,80,3F,00,00,00,00,
-1778190047497031,00000180,false,Rx,0,8,0D,00,01,00,00,00,00,00,
-1778190047496207,00000280,false,Rx,0,8,6E,AB,8C,3F,76,84,87,3D,
-1778190047495278,00000281,false,Rx,0,8,51,0B,DC,42,00,00,34,42,
-1778190047494251,00000380,false,Rx,0,8,00,00,00,00,00,00,00,00,
-1778190047493270,00000381,false,Rx,0,8,05,00,80,3F,00,00,00,00,
-1778190047474452,00000180,false,Rx,0,8,0D,00,01,00,00,00,00,00,
-1778190047473527,00000280,false,Rx,0,8,6E,AB,8C,3F,76,84,87,3D,
-1778190047472598,00000281,false,Rx,0,8,51,0B,DC,42,00,00,34,42,
-1778190047471568,00000380,false,Rx,0,8,00,00,00,00,00,00,00,00,
-1778190047470590,00000381,false,Rx,0,8,05,00,80,3F,00,00,00,00,
-1778190047453985,00000180,false,Rx,0,8,0D,00,01,00,00,00,00,00,
-1778190047453071,00000280,false,Rx,0,8,56,8C,8C,3F,58,C2,85,3D,
-1778190047452143,00000281,false,Rx,0,8,51,0B,DC,42,00,00,34,42,
-1778190047451113,00000380,false,Rx,0,8,00,00,00,00,00,00,00,00,
-1778190047450134,00000381,false,Rx,0,8,05,00,80,3F,00,00,00,00,
-1778190047433818,00000180,false,Rx,0,8,0D,00,01,00,00,00,00,00,
-1778190047432905,00000280,false,Rx,0,8,56,8C,8C,3F,58,C2,85,3D,
-1778190047431972,00000281,false,Rx,0,8,51,0B,DC,42,00,00,34,42,
-1778190047430946,00000380,false,Rx,0,8,00,00,00,00,00,00,00,00,
-1778190047429968,00000381,false,Rx,0,8,05,00,80,3F,00,00,00,00,
-1778190047411129,00000180,false,Rx,0,8,0D,00,01,00,00,00,00,00,
-1778190047410216,00000280,false,Rx,0,8,56,8C,8C,3F,58,C2,85,3D,
-1778190047409283,00000281,false,Rx,0,8,51,0B,DC,42,00,00,34,42,
-1778190047408259,00000380,false,Rx,0,8,00,00,00,00,00,00,00,00,
-1778190047407279,00000381,false,Rx,0,8,05,00,80,3F,00,00,00,00,
-1778190047390673,00000180,false,Rx,0,8,0D,00,01,00,00,00,00,00,
-1778190047389741,00000280,false,Rx,0,8,CB,6E,8C,3F,CF,77,87,3D,
-1778190047388812,00000281,false,Rx,0,8,51,0B,DC,42,00,00,34,42,
-1778190047387783,00000380,false,Rx,0,8,00,00,00,00,00,00,00,00,
-1778190047386804,00000381,false,Rx,0,8,05,00,80,3F,00,00,00,00,
-1778190047367982,00000180,false,Rx,0,8,0D,00,01,00,00,00,00,00,
-1778190047367053,00000280,false,Rx,0,8,CB,6E,8C,3F,CF,77,87,3D,
-1778190047366120,00000281,false,Rx,0,8,51,0B,DC,42,00,00,34,42,
-1778190047365094,00000380,false,Rx,0,8,00,00,00,00,00,00,00,00,
-1778190047364116,00000381,false,Rx,0,8,05,00,80,3F,00,00,00,00,
-1778190047344718,00000180,false,Rx,0,8,0D,00,01,00,00,00,00,00,
-1778190047343801,00000280,false,Rx,0,8,BA,52,8C,3F,53,B6,85,3D,
-1778190047342871,00000281,false,Rx,0,8,51,0B,DC,42,00,00,34,42,
-1778190047341842,00000380,false,Rx,0,8,00,00,00,00,00,00,00,00,
-1778190047340863,00000381,false,Rx,0,8,05,00,80,3F,00,00,00,00,
-1778190047321964,00000180,false,Rx,0,8,0D,00,01,00,00,00,00,00,
-1778190047321046,00000280,false,Rx,0,8,BA,52,8C,3F,53,B6,85,3D,
-1778190047320118,00000281,false,Rx,0,8,51,0B,DC,42,00,00,34,42,
-1778190047319088,00000380,false,Rx,0,8,00,00,00,00,00,00,00,00,
-1778190047318109,00000381,false,Rx,0,8,05,00,80,3F,00,00,00,00,
-1778190047301127,00000180,false,Rx,0,8,0D,00,01,00,00,00,00,00,
-1778190047300198,00000280,false,Rx,0,8,11,38,8C,3F,64,6C,87,3D,
-1778190047299265,00000281,false,Rx,0,8,51,0B,DC,42,00,00,34,42,
-1778190047298240,00000380,false,Rx,0,8,00,00,00,00,00,00,00,00,
-1778190047297261,00000381,false,Rx,0,8,05,00,80,3F,00,00,00,00,
-1778190047281001,00000180,false,Rx,0,8,0D,00,01,00,00,00,00,00,
-1778190047280068,00000280,false,Rx,0,8,11,38,8C,3F,64,6C,87,3D,
-1778190047279140,00000281,false,Rx,0,8,51,0B,DC,42,00,00,34,42,
-1778190047278110,00000380,false,Rx,0,8,00,00,00,00,00,00,00,00,
-1778190047277131,00000381,false,Rx,0,8,05,00,80,3F,00,00,00,00,
-1778190047258282,00000180,false,Rx,0,8,0D,00,01,00,00,00,00,00,
-1778190047257349,00000280,false,Rx,0,8,11,38,8C,3F,64,6C,87,3D,
-1778190047256518,00000281,false,Rx,0,8,51,0B,DC,42,00,00,34,42,
-1778190047255493,00000380,false,Rx,0,8,00,00,00,00,00,00,00,00,
-1778190047254514,00000381,false,Rx,0,8,05,00,80,3F,00,00,00,00,
-1778190047237855,00000180,false,Rx,0,8,0D,00,01,00,00,00,00,00,
-1778190047236942,00000280,false,Rx,0,8,BD,1E,8C,3F,7A,AB,85,3D,
-1778190047236111,00000281,false,Rx,0,8,51,0B,DC,42,00,00,34,42,
-1778190047235081,00000380,false,Rx,0,8,00,00,00,00,00,00,00,00,
-1778190047234102,00000381,false,Rx,0,8,05,00,80,3F,00,00,00,00,
-1778190047215224,00000180,false,Rx,0,8,0D,00,01,00,00,00,00,00,
-1778190047214311,00000280,false,Rx,0,8,BD,1E,8C,3F,7A,AB,85,3D,
-1778190047213378,00000281,false,Rx,0,8,51,0B,DC,42,00,00,34,42,
-1778190047212353,00000380,false,Rx,0,8,00,00,00,00,00,00,00,00,
-1778190047211373,00000381,false,Rx,0,8,05,00,80,3F,00,00,00,00,
-1778190047192192,00000180,false,Rx,0,8,0D,00,01,00,00,00,00,00,
-1778190047191256,00000280,false,Rx,0,8,AD,06,8C,3F,02,01,84,3D,
-1778190047190323,00000281,false,Rx,0,8,51,0B,DC,42,00,00,34,42,
-1778190047189294,00000380,false,Rx,0,8,00,00,00,00,00,00,00,00,
-1778190047188315,00000381,false,Rx,0,8,05,00,80,3F,00,00,00,00,
-1778190047169465,00000180,false,Rx,0,8,0D,00,01,00,00,00,00,00,
-1778190047168525,00000280,false,Rx,0,8,AD,06,8C,3F,02,01,84,3D,
-1778190047167592,00000281,false,Rx,0,8,51,0B,DC,42,00,00,34,42,
-1778190047166567,00000380,false,Rx,0,8,00,00,00,00,00,00,00,00,
-1778190047165588,00000381,false,Rx,0,8,05,00,80,3F,00,00,00,00,
-1778190047146669,00000180,false,Rx,0,8,0D,00,01,00,00,00,00,00,
-1778190047145729,00000280,false,Rx,0,8,AD,06,8C,3F,02,01,84,3D,
-1778190047144800,00000281,false,Rx,0,8,51,0B,DC,42,00,00,34,42,
-1778190047143774,00000380,false,Rx,0,8,00,00,00,00,00,00,00,00,
-1778190047142795,00000381,false,Rx,0,8,05,00,80,3F,00,00,00,00,
-1778190047126079,00000180,false,Rx,0,8,0D,00,01,00,00,00,00,00,
-1778190047125130,00000280,false,Rx,0,8,D1,EF,8B,3F,F0,CC,85,3D,
-1778190047124201,00000281,false,Rx,0,8,51,0B,DC,42,00,00,34,42,
-1778190047123173,00000380,false,Rx,0,8,00,00,00,00,00,00,00,00,
-1778190047122194,00000381,false,Rx,0,8,05,00,80,3F,00,00,00,00,
-1778190047103340,00000180,false,Rx,0,8,0D,00,01,00,00,00,00,00,
-1778190047102392,00000280,false,Rx,0,8,D1,EF,8B,3F,F0,CC,85,3D,
-1778190047101463,00000281,false,Rx,0,8,51,0B,DC,42,00,00,34,42,
-1778190047100433,00000380,false,Rx,0,8,00,00,00,00,00,00,00,00,
-1778190047099455,00000381,false,Rx,0,8,05,00,80,3F,00,00,00,00,
-1778190047082714,00000180,false,Rx,0,8,0D,00,01,00,00,00,00,00,
-1778190047081774,00000280,false,Rx,0,8,BF,75,90,3F,CC,20,84,3D,
-1778190047080845,00000281,false,Rx,0,8,51,0B,DC,42,00,00,34,42,
-1778190047079815,00000380,false,Rx,0,8,00,00,00,00,00,00,00,00,
-1778190047078837,00000381,false,Rx,0,8,05,00,80,3F,00,00,00,00,
-1778190047060003,00000180,false,Rx,0,8,0D,00,01,00,00,00,00,00,
-1778190047059062,00000280,false,Rx,0,8,BF,75,90,3F,CC,20,84,3D,
-1778190047058129,00000281,false,Rx,0,8,51,0B,DC,42,00,00,34,42,
-1778190047057204,00000380,false,Rx,0,8,00,00,00,00,00,00,00,00,
-1778190047056225,00000381,false,Rx,0,8,05,00,80,3F,00,00,00,00,
-1778190047037161,00000180,false,Rx,0,8,0D,00,01,00,00,00,00,00,
-1778190047036313,00000280,false,Rx,0,8,22,26,90,3F,23,EB,85,3D,
-1778190047035384,00000281,false,Rx,0,8,51,0B,DC,42,00,00,34,42,
-1778190047034356,00000380,false,Rx,0,8,00,00,00,00,00,00,00,00,
-1778190047033376,00000381,false,Rx,0,8,05,00,80,3F,00,00,00,00,
-1778190047014540,00000180,false,Rx,0,8,0D,00,01,00,00,00,00,00,
-1778190047013591,00000280,false,Rx,0,8,22,26,90,3F,23,EB,85,3D,
-1778190047012663,00000281,false,Rx,0,8,51,0B,DC,42,00,00,34,42,
-1778190047011634,00000380,false,Rx,0,8,00,00,00,00,00,00,00,00,
-1778190047010655,00000381,false,Rx,0,8,05,00,80,3F,00,00,00,00,
-1778190046991739,00000180,false,Rx,0,8,0D,00,01,00,00,00,00,00,
-1778190046990791,00000280,false,Rx,0,8,22,26,90,3F,23,EB,85,3D,
-1778190046989859,00000281,false,Rx,0,8,51,0B,DC,42,00,00,34,42,
-1778190046988833,00000380,false,Rx,0,8,00,00,00,00,00,00,00,00,
-1778190046987854,00000381,false,Rx,0,8,05,00,80,3F,00,00,00,00,
-1778190046971138,00000180,false,Rx,0,8,0D,00,01,00,00,00,00,00,
-1778190046970205,00000280,false,Rx,0,8,26,76,94,3F,7D,3D,84,3D,
-1778190046969277,00000281,false,Rx,0,8,51,0B,DC,42,00,00,34,42,
-1778190046968247,00000380,false,Rx,0,8,00,00,00,00,00,00,00,00,
-1778190046967268,00000381,false,Rx,0,8,05,00,80,3F,00,00,00,00,
-1778190046948408,00000180,false,Rx,0,8,0D,00,01,00,00,00,00,00,
-1778190046947479,00000280,false,Rx,0,8,26,76,94,3F,7D,3D,84,3D,
-1778190046946545,00000281,false,Rx,0,8,51,0B,DC,42,00,00,34,42,
-1778190046945521,00000380,false,Rx,0,8,00,00,00,00,00,00,00,00,
-1778190046944542,00000381,false,Rx,0,8,05,00,80,3F,00,00,00,00,
-1778190046927798,00000180,false,Rx,0,8,0D,00,01,00,00,00,00,00,
-1778190046926868,00000280,false,Rx,0,8,51,F3,93,3F,65,06,86,3D,
-1778190046925936,00000281,false,Rx,0,8,51,0B,DC,42,00,00,34,42,
-1778190046924911,00000380,false,Rx,0,8,00,00,00,00,00,00,00,00,
-1778190046923932,00000381,false,Rx,0,8,05,00,80,3F,00,00,00,00,
-1778190046905071,00000180,false,Rx,0,8,0D,00,01,00,00,00,00,00,
-1778190046904138,00000280,false,Rx,0,8,51,F3,93,3F,65,06,86,3D,
-1778190046903209,00000281,false,Rx,0,8,51,0B,DC,42,00,00,34,42,
-1778190046902181,00000380,false,Rx,0,8,00,00,00,00,00,00,00,00,
-1778190046901201,00000381,false,Rx,0,8,05,00,80,3F,00,00,00,00,
-1778190046884453,00000180,false,Rx,0,8,0D,00,01,00,00,00,00,00,
-1778190046883516,00000280,false,Rx,0,8,AC,12,98,3F,62,57,84,3D,
-1778190046882584,00000281,false,Rx,0,8,51,0B,DC,42,00,00,34,42,
-1778190046881559,00000380,false,Rx,0,8,00,00,00,00,00,00,00,00,
-1778190046880575,00000381,false,Rx,0,8,05,00,80,3F,00,00,00,00,
-1778190046862069,00000180,false,Rx,0,8,0D,00,01,00,00,00,00,00,
-1778190046861129,00000280,false,Rx,0,8,AC,12,98,3F,62,57,84,3D,
-1778190046860200,00000281,false,Rx,0,8,51,0B,DC,42,00,00,34,42,
-1778190046859172,00000380,false,Rx,0,8,00,00,00,00,00,00,00,00,
-1778190046858192,00000381,false,Rx,0,8,05,00,80,3F,00,00,00,00,
-1778190046839333,00000180,false,Rx,0,8,0D,00,01,00,00,00,00,00,
-1778190046838393,00000280,false,Rx,0,8,AC,12,98,3F,62,57,84,3D,
-1778190046837556,00000281,false,Rx,0,8,51,0B,DC,42,00,00,34,42,
-1778190046836534,00000380,false,Rx,0,8,00,00,00,00,00,00,00,00,
-1778190046835557,00000381,false,Rx,0,8,05,00,80,3F,00,00,00,00,
-1778190046818717,00000180,false,Rx,0,8,0D,00,01,00,00,00,00,00,
-1778190046817792,00000280,false,Rx,0,8,9D,61,97,3F,FE,1E,86,3D,
-1778190046816963,00000281,false,Rx,0,8,51,0B,DC,42,00,00,34,42,
-1778190046815933,00000380,false,Rx,0,8,00,00,00,00,00,00,00,00,
-1778190046814954,00000381,false,Rx,0,8,05,00,80,3F,00,00,00,00,
-1778190046795873,00000180,false,Rx,0,8,0D,00,01,00,00,00,00,00,
-1778190046794949,00000280,false,Rx,0,8,9D,61,97,3F,FE,1E,86,3D,
-1778190046794019,00000281,false,Rx,0,8,51,0B,DC,42,00,00,34,42,
-1778190046792990,00000380,false,Rx,0,8,00,00,00,00,00,00,00,00,
-1778190046792011,00000381,false,Rx,0,8,05,00,80,3F,00,00,00,00,
-1778190046775071,00000180,false,Rx,0,8,0D,00,01,00,00,00,00,00,
-1778190046774139,00000280,false,Rx,0,8,0E,55,9B,3F,C0,6E,84,3D,
-1778190046773210,00000281,false,Rx,0,8,51,0B,DC,42,00,00,34,42,
-1778190046772180,00000380,false,Rx,0,8,00,00,00,00,00,00,00,00,
-1778190046771202,00000381,false,Rx,0,8,05,00,80,3F,00,00,00,00,
-1778190046752149,00000180,false,Rx,0,8,0D,00,01,00,00,00,00,00,
-1778190046751220,00000280,false,Rx,0,8,0E,55,9B,3F,C0,6E,84,3D,
-1778190046750287,00000281,false,Rx,0,8,51,0B,DC,42,00,00,34,42,
-1778190046749258,00000380,false,Rx,0,8,00,00,00,00,00,00,00,00,
-1778190046748279,00000381,false,Rx,0,8,05,00,80,3F,00,00,00,00,
-1778190046729383,00000180,false,Rx,0,8,0D,00,01,00,00,00,00,00,
-1778190046728451,00000280,false,Rx,0,8,0E,55,9B,3F,C0,6E,84,3D,
-1778190046727522,00000281,false,Rx,0,8,51,0B,DC,42,00,00,34,42,
-1778190046726492,00000380,false,Rx,0,8,00,00,00,00,00,00,00,00,
-1778190046725514,00000381,false,Rx,0,8,05,00,80,3F,00,00,00,00,
-1778190046706342,00000180,false,Rx,0,8,0D,00,01,00,00,00,00,00,
-1778190046705427,00000280,false,Rx,0,8,47,7A,9A,3F,32,35,86,3D,
-1778190046704495,00000281,false,Rx,0,8,51,0B,DC,42,00,00,34,42,
-1778190046703466,00000380,false,Rx,0,8,00,00,00,00,00,00,00,00,
-1778190046702488,00000381,false,Rx,0,8,05,00,80,3F,00,00,00,00,
-1778190046683429,00000180,false,Rx,0,8,0D,00,01,00,00,00,00,00,
-1778190046682512,00000280,false,Rx,0,8,47,7A,9A,3F,32,35,86,3D,
-1778190046681583,00000281,false,Rx,0,8,51,0B,DC,42,00,00,34,42,
-1778190046680554,00000380,false,Rx,0,8,00,00,00,00,00,00,00,00,
-1778190046679576,00000381,false,Rx,0,8,05,00,80,3F,00,00,00,00,
-1778190046662805,00000180,false,Rx,0,8,0D,00,01,00,00,00,00,00,
-1778190046661873,00000280,false,Rx,0,8,16,46,9E,3F,D7,83,84,3D,
-1778190046660944,00000281,false,Rx,0,8,51,0B,DC,42,00,00,34,42,
-1778190046659914,00000380,false,Rx,0,8,00,00,00,00,00,00,00,00,
-1778190046658936,00000381,false,Rx,0,8,05,00,80,3F,00,00,00,00,
-1778190046639867,00000180,false,Rx,0,8,0D,00,01,00,00,00,00,00,
-1778190046638938,00000280,false,Rx,0,8,16,46,9E,3F,D7,83,84,3D,
-1778190046638004,00000281,false,Rx,0,8,51,0B,DC,42,00,00,34,42,
-1778190046636980,00000380,false,Rx,0,8,00,00,00,00,00,00,00,00,
-1778190046635898,00000381,false,Rx,0,8,05,00,80,3F,00,00,00,00,
-1778190046619041,00000180,false,Rx,0,8,0D,00,01,00,00,00,00,00,
-1778190046618128,00000280,false,Rx,0,8,4E,E1,A1,3F,3A,49,86,3D,
-1778190046617195,00000281,false,Rx,0,8,51,0B,DC,42,00,00,34,42,
-1778190046616167,00000380,false,Rx,0,8,00,00,00,00,00,00,00,00,
-1778190046615090,00000381,false,Rx,0,8,05,00,80,3F,00,00,00,00,
-1778190046596118,00000180,false,Rx,0,8,0D,00,01,00,00,00,00,00,
-1778190046595105,00000280,false,Rx,0,8,4E,E1,A1,3F,3A,49,86,3D,
-1778190046594176,00000281,false,Rx,0,8,51,0B,DC,42,00,00,34,42,
-1778190046593149,00000380,false,Rx,0,8,00,00,00,00,00,00,00,00,
-1778190046592166,00000381,false,Rx,0,8,05,00,80,3F,00,00,00,00,
-1778190046573045,00000180,false,Rx,0,8,0D,00,01,00,00,00,00,00,
-1778190046572128,00000280,false,Rx,0,8,4E,E1,A1,3F,3A,49,86,3D,
-1778190046571199,00000281,false,Rx,0,8,51,0B,DC,42,00,00,34,42,
-1778190046570169,00000380,false,Rx,0,8,00,00,00,00,00,00,00,00,
-1778190046569191,00000381,false,Rx,0,8,05,00,80,3F,00,00,00,00,
-1778190046549809,00000180,false,Rx,0,8,0D,00,01,00,00,00,00,00,
-1778190046548869,00000280,false,Rx,0,8,5D,4E,A5,3F,DF,96,84,3D,
-1778190046547940,00000281,false,Rx,0,8,51,0B,DC,42,00,00,34,42,
-1778190046546912,00000380,false,Rx,0,8,00,00,00,00,00,00,00,00,
-1778190046545932,00000381,false,Rx,0,8,05,00,80,3F,00,00,00,00,
-1778190046526890,00000180,false,Rx,0,8,0D,00,01,00,00,00,00,00,
-1778190046525950,00000280,false,Rx,0,8,5D,4E,A5,3F,DF,96,84,3D,
-1778190046525017,00000281,false,Rx,0,8,51,0B,DC,42,00,00,34,42,
-1778190046523991,00000380,false,Rx,0,8,00,00,00,00,00,00,00,00,
-1778190046523013,00000381,false,Rx,0,8,05,00,80,3F,00,00,00,00,
-1778190046506265,00000180,false,Rx,0,8,0D,00,01,00,00,00,00,00,
-1778190046505318,00000280,false,Rx,0,8,91,8F,A8,3F,E2,95,87,3D,
-1778190046504385,00000281,false,Rx,0,8,51,0B,DC,42,00,00,34,42,
-1778190046503360,00000380,false,Rx,0,8,00,00,00,00,00,00,00,00,
-1778190046502380,00000381,false,Rx,0,8,05,00,80,3F,00,00,00,00,
-1778190046483353,00000180,false,Rx,0,8,0D,00,01,00,00,00,00,00,
-1778190046482405,00000280,false,Rx,0,8,91,8F,A8,3F,E2,95,87,3D,
-1778190046481473,00000281,false,Rx,0,8,51,0B,DC,42,00,00,34,42,
-1778190046480447,00000380,false,Rx,0,8,00,00,00,00,00,00,00,00,
-1778190046479468,00000381,false,Rx,0,8,05,00,80,3F,00,00,00,00,
-1778190046462717,00000180,false,Rx,0,8,0D,00,01,00,00,00,00,00,
-1778190046461789,00000280,false,Rx,0,8,1C,A7,AB,3F,E5,D2,85,3D,
-1778190046460856,00000281,false,Rx,0,8,51,0B,DC,42,00,00,34,42,
-1778190046459827,00000380,false,Rx,0,8,00,00,00,00,00,00,00,00,
-1778190046458848,00000381,false,Rx,0,8,05,00,80,3F,00,00,00,00,
-1778190046439790,00000180,false,Rx,0,8,0D,00,01,00,00,00,00,00,
-1778190046438858,00000280,false,Rx,0,8,1C,A7,AB,3F,E5,D2,85,3D,
-1778190046437925,00000281,false,Rx,0,8,51,0B,DC,42,00,00,34,42,
-1778190046436899,00000380,false,Rx,0,8,00,00,00,00,00,00,00,00,
-1778190046435921,00000381,false,Rx,0,8,05,00,80,3F,00,00,00,00,
-1778190046416828,00000180,false,Rx,0,8,0D,00,01,00,00,00,00,00,
-1778190046415900,00000280,false,Rx,0,8,1C,A7,AB,3F,E5,D2,85,3D,
-1778190046414967,00000281,false,Rx,0,8,51,0B,DC,42,00,00,34,42,
-1778190046413841,00000380,false,Rx,0,8,00,00,00,00,00,00,00,00,
-1778190046412858,00000381,false,Rx,0,8,05,00,80,3F,00,00,00,00,
-1778190046396196,00000180,false,Rx,0,8,0D,00,01,00,00,00,00,00,
-1778190046395267,00000280,false,Rx,0,8,13,97,AE,3F,88,87,87,3D,
-1778190046394333,00000281,false,Rx,0,8,51,0B,DC,42,00,00,34,42,
-1778190046393206,00000380,false,Rx,0,8,00,00,00,00,00,00,00,00,
-1778190046392229,00000381,false,Rx,0,8,05,00,80,3F,00,00,00,00,
-1778190046370741,00000180,false,Rx,0,8,0D,00,01,00,00,00,00,00,
-1778190046369813,00000280,false,Rx,0,8,13,97,AE,3F,88,87,87,3D,
-1778190046368880,00000281,false,Rx,0,8,51,0B,DC,42,00,00,34,42,
-1778190046367854,00000380,false,Rx,0,8,00,00,00,00,00,00,00,00,
-1778190046366876,00000381,false,Rx,0,8,05,00,80,3F,00,00,00,00,
-1778190046349932,00000180,false,Rx,0,8,0D,00,01,00,00,00,00,00,
-1778190046349019,00000280,false,Rx,0,8,72,61,B1,3F,43,C5,85,3D,
-1778190046348090,00000281,false,Rx,0,8,51,0B,DC,42,00,00,34,42,
-1778190046347061,00000380,false,Rx,0,8,00,00,00,00,00,00,00,00,
-1778190046346082,00000381,false,Rx,0,8,05,00,80,3F,00,00,00,00,
-1778190046326989,00000180,false,Rx,0,8,0D,00,01,00,00,00,00,00,
-1778190046326075,00000280,false,Rx,0,8,72,61,B1,3F,43,C5,85,3D,
-1778190046325143,00000281,false,Rx,0,8,51,0B,DC,42,00,00,34,42,
-1778190046324118,00000380,false,Rx,0,8,00,00,00,00,00,00,00,00,
-1778190046323134,00000381,false,Rx,0,8,05,00,80,3F,00,00,00,00,
-1778190046306195,00000180,false,Rx,0,8,0D,00,01,00,00,00,00,00,
-1778190046305262,00000280,false,Rx,0,8,18,08,B4,3F,95,7A,87,3D,
-1778190046304334,00000281,false,Rx,0,8,51,0B,DC,42,00,00,34,42,
-1778190046303304,00000380,false,Rx,0,8,00,00,00,00,00,00,00,00,
-1778190046302325,00000381,false,Rx,0,8,05,00,80,3F,00,00,00,00,
-1778190046285828,00000180,false,Rx,0,8,0D,00,01,00,00,00,00,00,
-1778190046284895,00000280,false,Rx,0,8,18,08,B4,3F,95,7A,87,3D,
-1778190046283963,00000281,false,Rx,0,8,51,0B,DC,42,00,00,34,42,
-1778190046282937,00000380,false,Rx,0,8,00,00,00,00,00,00,00,00,
-1778190046281958,00000381,false,Rx,0,8,05,00,80,3F,00,00,00,00,
-1778190046262881,00000180,false,Rx,0,8,0D,00,01,00,00,00,00,00,
-1778190046261949,00000280,false,Rx,0,8,18,08,B4,3F,95,7A,87,3D,
-1778190046261020,00000281,false,Rx,0,8,51,0B,DC,42,00,00,34,42,
-1778190046259991,00000380,false,Rx,0,8,00,00,00,00,00,00,00,00,
-1778190046259012,00000381,false,Rx,0,8,05,00,80,3F,00,00,00,00,
-1778190046242080,00000180,false,Rx,0,8,0D,00,01,00,00,00,00,00,
-1778190046241159,00000280,false,Rx,0,8,D0,8C,B6,3F,F6,B8,85,3D,
-1778190046240226,00000281,false,Rx,0,8,51,0B,DC,42,00,00,34,42,
-1778190046239200,00000380,false,Rx,0,8,00,00,00,00,00,00,00,00,
-1778190046238221,00000381,false,Rx,0,8,05,00,80,3F,00,00,00,00,
-1778190046216935,00000180,false,Rx,0,8,0D,00,01,00,00,00,00,00,
-1778190046216014,00000280,false,Rx,0,8,D0,8C,B6,3F,F6,B8,85,3D,
-1778190046215081,00000281,false,Rx,0,8,51,0B,DC,42,00,00,34,42,
-1778190046214055,00000380,false,Rx,0,8,00,00,00,00,00,00,00,00,
-1778190046213077,00000381,false,Rx,0,8,05,00,80,3F,00,00,00,00,
-1778190046196117,00000180,false,Rx,0,8,0D,00,01,00,00,00,00,00,
-1778190046195177,00000280,false,Rx,0,8,4B,F1,B8,3F,E5,6E,87,3D,
-1778190046194248,00000281,false,Rx,0,8,51,0B,DC,42,00,00,34,42,
-1778190046193220,00000380,false,Rx,0,8,00,00,00,00,00,00,00,00,
-1778190046192140,00000381,false,Rx,0,8,05,00,80,3F,00,00,00,00,
-1778190046173197,00000180,false,Rx,0,8,0D,00,01,00,00,00,00,00,
-1778190046172158,00000280,false,Rx,0,8,4B,F1,B8,3F,E5,6E,87,3D,
-1778190046171228,00000281,false,Rx,0,8,51,0B,DC,42,00,00,34,42,
-1778190046170200,00000380,false,Rx,0,8,00,00,00,00,00,00,00,00,
-1778190046169223,00000381,false,Rx,0,8,05,00,80,3F,00,00,00,00,
-1778190046150305,00000180,false,Rx,0,8,0D,00,01,00,00,00,00,00,
-1778190046149364,00000280,false,Rx,0,8,4B,F1,B8,3F,E5,6E,87,3D,
-1778190046148436,00000281,false,Rx,0,8,51,0B,DC,42,00,00,34,42,
-1778190046147407,00000380,false,Rx,0,8,00,00,00,00,00,00,00,00,
-1778190046146427,00000381,false,Rx,0,8,05,00,80,3F,00,00,00,00,
-1778190046129495,00000180,false,Rx,0,8,0D,00,01,00,00,00,00,00,
-1778190046128555,00000280,false,Rx,0,8,26,37,BB,3F,DB,AD,85,3D,
-1778190046127626,00000281,false,Rx,0,8,51,0B,DC,42,00,00,34,42,
-1778190046126596,00000380,false,Rx,0,8,00,00,00,00,00,00,00,00,
-1778190046125618,00000381,false,Rx,0,8,05,00,80,3F,00,00,00,00,
-1778190046106556,00000180,false,Rx,0,8,0D,00,01,00,00,00,00,00,
-1778190046105620,00000280,false,Rx,0,8,26,37,BB,3F,DB,AD,85,3D,
-1778190046104687,00000281,false,Rx,0,8,51,0B,DC,42,00,00,34,42,
-1778190046103661,00000380,false,Rx,0,8,00,00,00,00,00,00,00,00,
-1778190046102683,00000381,false,Rx,0,8,05,00,80,3F,00,00,00,00,
-1778190046085741,00000180,false,Rx,0,8,0D,00,01,00,00,00,00,00,
-1778190046084815,00000280,false,Rx,0,8,EA,5F,BD,3F,58,64,87,3D,
-1778190046083887,00000281,false,Rx,0,8,51,0B,DC,42,00,00,34,42,
-1778190046082858,00000380,false,Rx,0,8,00,00,00,00,00,00,00,00,
-1778190046081879,00000381,false,Rx,0,8,05,00,80,3F,00,00,00,00,
-1778190046060002,00000180,false,Rx,0,8,0D,00,01,00,00,00,00,00,
-1778190046059077,00000280,false,Rx,0,8,EA,5F,BD,3F,58,64,87,3D,
-1778190046058148,00000281,false,Rx,0,8,51,0B,DC,42,00,00,34,42,
-1778190046057120,00000380,false,Rx,0,8,00,00,00,00,00,00,00,00,
-1778190046056140,00000381,false,Rx,0,8,05,00,80,3F,00,00,00,00,
-1778190046039185,00000180,false,Rx,0,8,0D,00,01,00,00,00,00,00,
-1778190046038260,00000280,false,Rx,0,8,65,D1,BA,3F,D6,A3,85,3D,
-1778190046037331,00000281,false,Rx,0,8,51,0B,DC,42,00,00,34,42,
-1778190046036305,00000380,false,Rx,0,8,00,00,00,00,00,00,00,00,
-1778190046035326,00000381,false,Rx,0,8,05,00,80,3F,00,00,00,00,
-1778190046016257,00000180,false,Rx,0,8,0D,00,01,00,00,00,00,00,
-1778190046015332,00000280,false,Rx,0,8,65,D1,BA,3F,D6,A3,85,3D,
-1778190046014400,00000281,false,Rx,0,8,51,0B,DC,42,00,00,34,42,
-1778190046013374,00000380,false,Rx,0,8,00,00,00,00,00,00,00,00,
-1778190046012395,00000381,false,Rx,0,8,05,00,80,3F,00,00,00,00,
-1778190045993268,00000180,false,Rx,0,8,0D,00,01,00,00,00,00,00,
-1778190045992347,00000280,false,Rx,0,8,65,D1,BA,3F,D6,A3,85,3D,
-1778190045991415,00000281,false,Rx,0,8,51,0B,DC,42,00,00,34,42,
-1778190045990286,00000380,false,Rx,0,8,00,00,00,00,00,00,00,00,
-1778190045989309,00000381,false,Rx,0,8,05,00,80,3F,00,00,00,00,
-1778190045972459,00000180,false,Rx,0,8,0D,00,01,00,00,00,00,00,
-1778190045971511,00000280,false,Rx,0,8,9A,63,B8,3F,C0,F9,83,3D,
-1778190045970480,00000281,false,Rx,0,8,51,0B,DC,42,00,00,34,42,
-1778190045969455,00000380,false,Rx,0,8,00,00,00,00,00,00,00,00,
-1778190045968475,00000381,false,Rx,0,8,05,00,80,3F,00,00,00,00,
-1778190045949400,00000180,false,Rx,0,8,0D,00,01,00,00,00,00,00,
-1778190045948452,00000280,false,Rx,0,8,9A,63,B8,3F,C0,F9,83,3D,
-1778190045947520,00000281,false,Rx,0,8,51,0B,DC,42,00,00,34,42,
-1778190045946495,00000380,false,Rx,0,8,00,00,00,00,00,00,00,00,
-1778190045945515,00000381,false,Rx,0,8,05,00,80,3F,00,00,00,00,
-1778190045928606,00000180,false,Rx,0,8,0D,00,01,00,00,00,00,00,
-1778190045927635,00000280,false,Rx,0,8,31,4C,BF,3F,FA,20,88,3D,
-1778190045926701,00000281,false,Rx,0,8,51,0B,DC,42,00,00,34,42,
-1778190045925676,00000380,false,Rx,0,8,00,00,00,00,00,00,00,00,
-1778190045924698,00000381,false,Rx,0,8,05,00,80,3F,00,00,00,00,
-1778190045905682,00000180,false,Rx,0,8,0D,00,01,00,00,00,00,00,
-1778190045904711,00000280,false,Rx,0,8,31,4C,BF,3F,FA,20,88,3D,
-1778190045903782,00000281,false,Rx,0,8,51,0B,DC,42,00,00,34,42,
-1778190045902753,00000380,false,Rx,0,8,00,00,00,00,00,00,00,00,
-1778190045901774,00000381,false,Rx,0,8,05,00,80,3F,00,00,00,00,
-1778190045882650,00000180,false,Rx,0,8,0D,00,01,00,00,00,00,00,
-1778190045881737,00000280,false,Rx,0,8,5A,DC,C5,3F,65,77,87,3D,
-1778190045880804,00000281,false,Rx,0,8,51,0B,DC,42,00,00,34,42,
-1778190045879778,00000380,false,Rx,0,8,00,00,00,00,00,00,00,00,
-1778190045878796,00000381,false,Rx,0,8,05,00,80,3F,00,00,00,00,
-1778190045859738,00000180,false,Rx,0,8,0D,00,01,00,00,00,00,00,
-1778190045858821,00000280,false,Rx,0,8,5A,DC,C5,3F,65,77,87,3D,
-1778190045857892,00000281,false,Rx,0,8,51,0B,DC,42,00,00,34,42,
-1778190045856862,00000380,false,Rx,0,8,00,00,00,00,00,00,00,00,
-1778190045855884,00000381,false,Rx,0,8,05,00,80,3F,00,00,00,00,
-1778190045836933,00000180,false,Rx,0,8,0D,00,01,00,00,00,00,00,
-1778190045836019,00000280,false,Rx,0,8,5A,DC,C5,3F,65,77,87,3D,
-1778190045835087,00000281,false,Rx,0,8,51,0B,DC,42,00,00,34,42,
-1778190045834062,00000380,false,Rx,0,8,00,00,00,00,00,00,00,00,
-1778190045833082,00000381,false,Rx,0,8,05,00,80,3F,00,00,00,00,
-1778190045816127,00000180,false,Rx,0,8,0D,00,01,00,00,00,00,00,
-1778190045815186,00000280,false,Rx,0,8,81,18,CC,3F,95,51,8A,3D,
-1778190045814253,00000281,false,Rx,0,8,51,0B,DC,42,00,00,34,42,
-1778190045813229,00000380,false,Rx,0,8,00,00,00,00,00,00,00,00,
-1778190045812250,00000381,false,Rx,0,8,05,00,80,3F,00,00,00,00,
-1778190045793181,00000180,false,Rx,0,8,0D,00,01,00,00,00,00,00,
-1778190045792240,00000280,false,Rx,0,8,81,18,CC,3F,95,51,8A,3D,
-1778190045791311,00000281,false,Rx,0,8,51,0B,DC,42,00,00,34,42,
-1778190045790282,00000380,false,Rx,0,8,00,00,00,00,00,00,00,00,
-1778190045789304,00000381,false,Rx,0,8,05,00,80,3F,00,00,00,00,
-1778190045772377,00000180,false,Rx,0,8,0D,00,01,00,00,00,00,00,
-1778190045771429,00000280,false,Rx,0,8,DA,04,D2,3F,9C,6B,88,3D,
-1778190045770500,00000281,false,Rx,0,8,51,0B,DC,42,00,00,34,42,
-1778190045769471,00000380,false,Rx,0,8,00,00,00,00,00,00,00,00,
-1778190045768592,00000381,false,Rx,0,8,05,00,80,3F,00,00,00,00,
-1778190045749649,00000180,false,Rx,0,8,0D,00,01,00,00,00,00,00,
-1778190045748803,00000280,false,Rx,0,8,DA,04,D2,3F,9C,6B,88,3D,
-1778190045747870,00000281,false,Rx,0,8,51,0B,DC,42,00,00,34,42,
-1778190045746843,00000380,false,Rx,0,8,00,00,00,00,00,00,00,00,
-1778190045745862,00000381,false,Rx,0,8,05,00,80,3F,00,00,00,00,
-1778190045726874,00000180,false,Rx,0,8,0D,00,01,00,00,00,00,00,
-1778190045725945,00000280,false,Rx,0,8,62,A5,D7,3F,02,FF,89,3D,
-1778190045725013,00000281,false,Rx,0,8,51,0B,DC,42,00,00,34,42,
-1778190045723988,00000380,false,Rx,0,8,00,00,00,00,00,00,00,00,
-1778190045723004,00000381,false,Rx,0,8,05,00,80,3F,00,00,00,00,
-1778190045706754,00000180,false,Rx,0,8,0D,00,01,00,00,00,00,00,
-1778190045705825,00000280,false,Rx,0,8,62,A5,D7,3F,02,FF,89,3D,
-1778190045704893,00000281,false,Rx,0,8,51,0B,DC,42,00,00,34,42,
-1778190045703868,00000380,false,Rx,0,8,00,00,00,00,00,00,00,00,
-1778190045702884,00000381,false,Rx,0,8,05,00,80,3F,00,00,00,00,
-1778190045684041,00000180,false,Rx,0,8,0D,00,01,00,00,00,00,00,
-1778190045683108,00000280,false,Rx,0,8,62,A5,D7,3F,02,FF,89,3D,
-1778190045682180,00000281,false,Rx,0,8,51,0B,DC,42,00,00,34,42,
-1778190045681151,00000380,false,Rx,0,8,00,00,00,00,00,00,00,00,
-1778190045680171,00000381,false,Rx,0,8,05,00,80,3F,00,00,00,00,
-1778190045663609,00000180,false,Rx,0,8,0D,00,01,00,00,00,00,00,
-1778190045662668,00000280,false,Rx,0,8,E2,FD,DC,3F,2A,1D,88,3D,
-1778190045661736,00000281,false,Rx,0,8,51,0B,DC,42,00,00,34,42,
-1778190045660711,00000380,false,Rx,0,8,00,00,00,00,00,00,00,00,
-1778190045659731,00000381,false,Rx,0,8,05,00,80,3F,00,00,00,00,
-1778190045640854,00000180,false,Rx,0,8,0D,00,01,00,00,00,00,00,
-1778190045639914,00000280,false,Rx,0,8,E2,FD,DC,3F,2A,1D,88,3D,
-1778190045638985,00000281,false,Rx,0,8,51,0B,DC,42,00,00,34,42,
-1778190045637957,00000380,false,Rx,0,8,00,00,00,00,00,00,00,00,
-1778190045636977,00000381,false,Rx,0,8,05,00,80,3F,00,00,00,00,
-1778190045620260,00000180,false,Rx,0,8,0D,00,01,00,00,00,00,00,
-1778190045619324,00000280,false,Rx,0,8,F5,11,E2,3F,10,EF,8A,3D,
-1778190045618390,00000281,false,Rx,0,8,51,0B,DC,42,00,00,34,42,
-1778190045617365,00000380,false,Rx,0,8,00,00,00,00,00,00,00,00,
-1778190045616383,00000381,false,Rx,0,8,05,00,80,3F,00,00,00,00,
-1778190045597525,00000180,false,Rx,0,8,0D,00,01,00,00,00,00,00,
-1778190045596585,00000280,false,Rx,0,8,F5,11,E2,3F,10,EF,8A,3D,
-1778190045595652,00000281,false,Rx,0,8,51,0B,DC,42,00,00,34,42,
-1778190045594627,00000380,false,Rx,0,8,00,00,00,00,00,00,00,00,
-1778190045593648,00000381,false,Rx,0,8,05,00,80,3F,00,00,00,00,
-1778190045572344,00000180,false,Rx,0,8,0D,00,01,00,00,00,00,00,
-1778190045571408,00000280,false,Rx,0,8,F5,11,E2,3F,10,EF,8A,3D,
-1778190045570474,00000281,false,Rx,0,8,51,0B,DC,42,00,00,34,42,
-1778190045569449,00000380,false,Rx,0,8,00,00,00,00,00,00,00,00,
-1778190045568568,00000381,false,Rx,0,8,05,00,80,3F,00,00,00,00,
-1778190045551919,00000180,false,Rx,0,8,0D,00,01,00,00,00,00,00,
-1778190045550991,00000280,false,Rx,0,8,06,E5,E6,3F,37,01,89,3D,
-1778190045550057,00000281,false,Rx,0,8,51,0B,DC,42,00,00,34,42,
-1778190045549132,00000380,false,Rx,0,8,00,00,00,00,00,00,00,00,
-1778190045548151,00000381,false,Rx,0,8,05,00,80,3F,00,00,00,00,
-1778190045529289,00000180,false,Rx,0,8,0D,00,01,00,00,00,00,00,
-1778190045528362,00000280,false,Rx,0,8,06,E5,E6,3F,37,01,89,3D,
-1778190045527428,00000281,false,Rx,0,8,51,0B,DC,42,00,00,34,42,
-1778190045526401,00000380,false,Rx,0,8,00,00,00,00,00,00,00,00,
-1778190045525424,00000381,false,Rx,0,8,05,00,80,3F,00,00,00,00,
-1778190045508672,00000180,false,Rx,0,8,0D,00,01,00,00,00,00,00,
-1778190045507751,00000280,false,Rx,0,8,58,7A,EB,3F,22,8D,8A,3D,
-1778190045506818,00000281,false,Rx,0,8,51,0B,DC,42,00,00,34,42,
-1778190045505789,00000380,false,Rx,0,8,00,00,00,00,00,00,00,00,
-1778190045504810,00000381,false,Rx,0,8,05,00,80,3F,00,00,00,00,
-1778190045485944,00000180,false,Rx,0,8,0D,00,01,00,00,00,00,00,
-1778190045485022,00000280,false,Rx,0,8,58,7A,EB,3F,22,8D,8A,3D,
-1778190045484090,00000281,false,Rx,0,8,51,0B,DC,42,00,00,34,42,
-1778190045483065,00000380,false,Rx,0,8,00,00,00,00,00,00,00,00,
-1778190045482082,00000381,false,Rx,0,8,05,00,80,3F,00,00,00,00,
-1778190045465319,00000180,false,Rx,0,8,0D,00,01,00,00,00,00,00,
-1778190045464371,00000280,false,Rx,0,8,FE,D4,EF,3F,2E,A4,88,3D,
-1778190045463442,00000281,false,Rx,0,8,51,0B,DC,42,00,00,34,42,
-1778190045462413,00000380,false,Rx,0,8,00,00,00,00,00,00,00,00,
-1778190045461434,00000381,false,Rx,0,8,05,00,80,3F,00,00,00,00,
-1778190045442580,00000180,false,Rx,0,8,0D,00,01,00,00,00,00,00,
-1778190045441632,00000280,false,Rx,0,8,FE,D4,EF,3F,2E,A4,88,3D,
-1778190045440703,00000281,false,Rx,0,8,51,0B,DC,42,00,00,34,42,
-1778190045439674,00000380,false,Rx,0,8,00,00,00,00,00,00,00,00,
-1778190045438695,00000381,false,Rx,0,8,05,00,80,3F,00,00,00,00,
-1778190045419802,00000180,false,Rx,0,8,0D,00,01,00,00,00,00,00,
-1778190045418854,00000280,false,Rx,0,8,FE,D4,EF,3F,2E,A4,88,3D,
-1778190045417925,00000281,false,Rx,0,8,51,0B,DC,42,00,00,34,42,
-1778190045416897,00000380,false,Rx,0,8,00,00,00,00,00,00,00,00,
-1778190045415917,00000381,false,Rx,0,8,05,00,80,3F,00,00,00,00,
-1778190045396786,00000180,false,Rx,0,8,0D,00,01,00,00,00,00,00,
-1778190045395854,00000280,false,Rx,0,8,EA,F7,F3,3F,54,6F,8B,3D,
-1778190045394924,00000281,false,Rx,0,8,51,0B,DC,42,00,00,34,42,
-1778190045393895,00000380,false,Rx,0,8,00,00,00,00,00,00,00,00,
-1778190045392917,00000381,false,Rx,0,8,05,00,80,3F,00,00,00,00,
-1778190045374055,00000180,false,Rx,0,8,0D,00,01,00,00,00,00,00,
-1778190045373126,00000280,false,Rx,0,8,EA,F7,F3,3F,54,6F,8B,3D,
-1778190045372193,00000281,false,Rx,0,8,51,0B,DC,42,00,00,34,42,
-1778190045371164,00000380,false,Rx,0,8,00,00,00,00,00,00,00,00,
-1778190045370185,00000381,false,Rx,0,8,05,00,80,3F,00,00,00,00,
-1778190045353444,00000180,false,Rx,0,8,0D,00,01,00,00,00,00,00,
-1778190045352515,00000280,false,Rx,0,8,E3,E5,F7,3F,6E,9B,8A,3D,
-1778190045351582,00000281,false,Rx,0,8,51,0B,DC,42,00,00,34,42,
-1778190045350557,00000380,false,Rx,0,8,00,00,00,00,00,00,00,00,
-1778190045349677,00000381,false,Rx,0,8,05,00,80,3F,00,00,00,00,
-1778190045330692,00000180,false,Rx,0,8,0D,00,01,00,00,00,00,00,
-1778190045329764,00000280,false,Rx,0,8,E3,E5,F7,3F,6E,9B,8A,3D,
-1778190045328931,00000281,false,Rx,0,8,51,0B,DC,42,00,00,34,42,
-1778190045327905,00000380,false,Rx,0,8,00,00,00,00,00,00,00,00,
-1778190045326926,00000381,false,Rx,0,8,05,00,80,3F,00,00,00,00,
-1778190045310090,00000180,false,Rx,0,8,0D,00,01,00,00,00,00,00,
-1778190045309259,00000280,false,Rx,0,8,EB,05,F7,3F,6A,4D,8D,3D,
-1778190045308330,00000281,false,Rx,0,8,51,0B,DC,42,00,00,34,42,
-1778190045307303,00000380,false,Rx,0,8,00,00,00,00,00,00,00,00,
-1778190045306322,00000381,false,Rx,0,8,05,00,80,3F,00,00,00,00,
-1778190045289921,00000180,false,Rx,0,8,0D,00,01,00,00,00,00,00,
-1778190045289089,00000280,false,Rx,0,8,EB,05,F7,3F,6A,4D,8D,3D,
-1778190045288160,00000281,false,Rx,0,8,51,0B,DC,42,00,00,34,42,
-1778190045287134,00000380,false,Rx,0,8,00,00,00,00,00,00,00,00,
-1778190045286151,00000381,false,Rx,0,8,05,00,80,3F,00,00,00,00,
-1778190045267300,00000180,false,Rx,0,8,0D,00,01,00,00,00,00,00,
-1778190045266371,00000280,false,Rx,0,8,EB,05,F7,3F,6A,4D,8D,3D,
-1778190045265438,00000281,false,Rx,0,8,51,0B,DC,42,00,00,34,42,
-1778190045264413,00000380,false,Rx,0,8,00,00,00,00,00,00,00,00,
-1778190045263434,00000381,false,Rx,0,8,05,00,80,3F,00,00,00,00,
-1778190045244669,00000180,false,Rx,0,8,0D,00,01,00,00,00,00,00,
-1778190045243714,00000280,false,Rx,0,8,26,31,F6,3F,40,41,8B,3D,
-1778190045242784,00000281,false,Rx,0,8,51,0B,DC,42,00,00,34,42,
-1778190045241756,00000380,false,Rx,0,8,00,00,00,00,00,00,00,00,
-1778190045240777,00000381,false,Rx,0,8,05,00,80,3F,00,00,00,00,
-1778190045221941,00000180,false,Rx,0,8,0D,00,01,00,00,00,00,00,
-1778190045220986,00000280,false,Rx,0,8,26,31,F6,3F,40,41,8B,3D,
-1778190045220053,00000281,false,Rx,0,8,51,0B,DC,42,00,00,34,42,
-1778190045219027,00000380,false,Rx,0,8,00,00,00,00,00,00,00,00,
-1778190045218049,00000381,false,Rx,0,8,05,00,80,3F,00,00,00,00,
-1778190045201313,00000180,false,Rx,0,8,0D,00,01,00,00,00,00,00,
-1778190045200377,00000280,false,Rx,0,8,AA,02,FA,3F,F2,EA,8D,3D,
-1778190045199444,00000281,false,Rx,0,8,51,0B,DC,42,00,00,34,42,
-1778190045198415,00000380,false,Rx,0,8,00,00,00,00,00,00,00,00,
-1778190045197436,00000381,false,Rx,0,8,05,00,80,3F,00,00,00,00,
-1778190045178593,00000180,false,Rx,0,8,0D,00,01,00,00,00,00,00,
-1778190045177653,00000280,false,Rx,0,8,AA,02,FA,3F,F2,EA,8D,3D,
-1778190045176724,00000281,false,Rx,0,8,51,0B,DC,42,00,00,34,42,
-1778190045175695,00000380,false,Rx,0,8,00,00,00,00,00,00,00,00,
-1778190045174716,00000381,false,Rx,0,8,05,00,80,3F,00,00,00,00,
-1778190045155832,00000180,false,Rx,0,8,0D,00,01,00,00,00,00,00,
-1778190045154892,00000280,false,Rx,0,8,AA,02,FA,3F,F2,EA,8D,3D,
-1778190045153963,00000281,false,Rx,0,8,51,0B,DC,42,00,00,34,42,
-1778190045152933,00000380,false,Rx,0,8,00,00,00,00,00,00,00,00,
-1778190045151955,00000381,false,Rx,0,8,05,00,80,3F,00,00,00,00,
-1778190045135399,00000180,false,Rx,0,8,0D,00,01,00,00,00,00,00,
-1778190045134459,00000280,false,Rx,0,8,A8,07,F9,3F,E7,D6,8B,3D,
-1778190045133526,00000281,false,Rx,0,8,51,0B,DC,42,00,00,34,42,
-1778190045132500,00000380,false,Rx,0,8,00,00,00,00,00,00,00,00,
-1778190045131522,00000381,false,Rx,0,8,05,00,80,3F,00,00,00,00,
-1778190045112654,00000180,false,Rx,0,8,0D,00,01,00,00,00,00,00,
-1778190045111712,00000280,false,Rx,0,8,A8,07,F9,3F,E7,D6,8B,3D,
-1778190045110784,00000281,false,Rx,0,8,51,0B,DC,42,00,00,34,42,
-1778190045109855,00000380,false,Rx,0,8,00,00,00,00,00,00,00,00,
-1778190045108878,00000381,false,Rx,0,8,05,00,80,3F,00,00,00,00,
-1778190045089735,00000180,false,Rx,0,8,0D,00,01,00,00,00,00,00,
-1778190045088804,00000280,false,Rx,0,8,D8,B4,FC,3F,1D,79,8E,3D,
-1778190045087872,00000281,false,Rx,0,8,51,0B,DC,42,00,00,34,42,
-1778190045086845,00000380,false,Rx,0,8,00,00,00,00,00,00,00,00,
-1778190045085865,00000381,false,Rx,0,8,05,00,80,3F,00,00,00,00,
-1778190045066989,00000180,false,Rx,0,8,0D,00,01,00,00,00,00,00,
-1778190045066061,00000280,false,Rx,0,8,D8,B4,FC,3F,1D,79,8E,3D,
-1778190045065128,00000281,false,Rx,0,8,51,0B,DC,42,00,00,34,42,
-1778190045064102,00000380,false,Rx,0,8,00,00,00,00,00,00,00,00,
-1778190045063120,00000381,false,Rx,0,8,05,00,80,3F,00,00,00,00,
-1778190045046388,00000180,false,Rx,0,8,0D,00,01,00,00,00,00,00,
-1778190045045439,00000280,false,Rx,0,8,7C,19,00,40,F6,5D,8C,3D,
-1778190045044510,00000281,false,Rx,0,8,51,0B,DC,42,00,00,34,42,
-1778190045043482,00000380,false,Rx,0,8,00,00,00,00,00,00,00,00,
-1778190045042503,00000381,false,Rx,0,8,05,00,80,3F,00,00,00,00,
-1778190045023652,00000180,false,Rx,0,8,0D,00,01,00,00,00,00,00,
-1778190045022704,00000280,false,Rx,0,8,7C,19,00,40,F6,5D,8C,3D,
-1778190045021776,00000281,false,Rx,0,8,51,0B,DC,42,00,00,34,42,
-1778190045020746,00000380,false,Rx,0,8,00,00,00,00,00,00,00,00,
-1778190045019767,00000381,false,Rx,0,8,05,00,80,3F,00,00,00,00,
-1778190045000884,00000180,false,Rx,0,8,0D,00,01,00,00,00,00,00,
-1778190044999936,00000280,false,Rx,0,8,7C,19,00,40,F6,5D,8C,3D,
-1778190044999002,00000281,false,Rx,0,8,51,0B,DC,42,00,00,34,42,
-1778190044997977,00000380,false,Rx,0,8,00,00,00,00,00,00,00,00,
-1778190044996999,00000381,false,Rx,0,8,05,00,80,3F,00,00,00,00,
-1778190044980258,00000180,false,Rx,0,8,0D,00,01,00,00,00,00,00,
-1778190044979310,00000280,false,Rx,0,8,32,C2,01,40,6B,F9,8E,3D,
-1778190044978377,00000281,false,Rx,0,8,51,0B,DC,42,00,00,34,42,
-1778190044977352,00000380,false,Rx,0,8,00,00,00,00,00,00,00,00,
-1778190044976373,00000381,false,Rx,0,8,05,00,80,3F,00,00,00,00,
-1778190044957520,00000180,false,Rx,0,8,0D,00,01,00,00,00,00,00,
-1778190044956572,00000280,false,Rx,0,8,32,C2,01,40,6B,F9,8E,3D,
-1778190044955639,00000281,false,Rx,0,8,51,0B,DC,42,00,00,34,42,
-1778190044954613,00000380,false,Rx,0,8,00,00,00,00,00,00,00,00,
-1778190044953635,00000381,false,Rx,0,8,05,00,80,3F,00,00,00,00,
-1778190044934511,00000180,false,Rx,0,8,0D,00,01,00,00,00,00,00,
-1778190044933571,00000280,false,Rx,0,8,D9,07,01,40,36,F8,8D,3D,
-1778190044932642,00000281,false,Rx,0,8,51,0B,DC,42,00,00,34,42,
-1778190044931613,00000380,false,Rx,0,8,00,00,00,00,00,00,00,00,
-1778190044930634,00000381,false,Rx,0,8,05,00,80,3F,00,00,00,00,
-1778190044911783,00000180,false,Rx,0,8,0D,00,01,00,00,00,00,00,
-1778190044910843,00000280,false,Rx,0,8,D9,07,01,40,36,F8,8D,3D,
-1778190044910012,00000281,false,Rx,0,8,51,0B,DC,42,00,00,34,42,
-1778190044908983,00000380,false,Rx,0,8,00,00,00,00,00,00,00,00,
-1778190044908004,00000381,false,Rx,0,8,05,00,80,3F,00,00,00,00,
-1778190044891157,00000180,false,Rx,0,8,0D,00,01,00,00,00,00,00,
-1778190044890332,00000280,false,Rx,0,8,A4,A4,02,40,95,44,8F,3D,
-1778190044889403,00000281,false,Rx,0,8,51,0B,DC,42,00,00,34,42,
-1778190044888376,00000380,false,Rx,0,8,00,00,00,00,00,00,00,00,
-1778190044887394,00000381,false,Rx,0,8,05,00,80,3F,00,00,00,00,
-1778190044868542,00000180,false,Rx,0,8,0D,00,01,00,00,00,00,00,
-1778190044867621,00000280,false,Rx,0,8,A4,A4,02,40,95,44,8F,3D,
-1778190044866688,00000281,false,Rx,0,8,51,0B,DC,42,00,00,34,42,
-1778190044865663,00000380,false,Rx,0,8,00,00,00,00,00,00,00,00,
-1778190044864684,00000381,false,Rx,0,8,05,00,80,3F,00,00,00,00,
-1778190044845943,00000180,false,Rx,0,8,0D,00,01,00,00,00,00,00,
-1778190044845021,00000280,false,Rx,0,8,A4,A4,02,40,95,44,8F,3D,
-1778190044844089,00000281,false,Rx,0,8,51,0B,DC,42,00,00,34,42,
-1778190044843060,00000380,false,Rx,0,8,00,00,00,00,00,00,00,00,
-1778190044842081,00000381,false,Rx,0,8,05,00,80,3F,00,00,00,00,
-1778190044825340,00000180,false,Rx,0,8,0D,00,01,00,00,00,00,00,
-1778190044824411,00000280,false,Rx,0,8,CB,2C,04,40,E9,BA,91,3D,
-1778190044823478,00000281,false,Rx,0,8,51,0B,DC,42,00,00,34,42,
-1778190044822450,00000380,false,Rx,0,8,00,00,00,00,00,00,00,00,
-1778190044821471,00000381,false,Rx,0,8,05,00,80,3F,00,00,00,00,
-1778190044802594,00000180,false,Rx,0,8,0D,00,01,00,00,00,00,00,
-1778190044801665,00000280,false,Rx,0,8,CB,2C,04,40,E9,BA,91,3D,
-1778190044800733,00000281,false,Rx,0,8,51,0B,DC,42,00,00,34,42,
-1778190044799708,00000380,false,Rx,0,8,00,00,00,00,00,00,00,00,
-1778190044798728,00000381,false,Rx,0,8,05,00,80,3F,00,00,00,00,
-1778190044781996,00000180,false,Rx,0,8,0D,00,01,00,00,00,00,00,
-1778190044781063,00000280,false,Rx,0,8,56,A1,05,40,12,76,8F,3D,
-1778190044780135,00000281,false,Rx,0,8,51,0B,DC,42,00,00,34,42,
-1778190044779106,00000380,false,Rx,0,8,00,00,00,00,00,00,00,00,
-1778190044778126,00000381,false,Rx,0,8,05,00,80,3F,00,00,00,00,
-1778190044756844,00000180,false,Rx,0,8,0D,00,01,00,00,00,00,00,
-1778190044755911,00000280,false,Rx,0,8,56,A1,05,40,12,76,8F,3D,
-1778190044754983,00000281,false,Rx,0,8,51,0B,DC,42,00,00,34,42,
-1778190044753953,00000380,false,Rx,0,8,00,00,00,00,00,00,00,00,
-1778190044752974,00000381,false,Rx,0,8,05,00,80,3F,00,00,00,00,
-1778190044736027,00000180,false,Rx,0,8,0D,00,01,00,00,00,00,00,
-1778190044735086,00000280,false,Rx,0,8,41,03,07,40,EC,E9,91,3D,
-1778190044734154,00000281,false,Rx,0,8,51,0B,DC,42,00,00,34,42,
-1778190044733128,00000380,false,Rx,0,8,00,00,00,00,00,00,00,00,
-1778190044732149,00000381,false,Rx,0,8,05,00,80,3F,00,00,00,00,
-1778190044715664,00000180,false,Rx,0,8,0D,00,01,00,00,00,00,00,
-1778190044714728,00000280,false,Rx,0,8,41,03,07,40,EC,E9,91,3D,
-1778190044713795,00000281,false,Rx,0,8,51,0B,DC,42,00,00,34,42,
-1778190044712771,00000380,false,Rx,0,8,00,00,00,00,00,00,00,00,
-1778190044711791,00000381,false,Rx,0,8,05,00,80,3F,00,00,00,00,
-1778190044692730,00000180,false,Rx,0,8,0D,00,01,00,00,00,00,00,
-1778190044691790,00000280,false,Rx,0,8,41,03,07,40,EC,E9,91,3D,
-1778190044690861,00000281,false,Rx,0,8,51,0B,DC,42,00,00,34,42,
-1778190044689732,00000380,false,Rx,0,8,00,00,00,00,00,00,00,00,
-1778190044688754,00000381,false,Rx,0,8,05,00,80,3F,00,00,00,00,
-1778190044671920,00000180,false,Rx,0,8,0D,00,01,00,00,00,00,00,
-1778190044671007,00000280,false,Rx,0,8,7A,53,08,40,BB,A2,8F,3D,
-1778190044670074,00000281,false,Rx,0,8,51,0B,DC,42,00,00,34,42,
-1778190044668946,00000380,false,Rx,0,8,00,00,00,00,00,00,00,00,
-1778190044667968,00000381,false,Rx,0,8,05,00,80,3F,00,00,00,00,
-1778190044648885,00000180,false,Rx,0,8,0D,00,01,00,00,00,00,00,
-1778190044647967,00000280,false,Rx,0,8,7A,53,08,40,BB,A2,8F,3D,
-1778190044647039,00000281,false,Rx,0,8,51,0B,DC,42,00,00,34,42,
-1778190044646009,00000380,false,Rx,0,8,00,00,00,00,00,00,00,00,
-1778190044645030,00000381,false,Rx,0,8,05,00,80,3F,00,00,00,00,
-1778190044628067,00000180,false,Rx,0,8,0D,00,01,00,00,00,00,00,
-1778190044627142,00000280,false,Rx,0,8,E3,92,09,40,5A,14,92,3D,
-1778190044626214,00000281,false,Rx,0,8,51,0B,DC,42,00,00,34,42,
-1778190044625184,00000380,false,Rx,0,8,00,00,00,00,00,00,00,00,
-1778190044624205,00000381,false,Rx,0,8,05,00,80,3F,00,00,00,00,
-1778190044602930,00000180,false,Rx,0,8,0D,00,01,00,00,00,00,00,
-1778190044602009,00000280,false,Rx,0,8,E3,92,09,40,5A,14,92,3D,
-1778190044601077,00000281,false,Rx,0,8,51,0B,DC,42,00,00,34,42,
-1778190044600047,00000380,false,Rx,0,8,00,00,00,00,00,00,00,00,
-1778190044599068,00000381,false,Rx,0,8,05,00,80,3F,00,00,00,00,
-1778190044579945,00000180,false,Rx,0,8,0D,00,01,00,00,00,00,00,
-1778190044579024,00000280,false,Rx,0,8,E3,92,09,40,5A,14,92,3D,
-1778190044578091,00000281,false,Rx,0,8,51,0B,DC,42,00,00,34,42,
-1778190044577066,00000380,false,Rx,0,8,00,00,00,00,00,00,00,00,
-1778190044576087,00000381,false,Rx,0,8,05,00,80,3F,00,00,00,00,
-1778190044559136,00000180,false,Rx,0,8,0D,00,01,00,00,00,00,00,
-1778190044558199,00000280,false,Rx,0,8,54,C2,0A,40,0A,CB,8F,3D,
-1778190044557266,00000281,false,Rx,0,8,51,0B,DC,42,00,00,34,42,
-1778190044556241,00000380,false,Rx,0,8,00,00,00,00,00,00,00,00,
-1778190044555263,00000381,false,Rx,0,8,05,00,80,3F,00,00,00,00,
-1778190044536193,00000180,false,Rx,0,8,0D,00,01,00,00,00,00,00,
-1778190044535253,00000280,false,Rx,0,8,54,C2,0A,40,0A,CB,8F,3D,
-1778190044534324,00000281,false,Rx,0,8,51,0B,DC,42,00,00,34,42,
-1778190044533294,00000380,false,Rx,0,8,00,00,00,00,00,00,00,00,
-1778190044532316,00000381,false,Rx,0,8,05,00,80,3F,00,00,00,00,
-1778190044515384,00000180,false,Rx,0,8,0D,00,01,00,00,00,00,00,
-1778190044514459,00000280,false,Rx,0,8,99,E2,0B,40,A5,3A,92,3D,
-1778190044513526,00000281,false,Rx,0,8,51,0B,DC,42,00,00,34,42,
-1778190044512501,00000380,false,Rx,0,8,00,00,00,00,00,00,00,00,
-1778190044511522,00000381,false,Rx,0,8,05,00,80,3F,00,00,00,00,
-1778190044492454,00000180,false,Rx,0,8,0D,00,01,00,00,00,00,00,
-1778190044491529,00000280,false,Rx,0,8,99,E2,0B,40,A5,3A,92,3D,
-1778190044490599,00000281,false,Rx,0,8,51,0B,DC,42,00,00,34,42,
-1778190044489570,00000380,false,Rx,0,8,00,00,00,00,00,00,00,00,
-1778190044488592,00000381,false,Rx,0,8,05,00,80,3F,00,00,00,00,
-1778190044471637,00000180,false,Rx,0,8,0D,00,01,00,00,00,00,00,
-1778190044470689,00000280,false,Rx,0,8,74,F4,0C,40,C7,0F,91,3D,
-1778190044469757,00000281,false,Rx,0,8,51,0B,DC,42,00,00,34,42,
-1778190044468732,00000380,false,Rx,0,8,00,00,00,00,00,00,00,00,
-1778190044467651,00000381,false,Rx,0,8,05,00,80,3F,00,00,00,00,
-1778190044446223,00000180,false,Rx,0,8,0D,00,01,00,00,00,00,00,
-1778190044445275,00000280,false,Rx,0,8,74,F4,0C,40,C7,0F,91,3D,
-1778190044444346,00000281,false,Rx,0,8,51,0B,DC,42,00,00,34,42,
-1778190044443317,00000380,false,Rx,0,8,00,00,00,00,00,00,00,00,
-1778190044442338,00000381,false,Rx,0,8,05,00,80,3F,00,00,00,00,
-1778190044423423,00000180,false,Rx,0,8,0D,00,01,00,00,00,00,00,
-1778190044422475,00000280,false,Rx,0,8,74,F4,0C,40,C7,0F,91,3D,
-1778190044421546,00000281,false,Rx,0,8,51,0B,DC,42,00,00,34,42,
-1778190044420516,00000380,false,Rx,0,8,00,00,00,00,00,00,00,00,
-1778190044419538,00000381,false,Rx,0,8,05,00,80,3F,00,00,00,00,
-1778190044402606,00000180,false,Rx,0,8,0D,00,01,00,00,00,00,00,
-1778190044401658,00000280,false,Rx,0,8,9E,F8,0D,40,25,6F,93,3D,
-1778190044400728,00000281,false,Rx,0,8,51,0B,DC,42,00,00,34,42,
-1778190044399700,00000380,false,Rx,0,8,00,00,00,00,00,00,00,00,
-1778190044398721,00000381,false,Rx,0,8,05,00,80,3F,00,00,00,00,
-1778190044379686,00000180,false,Rx,0,8,0D,00,01,00,00,00,00,00,
-1778190044378738,00000280,false,Rx,0,8,9E,F8,0D,40,25,6F,93,3D,
-1778190044377805,00000281,false,Rx,0,8,51,0B,DC,42,00,00,34,42,
-1778190044376780,00000380,false,Rx,0,8,00,00,00,00,00,00,00,00,
-1778190044375801,00000381,false,Rx,0,8,05,00,80,3F,00,00,00,00,
-1778190044359058,00000180,false,Rx,0,8,0D,00,01,00,00,00,00,00,
-1778190044358137,00000280,false,Rx,0,8,C6,EF,0E,40,7E,14,91,3D,
-1778190044357204,00000281,false,Rx,0,8,51,0B,DC,42,00,00,34,42,
-1778190044356179,00000380,false,Rx,0,8,00,00,00,00,00,00,00,00,
-1778190044355200,00000381,false,Rx,0,8,05,00,80,3F,00,00,00,00,
-1778190044336123,00000180,false,Rx,0,8,0D,00,01,00,00,00,00,00,
-1778190044335198,00000280,false,Rx,0,8,C6,EF,0E,40,7E,14,91,3D,
-1778190044334270,00000281,false,Rx,0,8,51,0B,DC,42,00,00,34,42,
-1778190044333239,00000380,false,Rx,0,8,00,00,00,00,00,00,00,00,
-1778190044332261,00000381,false,Rx,0,8,05,00,80,3F,00,00,00,00,
-1778190044315305,00000180,false,Rx,0,8,0D,00,01,00,00,00,00,00,
-1778190044314357,00000280,false,Rx,0,8,BF,8C,0D,40,0D,39,92,3D,
-1778190044313428,00000281,false,Rx,0,8,51,0B,DC,42,00,00,34,42,
-1778190044312399,00000380,false,Rx,0,8,00,00,00,00,00,00,00,00,
-1778190044311420,00000381,false,Rx,0,8,05,00,80,3F,00,00,00,00,
-1778190044292386,00000180,false,Rx,0,8,0D,00,01,00,00,00,00,00,
-1778190044291438,00000280,false,Rx,0,8,BF,8C,0D,40,0D,39,92,3D,
-1778190044290505,00000281,false,Rx,0,8,51,0B,DC,42,00,00,34,42,
-1778190044289480,00000380,false,Rx,0,8,00,00,00,00,00,00,00,00,
-1778190044288501,00000381,false,Rx,0,8,05,00,80,3F,00,00,00,00,
-1778190044266982,00000180,false,Rx,0,8,0D,00,01,00,00,00,00,00,
-1778190044265935,00000280,false,Rx,0,8,BF,8C,0D,40,0D,39,92,3D,
-1778190044265006,00000281,false,Rx,0,8,51,0B,DC,42,00,00,34,42,
-1778190044263979,00000380,false,Rx,0,8,00,00,00,00,00,00,00,00,
-1778190044262998,00000381,false,Rx,0,8,05,00,80,3F,00,00,00,00,
-1778190044246083,00000180,false,Rx,0,8,0D,00,01,00,00,00,00,00,
-1778190044245153,00000280,false,Rx,0,8,4B,89,0E,40,E7,ED,8F,3D,
-1778190044244222,00000281,false,Rx,0,8,51,0B,DC,42,00,00,34,42,
-1778190044243192,00000380,false,Rx,0,8,00,00,00,00,00,00,00,00,
-1778190044242214,00000381,false,Rx,0,8,05,00,80,3F,00,00,00,00,
-1778190044223152,00000180,false,Rx,0,8,0D,00,01,00,00,00,00,00,
-1778190044222223,00000280,false,Rx,0,8,4B,89,0E,40,E7,ED,8F,3D,
-1778190044221290,00000281,false,Rx,0,8,51,0B,DC,42,00,00,34,42,
-1778190044220265,00000380,false,Rx,0,8,00,00,00,00,00,00,00,00,
-1778190044219287,00000381,false,Rx,0,8,05,00,80,3F,00,00,00,00,
-1778190044202335,00000180,false,Rx,0,8,0D,00,01,00,00,00,00,00,
-1778190044201406,00000280,false,Rx,0,8,36,79,0F,40,30,21,91,3D,
-1778190044200473,00000281,false,Rx,0,8,51,0B,DC,42,00,00,34,42,
-1778190044199444,00000380,false,Rx,0,8,00,00,00,00,00,00,00,00,
-1778190044198465,00000381,false,Rx,0,8,05,00,80,3F,00,00,00,00,
-1778190044179399,00000180,false,Rx,0,8,0D,00,01,00,00,00,00,00,
-1778190044178466,00000280,false,Rx,0,8,36,79,0F,40,30,21,91,3D,
-1778190044177538,00000281,false,Rx,0,8,51,0B,DC,42,00,00,34,42,
-1778190044176509,00000380,false,Rx,0,8,00,00,00,00,00,00,00,00,
-1778190044175529,00000381,false,Rx,0,8,05,00,80,3F,00,00,00,00,
-1778190044158582,00000180,false,Rx,0,8,0D,00,01,00,00,00,00,00,
-1778190044157650,00000280,false,Rx,0,8,50,0F,0E,40,09,E4,8E,3D,
-1778190044156721,00000281,false,Rx,0,8,51,0B,DC,42,00,00,34,42,
-1778190044155691,00000380,false,Rx,0,8,00,00,00,00,00,00,00,00,
-1778190044154713,00000381,false,Rx,0,8,05,00,80,3F,00,00,00,00,
-1778190044138205,00000180,false,Rx,0,8,0D,00,01,00,00,00,00,00,
-1778190044137276,00000280,false,Rx,0,8,50,0F,0E,40,09,E4,8E,3D,
-1778190044136343,00000281,false,Rx,0,8,51,0B,DC,42,00,00,34,42,
-1778190044135314,00000380,false,Rx,0,8,00,00,00,00,00,00,00,00,
-1778190044134335,00000381,false,Rx,0,8,05,00,80,3F,00,00,00,00,
-1778190044113067,00000180,false,Rx,0,8,0D,00,01,00,00,00,00,00,
-1778190044112138,00000280,false,Rx,0,8,50,0F,0E,40,09,E4,8E,3D,
-1778190044111206,00000281,false,Rx,0,8,51,0B,DC,42,00,00,34,42,
-1778190044110180,00000380,false,Rx,0,8,00,00,00,00,00,00,00,00,
-1778190044109201,00000381,false,Rx,0,8,05,00,80,3F,00,00,00,00,
-1778190044092249,00000180,false,Rx,0,8,0D,00,01,00,00,00,00,00,
-1778190044091321,00000280,false,Rx,0,8,55,05,0F,40,9E,24,90,3D,
-1778190044090388,00000281,false,Rx,0,8,51,0B,DC,42,00,00,34,42,
-1778190044089363,00000380,false,Rx,0,8,00,00,00,00,00,00,00,00,
-1778190044088384,00000381,false,Rx,0,8,05,00,80,3F,00,00,00,00,
-1778190044069321,00000180,false,Rx,0,8,0D,00,01,00,00,00,00,00,
-1778190044068392,00000280,false,Rx,0,8,55,05,0F,40,9E,24,90,3D,
-1778190044067459,00000281,false,Rx,0,8,51,0B,DC,42,00,00,34,42,
-1778190044066434,00000380,false,Rx,0,8,00,00,00,00,00,00,00,00,
-1778190044065456,00000381,false,Rx,0,8,05,00,80,3F,00,00,00,00,
-1778190044048513,00000180,false,Rx,0,8,0D,00,01,00,00,00,00,00,
-1778190044047573,00000280,false,Rx,0,8,0D,EF,0F,40,74,14,8F,3D,
-1778190044046640,00000281,false,Rx,0,8,51,0B,DC,42,00,00,34,42,
-1778190044045614,00000380,false,Rx,0,8,00,00,00,00,00,00,00,00,
-1778190044044533,00000381,false,Rx,0,8,05,00,80,3F,00,00,00,00,
-1778190044025581,00000180,false,Rx,0,8,0D,00,01,00,00,00,00,00,
-1778190044024540,00000280,false,Rx,0,8,0D,EF,0F,40,74,14,8F,3D,
-1778190044023612,00000281,false,Rx,0,8,51,0B,DC,42,00,00,34,42,
-1778190044022583,00000380,false,Rx,0,8,00,00,00,00,00,00,00,00,
-1778190044021604,00000381,false,Rx,0,8,05,00,80,3F,00,00,00,00,
-1778190044002487,00000180,false,Rx,0,8,0D,00,01,00,00,00,00,00,
-1778190044001551,00000280,false,Rx,0,8,0D,EF,0F,40,74,14,8F,3D,
-1778190044000619,00000281,false,Rx,0,8,51,0B,DC,42,00,00,34,42,
-1778190043999594,00000380,false,Rx,0,8,00,00,00,00,00,00,00,00,
-1778190043998614,00000381,false,Rx,0,8,05,00,80,3F,00,00,00,00,
-1778190043981678,00000180,false,Rx,0,8,0D,00,01,00,00,00,00,00,
-1778190043980734,00000280,false,Rx,0,8,15,CD,10,40,9D,52,90,3D,
-1778190043979800,00000281,false,Rx,0,8,51,0B,DC,42,00,00,34,42,
-1778190043978775,00000380,false,Rx,0,8,00,00,00,00,00,00,00,00,
-1778190043977797,00000381,false,Rx,0,8,05,00,80,3F,00,00,00,00,
-1778190043956344,00000180,false,Rx,0,8,0D,00,01,00,00,00,00,00,
-1778190043955396,00000280,false,Rx,0,8,15,CD,10,40,9D,52,90,3D,
-1778190043954463,00000281,false,Rx,0,8,51,0B,DC,42,00,00,34,42,
-1778190043953438,00000380,false,Rx,0,8,00,00,00,00,00,00,00,00,
-1778190043952459,00000381,false,Rx,0,8,05,00,80,3F,00,00,00,00,
-1778190043935526,00000180,false,Rx,0,8,0D,00,01,00,00,00,00,00,
-1778190043934578,00000280,false,Rx,0,8,03,A0,11,40,CA,1F,8E,3D,
-1778190043933646,00000281,false,Rx,0,8,51,0B,DC,42,00,00,34,42,
-1778190043932620,00000380,false,Rx,0,8,00,00,00,00,00,00,00,00,
-1778190043931641,00000381,false,Rx,0,8,05,00,80,3F,00,00,00,00,
-1778190043912587,00000180,false,Rx,0,8,0D,00,01,00,00,00,00,00,
-1778190043911639,00000280,false,Rx,0,8,03,A0,11,40,CA,1F,8E,3D,
-1778190043910710,00000281,false,Rx,0,8,51,0B,DC,42,00,00,34,42,
-1778190043909681,00000380,false,Rx,0,8,00,00,00,00,00,00,00,00,
-1778190043908702,00000381,false,Rx,0,8,05,00,80,3F,00,00,00,00,
-1778190043891770,00000180,false,Rx,0,8,0D,00,01,00,00,00,00,00,
-1778190043890836,00000280,false,Rx,0,8,66,68,12,40,C2,A4,90,3D,
-1778190043889908,00000281,false,Rx,0,8,51,0B,DC,42,00,00,34,42,
-1778190043888879,00000380,false,Rx,0,8,00,00,00,00,00,00,00,00,
-1778190043887900,00000381,false,Rx,0,8,05,00,80,3F,00,00,00,00,
-1778190043868849,00000180,false,Rx,0,8,0D,00,01,00,00,00,00,00,
-1778190043867917,00000280,false,Rx,0,8,66,68,12,40,C2,A4,90,3D,
-1778190043866983,00000281,false,Rx,0,8,51,0B,DC,42,00,00,34,42,
-1778190043865958,00000380,false,Rx,0,8,00,00,00,00,00,00,00,00,
-1778190043864980,00000381,false,Rx,0,8,05,00,80,3F,00,00,00,00,
-1778190043845857,00000180,false,Rx,0,8,0D,00,01,00,00,00,00,00,
-1778190043844924,00000280,false,Rx,0,8,66,68,12,40,C2,A4,90,3D,
-1778190043843990,00000281,false,Rx,0,8,51,0B,DC,42,00,00,34,42,
-1778190043842864,00000380,false,Rx,0,8,00,00,00,00,00,00,00,00,
-1778190043841886,00000381,false,Rx,0,8,05,00,80,3F,00,00,00,00,
-1778190043825043,00000180,false,Rx,0,8,0D,00,01,00,00,00,00,00,
-1778190043824129,00000280,false,Rx,0,8,C3,26,13,40,D3,6D,8E,3D,
-1778190043823196,00000281,false,Rx,0,8,51,0B,DC,42,00,00,34,42,
-1778190043822069,00000380,false,Rx,0,8,00,00,00,00,00,00,00,00,
-1778190043821092,00000381,false,Rx,0,8,05,00,80,3F,00,00,00,00,
-1778190043802031,00000180,false,Rx,0,8,0D,00,01,00,00,00,00,00,
-1778190043801116,00000280,false,Rx,0,8,C3,26,13,40,D3,6D,8E,3D,
-1778190043800183,00000281,false,Rx,0,8,51,0B,DC,42,00,00,34,42,
-1778190043799157,00000380,false,Rx,0,8,00,00,00,00,00,00,00,00,
-1778190043798179,00000381,false,Rx,0,8,05,00,80,3F,00,00,00,00,
-1778190043778796,00000180,false,Rx,0,8,0D,00,01,00,00,00,00,00,
-1778190043777856,00000280,false,Rx,0,8,9C,DB,13,40,E4,EE,90,3D,
-1778190043776927,00000281,false,Rx,0,8,51,0B,DC,42,00,00,34,42,
-1778190043775898,00000380,false,Rx,0,8,00,00,00,00,00,00,00,00,
-1778190043774919,00000381,false,Rx,0,8,05,00,80,3F,00,00,00,00,
-1778190043755873,00000180,false,Rx,0,8,0D,00,01,00,00,00,00,00,
-1778190043754936,00000280,false,Rx,0,8,9C,DB,13,40,E4,EE,90,3D,
-1778190043754004,00000281,false,Rx,0,8,51,0B,DC,42,00,00,34,42,
-1778190043752978,00000380,false,Rx,0,8,00,00,00,00,00,00,00,00,
-1778190043751999,00000381,false,Rx,0,8,05,00,80,3F,00,00,00,00,
-1778190043735248,00000180,false,Rx,0,8,0D,00,01,00,00,00,00,00,
-1778190043734327,00000280,false,Rx,0,8,6A,87,14,40,41,B4,8E,3D,
-1778190043733395,00000281,false,Rx,0,8,51,0B,DC,42,00,00,34,42,
-1778190043732365,00000380,false,Rx,0,8,00,00,00,00,00,00,00,00,
-1778190043731386,00000381,false,Rx,0,8,05,00,80,3F,00,00,00,00,
-1778190043714882,00000180,false,Rx,0,8,0D,00,01,00,00,00,00,00,
-1778190043713957,00000280,false,Rx,0,8,6A,87,14,40,41,B4,8E,3D,
-1778190043713023,00000281,false,Rx,0,8,51,0B,DC,42,00,00,34,42,
-1778190043711998,00000380,false,Rx,0,8,00,00,00,00,00,00,00,00,
-1778190043711020,00000381,false,Rx,0,8,05,00,80,3F,00,00,00,00,
-1778190043692143,00000180,false,Rx,0,8,0D,00,01,00,00,00,00,00,
-1778190043691222,00000280,false,Rx,0,8,6A,87,14,40,41,B4,8E,3D,
-1778190043690288,00000281,false,Rx,0,8,51,0B,DC,42,00,00,34,42,
-1778190043689263,00000380,false,Rx,0,8,00,00,00,00,00,00,00,00,
-1778190043688281,00000381,false,Rx,0,8,05,00,80,3F,00,00,00,00,
-1778190043671524,00000180,false,Rx,0,8,0D,00,01,00,00,00,00,00,
-1778190043670595,00000280,false,Rx,0,8,CE,DC,12,40,39,F7,8F,3D,
-1778190043669663,00000281,false,Rx,0,8,51,0B,DC,42,00,00,34,42,
-1778190043668637,00000380,false,Rx,0,8,00,00,00,00,00,00,00,00,
-1778190043667658,00000381,false,Rx,0,8,05,00,80,3F,00,00,00,00,
-1778190043648789,00000180,false,Rx,0,8,0D,00,01,00,00,00,00,00,
-1778190043647856,00000280,false,Rx,0,8,CE,DC,12,40,39,F7,8F,3D,
-1778190043646924,00000281,false,Rx,0,8,51,0B,DC,42,00,00,34,42,
-1778190043645898,00000380,false,Rx,0,8,00,00,00,00,00,00,00,00,
-1778190043644919,00000381,false,Rx,0,8,05,00,80,3F,00,00,00,00,
-1778190043625961,00000180,false,Rx,0,8,0D,00,01,00,00,00,00,00,
-1778190043625040,00000280,false,Rx,0,8,5A,95,13,40,9E,64,92,3D,
-1778190043624106,00000281,false,Rx,0,8,51,0B,DC,42,00,00,34,42,
-1778190043623082,00000380,false,Rx,0,8,00,00,00,00,00,00,00,00,
-1778190043622202,00000381,false,Rx,0,8,05,00,80,3F,00,00,00,00,
-1778190043603235,00000180,false,Rx,0,8,0D,00,01,00,00,00,00,00,
-1778190043602310,00000280,false,Rx,0,8,5A,95,13,40,9E,64,92,3D,
-1778190043601479,00000281,false,Rx,0,8,51,0B,DC,42,00,00,34,42,
-1778190043600450,00000380,false,Rx,0,8,00,00,00,00,00,00,00,00,
-1778190043599471,00000381,false,Rx,0,8,05,00,80,3F,00,00,00,00,
-1778190043580554,00000180,false,Rx,0,8,0D,00,01,00,00,00,00,00,
-1778190043579633,00000280,false,Rx,0,8,5A,95,13,40,9E,64,92,3D,
-1778190043578699,00000281,false,Rx,0,8,51,0B,DC,42,00,00,34,42,
-1778190043577674,00000380,false,Rx,0,8,00,00,00,00,00,00,00,00,
-1778190043576696,00000381,false,Rx,0,8,05,00,80,3F,00,00,00,00,
-1778190043559935,00000180,false,Rx,0,8,0D,00,01,00,00,00,00,00,
-1778190043558999,00000280,false,Rx,0,8,AB,44,14,40,4B,17,90,3D,
-1778190043558066,00000281,false,Rx,0,8,51,0B,DC,42,00,00,34,42,
-1778190043557040,00000380,false,Rx,0,8,00,00,00,00,00,00,00,00,
-1778190043556062,00000381,false,Rx,0,8,05,00,80,3F,00,00,00,00,
-1778190043537208,00000180,false,Rx,0,8,0D,00,01,00,00,00,00,00,
-1778190043536268,00000280,false,Rx,0,8,AB,44,14,40,4B,17,90,3D,
-1778190043535339,00000281,false,Rx,0,8,51,0B,DC,42,00,00,34,42,
-1778190043534309,00000380,false,Rx,0,8,00,00,00,00,00,00,00,00,
-1778190043533331,00000381,false,Rx,0,8,05,00,80,3F,00,00,00,00,
-1778190043516589,00000180,false,Rx,0,8,0D,00,01,00,00,00,00,00,
-1778190043515657,00000280,false,Rx,0,8,38,EB,14,40,16,83,92,3D,
-1778190043514728,00000281,false,Rx,0,8,51,0B,DC,42,00,00,34,42,
-1778190043513700,00000380,false,Rx,0,8,00,00,00,00,00,00,00,00,
-1778190043512720,00000381,false,Rx,0,8,05,00,80,3F,00,00,00,00,
-1778190043493859,00000180,false,Rx,0,8,0D,00,01,00,00,00,00,00,
-1778190043492930,00000280,false,Rx,0,8,38,EB,14,40,16,83,92,3D,
-1778190043491997,00000281,false,Rx,0,8,51,0B,DC,42,00,00,34,42,
-1778190043490972,00000380,false,Rx,0,8,00,00,00,00,00,00,00,00,
-1778190043489990,00000381,false,Rx,0,8,05,00,80,3F,00,00,00,00,
-1778190043470842,00000180,false,Rx,0,8,0D,00,01,00,00,00,00,00,
-1778190043469913,00000280,false,Rx,0,8,72,89,15,40,3D,34,90,3D,
-1778190043468980,00000281,false,Rx,0,8,51,0B,DC,42,00,00,34,42,
-1778190043467955,00000380,false,Rx,0,8,00,00,00,00,00,00,00,00,
-1778190043466976,00000381,false,Rx,0,8,05,00,80,3F,00,00,00,00,
-1778190043448099,00000180,false,Rx,0,8,0D,00,01,00,00,00,00,00,
-1778190043447166,00000280,false,Rx,0,8,72,89,15,40,3D,34,90,3D,
-1778190043446234,00000281,false,Rx,0,8,51,0B,DC,42,00,00,34,42,
-1778190043445208,00000380,false,Rx,0,8,00,00,00,00,00,00,00,00,
-1778190043444229,00000381,false,Rx,0,8,05,00,80,3F,00,00,00,00,
-1778190043425344,00000180,false,Rx,0,8,0D,00,01,00,00,00,00,00,
-1778190043424411,00000280,false,Rx,0,8,72,89,15,40,3D,34,90,3D,
-1778190043423483,00000281,false,Rx,0,8,51,0B,DC,42,00,00,34,42,
-1778190043422453,00000380,false,Rx,0,8,00,00,00,00,00,00,00,00,
-1778190043421574,00000381,false,Rx,0,8,05,00,80,3F,00,00,00,00,
-1778190043404902,00000180,false,Rx,0,8,0D,00,01,00,00,00,00,00,
-1778190043403978,00000280,false,Rx,0,8,EF,D1,13,40,95,9E,92,3D,
-1778190043403049,00000281,false,Rx,0,8,51,0B,DC,42,00,00,34,42,
-1778190043402121,00000380,false,Rx,0,8,00,00,00,00,00,00,00,00,
-1778190043401144,00000381,false,Rx,0,8,05,00,80,3F,00,00,00,00,
-1778190043382283,00000180,false,Rx,0,8,0D,00,01,00,00,00,00,00,
-1778190043381361,00000280,false,Rx,0,8,EF,D1,13,40,95,9E,92,3D,
-1778190043380429,00000281,false,Rx,0,8,51,0B,DC,42,00,00,34,42,
-1778190043379400,00000380,false,Rx,0,8,00,00,00,00,00,00,00,00,
-1778190043378420,00000381,false,Rx,0,8,05,00,80,3F,00,00,00,00,
-1778190043361665,00000180,false,Rx,0,8,0D,00,01,00,00,00,00,00,
-1778190043360725,00000280,false,Rx,0,8,39,7E,14,40,5C,4E,90,3D,
-1778190043359795,00000281,false,Rx,0,8,51,0B,DC,42,00,00,34,42,
-1778190043358766,00000380,false,Rx,0,8,00,00,00,00,00,00,00,00,
-1778190043357788,00000381,false,Rx,0,8,05,00,80,3F,00,00,00,00,
-1778190043338918,00000180,false,Rx,0,8,0D,00,01,00,00,00,00,00,
-1778190043337978,00000280,false,Rx,0,8,39,7E,14,40,5C,4E,90,3D,
-1778190043337049,00000281,false,Rx,0,8,51,0B,DC,42,00,00,34,42,
-1778190043336020,00000380,false,Rx,0,8,00,00,00,00,00,00,00,00,
-1778190043335041,00000381,false,Rx,0,8,05,00,80,3F,00,00,00,00,
-1778190043315900,00000180,false,Rx,0,8,0D,00,01,00,00,00,00,00,
-1778190043314968,00000280,false,Rx,0,8,E6,21,15,40,D2,7C,91,3D,
-1778190043314039,00000281,false,Rx,0,8,51,0B,DC,42,00,00,34,42,
-1778190043313011,00000380,false,Rx,0,8,00,00,00,00,00,00,00,00,
-1778190043312031,00000381,false,Rx,0,8,05,00,80,3F,00,00,00,00,
-1778190043293155,00000180,false,Rx,0,8,0D,00,01,00,00,00,00,00,
-1778190043292226,00000280,false,Rx,0,8,E6,21,15,40,D2,7C,91,3D,
-1778190043291293,00000281,false,Rx,0,8,51,0B,DC,42,00,00,34,42,
-1778190043290268,00000380,false,Rx,0,8,00,00,00,00,00,00,00,00,
-1778190043289285,00000381,false,Rx,0,8,05,00,80,3F,00,00,00,00,
-1778190043270403,00000180,false,Rx,0,8,0D,00,01,00,00,00,00,00,
-1778190043269471,00000280,false,Rx,0,8,E6,21,15,40,D2,7C,91,3D,
-1778190043268538,00000281,false,Rx,0,8,51,0B,DC,42,00,00,34,42,
-1778190043267512,00000380,false,Rx,0,8,00,00,00,00,00,00,00,00,
-1778190043266534,00000381,false,Rx,0,8,05,00,80,3F,00,00,00,00,
-1778190043249774,00000180,false,Rx,0,8,0D,00,01,00,00,00,00,00,
-1778190043248853,00000280,false,Rx,0,8,91,6F,13,40,16,3B,8F,3D,
-1778190043247924,00000281,false,Rx,0,8,51,0B,DC,42,00,00,34,42,
-1778190043246896,00000380,false,Rx,0,8,00,00,00,00,00,00,00,00,
-1778190043245917,00000381,false,Rx,0,8,05,00,80,3F,00,00,00,00,
-1778190043227047,00000180,false,Rx,0,8,0D,00,01,00,00,00,00,00,
-1778190043226126,00000280,false,Rx,0,8,91,6F,13,40,16,3B,8F,3D,
-1778190043225194,00000281,false,Rx,0,8,51,0B,DC,42,00,00,34,42,
-1778190043224168,00000380,false,Rx,0,8,00,00,00,00,00,00,00,00,
-1778190043223189,00000381,false,Rx,0,8,05,00,80,3F,00,00,00,00,
-1778190043206423,00000180,false,Rx,0,8,0D,00,01,00,00,00,00,00,
-1778190043205490,00000280,false,Rx,0,8,F3,D2,11,40,50,77,90,3D,
-1778190043204558,00000281,false,Rx,0,8,51,0B,DC,42,00,00,34,42,
-1778190043203533,00000380,false,Rx,0,8,00,00,00,00,00,00,00,00,
-1778190043202654,00000381,false,Rx,0,8,05,00,80,3F,00,00,00,00,
-1778190043183692,00000180,false,Rx,0,8,0D,00,01,00,00,00,00,00,
-1778190043182861,00000280,false,Rx,0,8,F3,D2,11,40,50,77,90,3D,
-1778190043181931,00000281,false,Rx,0,8,51,0B,DC,42,00,00,34,42,
-1778190043180902,00000380,false,Rx,0,8,00,00,00,00,00,00,00,00,
-1778190043179925,00000381,false,Rx,0,8,05,00,80,3F,00,00,00,00,
-1778190043163082,00000180,false,Rx,0,8,0D,00,01,00,00,00,00,00,
-1778190043162252,00000280,false,Rx,0,8,CA,98,12,40,A7,42,8E,3D,
-1778190043161320,00000281,false,Rx,0,8,51,0B,DC,42,00,00,34,42,
-1778190043160293,00000380,false,Rx,0,8,00,00,00,00,00,00,00,00,
-1778190043159315,00000381,false,Rx,0,8,05,00,80,3F,00,00,00,00,
-1778190043140606,00000180,false,Rx,0,8,0D,00,01,00,00,00,00,00,
-1778190043139677,00000280,false,Rx,0,8,CA,98,12,40,A7,42,8E,3D,
-1778190043138744,00000281,false,Rx,0,8,51,0B,DC,42,00,00,34,42,
-1778190043137720,00000380,false,Rx,0,8,00,00,00,00,00,00,00,00,
-1778190043136740,00000381,false,Rx,0,8,05,00,80,3F,00,00,00,00,
-1778190043117879,00000180,false,Rx,0,8,0D,00,01,00,00,00,00,00,
-1778190043116946,00000280,false,Rx,0,8,CA,98,12,40,A7,42,8E,3D,
-1778190043116017,00000281,false,Rx,0,8,51,0B,DC,42,00,00,34,42,
-1778190043114988,00000380,false,Rx,0,8,00,00,00,00,00,00,00,00,
-1778190043114009,00000381,false,Rx,0,8,05,00,80,3F,00,00,00,00,
-1778190043097462,00000180,false,Rx,0,8,0D,00,01,00,00,00,00,00,
-1778190043096514,00000280,false,Rx,0,8,BC,54,13,40,E0,C5,90,3D,
-1778190043095581,00000281,false,Rx,0,8,51,0B,DC,42,00,00,34,42,
-1778190043094555,00000380,false,Rx,0,8,00,00,00,00,00,00,00,00,
-1778190043093577,00000381,false,Rx,0,8,05,00,80,3F,00,00,00,00,
-1778190043074723,00000180,false,Rx,0,8,0D,00,01,00,00,00,00,00,
-1778190043073778,00000280,false,Rx,0,8,BC,54,13,40,E0,C5,90,3D,
-1778190043072845,00000281,false,Rx,0,8,51,0B,DC,42,00,00,34,42,
-1778190043071820,00000380,false,Rx,0,8,00,00,00,00,00,00,00,00,
-1778190043070841,00000381,false,Rx,0,8,05,00,80,3F,00,00,00,00,
-1778190043054108,00000180,false,Rx,0,8,0D,00,01,00,00,00,00,00,
-1778190043053176,00000280,false,Rx,0,8,48,07,14,40,4A,8D,8E,3D,
-1778190043052243,00000281,false,Rx,0,8,51,0B,DC,42,00,00,34,42,
-1778190043051218,00000380,false,Rx,0,8,00,00,00,00,00,00,00,00,
-1778190043050239,00000381,false,Rx,0,8,05,00,80,3F,00,00,00,00,
-1778190043031371,00000180,false,Rx,0,8,0D,00,01,00,00,00,00,00,
-1778190043030438,00000280,false,Rx,0,8,48,07,14,40,4A,8D,8E,3D,
-1778190043029509,00000281,false,Rx,0,8,51,0B,DC,42,00,00,34,42,
-1778190043028479,00000380,false,Rx,0,8,00,00,00,00,00,00,00,00,
-1778190043027500,00000381,false,Rx,0,8,05,00,80,3F,00,00,00,00,
-1778190043008585,00000180,false,Rx,0,8,0D,00,01,00,00,00,00,00,
-1778190043007652,00000280,false,Rx,0,8,48,07,14,40,4A,8D,8E,3D,
-1778190043006724,00000281,false,Rx,0,8,51,0B,DC,42,00,00,34,42,
-1778190043005695,00000380,false,Rx,0,8,00,00,00,00,00,00,00,00,
-1778190043004715,00000381,false,Rx,0,8,05,00,80,3F,00,00,00,00,
-1778190042985766,00000180,false,Rx,0,8,0D,00,01,00,00,00,00,00,
-1778190042984837,00000280,false,Rx,0,8,E7,B0,14,40,35,D2,8F,3D,
-1778190042983904,00000281,false,Rx,0,8,51,0B,DC,42,00,00,34,42,
-1778190042982976,00000380,false,Rx,0,8,00,00,00,00,00,00,00,00,
-1778190042981999,00000381,false,Rx,0,8,05,00,80,3F,00,00,00,00,
-1778190042963145,00000180,false,Rx,0,8,0D,00,01,00,00,00,00,00,
-1778190042962216,00000280,false,Rx,0,8,E7,B0,14,40,35,D2,8F,3D,
-1778190042961286,00000281,false,Rx,0,8,51,0B,DC,42,00,00,34,42,
-1778190042960257,00000380,false,Rx,0,8,00,00,00,00,00,00,00,00,
-1778190042959278,00000381,false,Rx,0,8,05,00,80,3F,00,00,00,00,
-1778190042942519,00000180,false,Rx,0,8,0D,00,01,00,00,00,00,00,
-1778190042941598,00000280,false,Rx,0,8,0A,52,15,40,CE,A5,8D,3D,
-1778190042940666,00000281,false,Rx,0,8,51,0B,DC,42,00,00,34,42,
-1778190042939640,00000380,false,Rx,0,8,00,00,00,00,00,00,00,00,
-1778190042938661,00000381,false,Rx,0,8,05,00,80,3F,00,00,00,00,
-1778190042919792,00000180,false,Rx,0,8,0D,00,01,00,00,00,00,00,
-1778190042918871,00000280,false,Rx,0,8,0A,52,15,40,CE,A5,8D,3D,
-1778190042917938,00000281,false,Rx,0,8,51,0B,DC,42,00,00,34,42,
-1778190042916913,00000380,false,Rx,0,8,00,00,00,00,00,00,00,00,
-1778190042915934,00000381,false,Rx,0,8,05,00,80,3F,00,00,00,00,
-1778190042899174,00000180,false,Rx,0,8,0D,00,01,00,00,00,00,00,
-1778190042898238,00000280,false,Rx,0,8,1F,EB,15,40,4C,F6,8E,3D,
-1778190042897305,00000281,false,Rx,0,8,51,0B,DC,42,00,00,34,42,
-1778190042896277,00000380,false,Rx,0,8,00,00,00,00,00,00,00,00,
-1778190042895297,00000381,false,Rx,0,8,05,00,80,3F,00,00,00,00,
-1778190042876455,00000180,false,Rx,0,8,0D,00,01,00,00,00,00,00,
-1778190042875514,00000280,false,Rx,0,8,1F,EB,15,40,4C,F6,8E,3D,
-1778190042874586,00000281,false,Rx,0,8,51,0B,DC,42,00,00,34,42,
-1778190042873556,00000380,false,Rx,0,8,00,00,00,00,00,00,00,00,
-1778190042872577,00000381,false,Rx,0,8,05,00,80,3F,00,00,00,00,
-1778190042853644,00000180,false,Rx,0,8,0D,00,01,00,00,00,00,00,
-1778190042852706,00000280,false,Rx,0,8,1F,EB,15,40,4C,F6,8E,3D,
-1778190042851774,00000281,false,Rx,0,8,51,0B,DC,42,00,00,34,42,
-1778190042850749,00000380,false,Rx,0,8,00,00,00,00,00,00,00,00,
-1778190042849770,00000381,false,Rx,0,8,05,00,80,3F,00,00,00,00,
-1778190042830650,00000180,false,Rx,0,8,0D,00,01,00,00,00,00,00,
-1778190042829721,00000280,false,Rx,0,8,8D,7C,16,40,E3,D4,8C,3D,
-1778190042828788,00000281,false,Rx,0,8,51,0B,DC,42,00,00,34,42,
-1778190042827763,00000380,false,Rx,0,8,00,00,00,00,00,00,00,00,
-1778190042826784,00000381,false,Rx,0,8,05,00,80,3F,00,00,00,00,
-1778190042807907,00000180,false,Rx,0,8,0D,00,01,00,00,00,00,00,
-1778190042806975,00000280,false,Rx,0,8,8D,7C,16,40,E3,D4,8C,3D,
-1778190042806046,00000281,false,Rx,0,8,51,0B,DC,42,00,00,34,42,
-1778190042805016,00000380,false,Rx,0,8,00,00,00,00,00,00,00,00,
-1778190042804038,00000381,false,Rx,0,8,05,00,80,3F,00,00,00,00,
-1778190042787298,00000180,false,Rx,0,8,0D,00,01,00,00,00,00,00,
-1778190042786366,00000280,false,Rx,0,8,B5,06,17,40,66,6A,8F,3D,
-1778190042785437,00000281,false,Rx,0,8,51,0B,DC,42,00,00,34,42,
-1778190042784407,00000380,false,Rx,0,8,00,00,00,00,00,00,00,00,
-1778190042783531,00000381,false,Rx,0,8,05,00,80,3F,00,00,00,00,
-1778190042764562,00000180,false,Rx,0,8,0D,00,01,00,00,00,00,00,
-1778190042763633,00000280,false,Rx,0,8,B5,06,17,40,66,6A,8F,3D,
-1778190042762802,00000281,false,Rx,0,8,51,0B,DC,42,00,00,34,42,
-1778190042761772,00000380,false,Rx,0,8,00,00,00,00,00,00,00,00,
-1778190042760793,00000381,false,Rx,0,8,05,00,80,3F,00,00,00,00,
-1778190042743943,00000180,false,Rx,0,8,0D,00,01,00,00,00,00,00,
-1778190042743112,00000280,false,Rx,0,8,F5,89,17,40,2F,43,8D,3D,
-1778190042742183,00000281,false,Rx,0,8,51,0B,DC,42,00,00,34,42,
-1778190042741156,00000380,false,Rx,0,8,00,00,00,00,00,00,00,00,
-1778190042740175,00000381,false,Rx,0,8,05,00,80,3F,00,00,00,00,
-1778190042721314,00000180,false,Rx,0,8,0D,00,01,00,00,00,00,00,
-1778190042720382,00000280,false,Rx,0,8,F5,89,17,40,2F,43,8D,3D,
-1778190042719453,00000281,false,Rx,0,8,51,0B,DC,42,00,00,34,42,
-1778190042718424,00000380,false,Rx,0,8,00,00,00,00,00,00,00,00,
-1778190042717446,00000381,false,Rx,0,8,05,00,80,3F,00,00,00,00,
-1778190042698538,00000180,false,Rx,0,8,0D,00,01,00,00,00,00,00,
-1778190042697609,00000280,false,Rx,0,8,F5,89,17,40,2F,43,8D,3D,
-1778190042696677,00000281,false,Rx,0,8,51,0B,DC,42,00,00,34,42,
-1778190042695647,00000380,false,Rx,0,8,00,00,00,00,00,00,00,00,
-1778190042694668,00000381,false,Rx,0,8,05,00,80,3F,00,00,00,00,
-1778190042677720,00000180,false,Rx,0,8,0D,00,01,00,00,00,00,00,
-1778190042676799,00000280,false,Rx,0,8,A5,06,18,40,2E,D3,8F,3D,
-1778190042675867,00000281,false,Rx,0,8,51,0B,DC,42,00,00,34,42,
-1778190042674841,00000380,false,Rx,0,8,00,00,00,00,00,00,00,00,
-1778190042673862,00000381,false,Rx,0,8,05,00,80,3F,00,00,00,00,
-1778190042652376,00000180,false,Rx,0,8,0D,00,01,00,00,00,00,00,
-1778190042651455,00000280,false,Rx,0,8,A5,06,18,40,2E,D3,8F,3D,
-1778190042650522,00000281,false,Rx,0,8,51,0B,DC,42,00,00,34,42,
-1778190042649496,00000380,false,Rx,0,8,00,00,00,00,00,00,00,00,
-1778190042648518,00000381,false,Rx,0,8,05,00,80,3F,00,00,00,00,
-1778190042631574,00000180,false,Rx,0,8,0D,00,01,00,00,00,00,00,
-1778190042630661,00000280,false,Rx,0,8,46,2F,16,40,BA,A6,8D,3D,
-1778190042629732,00000281,false,Rx,0,8,51,0B,DC,42,00,00,34,42,
-1778190042628702,00000380,false,Rx,0,8,00,00,00,00,00,00,00,00,
-1778190042627723,00000381,false,Rx,0,8,05,00,80,3F,00,00,00,00,
-1778190042608623,00000180,false,Rx,0,8,0D,00,01,00,00,00,00,00,
-1778190042607706,00000280,false,Rx,0,8,46,2F,16,40,BA,A6,8D,3D,
-1778190042606777,00000281,false,Rx,0,8,51,0B,DC,42,00,00,34,42,
-1778190042605749,00000380,false,Rx,0,8,00,00,00,00,00,00,00,00,
-1778190042604770,00000381,false,Rx,0,8,05,00,80,3F,00,00,00,00,
-1778190042587822,00000180,false,Rx,0,8,0D,00,01,00,00,00,00,00,
-1778190042586905,00000280,false,Rx,0,8,79,6F,14,40,2C,F7,8E,3D,
-1778190042585976,00000281,false,Rx,0,8,51,0B,DC,42,00,00,34,42,
-1778190042584948,00000380,false,Rx,0,8,00,00,00,00,00,00,00,00,
-1778190042583968,00000381,false,Rx,0,8,05,00,80,3F,00,00,00,00,
-1778190042567452,00000180,false,Rx,0,8,0D,00,01,00,00,00,00,00,
-1778190042566539,00000280,false,Rx,0,8,79,6F,14,40,2C,F7,8E,3D,
-1778190042565606,00000281,false,Rx,0,8,51,0B,DC,42,00,00,34,42,
-1778190042564580,00000380,false,Rx,0,8,00,00,00,00,00,00,00,00,
-1778190042563602,00000381,false,Rx,0,8,05,00,80,3F,00,00,00,00,
-1778190042544525,00000180,false,Rx,0,8,0D,00,01,00,00,00,00,00,
-1778190042543608,00000280,false,Rx,0,8,79,6F,14,40,2C,F7,8E,3D,
-1778190042542679,00000281,false,Rx,0,8,51,0B,DC,42,00,00,34,42,
-1778190042541553,00000380,false,Rx,0,8,00,00,00,00,00,00,00,00,
-1778190042540572,00000381,false,Rx,0,8,05,00,80,3F,00,00,00,00,
-1778190042523699,00000180,false,Rx,0,8,0D,00,01,00,00,00,00,00,
-1778190042522785,00000280,false,Rx,0,8,E2,13,15,40,B8,D5,8C,3D,
-1778190042521753,00000281,false,Rx,0,8,51,0B,DC,42,00,00,34,42,
-1778190042520728,00000380,false,Rx,0,8,00,00,00,00,00,00,00,00,
-1778190042519748,00000381,false,Rx,0,8,05,00,80,3F,00,00,00,00,
-1778190042498480,00000180,false,Rx,0,8,0D,00,01,00,00,00,00,00,
-1778190042497563,00000280,false,Rx,0,8,E2,13,15,40,B8,D5,8C,3D,
-1778190042496633,00000281,false,Rx,0,8,51,0B,DC,42,00,00,34,42,
-1778190042495605,00000380,false,Rx,0,8,00,00,00,00,00,00,00,00,
-1778190042494626,00000381,false,Rx,0,8,05,00,80,3F,00,00,00,00,
-1778190042477847,00000180,false,Rx,0,8,0D,00,01,00,00,00,00,00,
-1778190042476914,00000280,false,Rx,0,8,12,B0,15,40,9E,30,8E,3D,
-1778190042475986,00000281,false,Rx,0,8,51,0B,DC,42,00,00,34,42,
-1778190042474956,00000380,false,Rx,0,8,00,00,00,00,00,00,00,00,
-1778190042473977,00000381,false,Rx,0,8,05,00,80,3F,00,00,00,00,
-1778190042454909,00000180,false,Rx,0,8,0D,00,01,00,00,00,00,00,
-1778190042453980,00000280,false,Rx,0,8,12,B0,15,40,9E,30,8E,3D,
-1778190042453047,00000281,false,Rx,0,8,51,0B,DC,42,00,00,34,42,
-1778190042452022,00000380,false,Rx,0,8,00,00,00,00,00,00,00,00,
-1778190042451043,00000381,false,Rx,0,8,05,00,80,3F,00,00,00,00,
-1778190042431947,00000180,false,Rx,0,8,0D,00,01,00,00,00,00,00,
-1778190042431019,00000280,false,Rx,0,8,12,B0,15,40,9E,30,8E,3D,
-1778190042430086,00000281,false,Rx,0,8,51,0B,DC,42,00,00,34,42,
-1778190042429061,00000380,false,Rx,0,8,00,00,00,00,00,00,00,00,
-1778190042428081,00000381,false,Rx,0,8,05,00,80,3F,00,00,00,00,
-1778190042411130,00000180,false,Rx,0,8,0D,00,01,00,00,00,00,00,
-1778190042410209,00000280,false,Rx,0,8,73,44,16,40,2B,7A,8F,3D,
-1778190042409276,00000281,false,Rx,0,8,51,0B,DC,42,00,00,34,42,
-1778190042408250,00000380,false,Rx,0,8,00,00,00,00,00,00,00,00,
-1778190042407268,00000381,false,Rx,0,8,05,00,80,3F,00,00,00,00,
-1778190042388195,00000180,false,Rx,0,8,0D,00,01,00,00,00,00,00,
-1778190042387270,00000280,false,Rx,0,8,73,44,16,40,2B,7A,8F,3D,
-1778190042386341,00000281,false,Rx,0,8,51,0B,DC,42,00,00,34,42,
-1778190042385313,00000380,false,Rx,0,8,00,00,00,00,00,00,00,00,
-1778190042384334,00000381,false,Rx,0,8,05,00,80,3F,00,00,00,00,
-1778190042367377,00000180,false,Rx,0,8,0D,00,01,00,00,00,00,00,
-1778190042366460,00000280,false,Rx,0,8,6A,D1,16,40,86,72,8E,3D,
-1778190042365531,00000281,false,Rx,0,8,51,0B,DC,42,00,00,34,42,
-1778190042364503,00000380,false,Rx,0,8,00,00,00,00,00,00,00,00,
-1778190042363523,00000381,false,Rx,0,8,05,00,80,3F,00,00,00,00,
-1778190042342041,00000180,false,Rx,0,8,0D,00,01,00,00,00,00,00,
-1778190042341124,00000280,false,Rx,0,8,6A,D1,16,40,86,72,8E,3D,
-1778190042340096,00000281,false,Rx,0,8,51,0B,DC,42,00,00,34,42,
-1778190042339066,00000380,false,Rx,0,8,00,00,00,00,00,00,00,00,
-1778190042338087,00000381,false,Rx,0,8,05,00,80,3F,00,00,00,00,
-1778190042321223,00000180,false,Rx,0,8,0D,00,01,00,00,00,00,00,
-1778190042320200,00000280,false,Rx,0,8,54,57,17,40,5A,F3,90,3D,
-1778190042319267,00000281,false,Rx,0,8,51,0B,DC,42,00,00,34,42,
-1778190042318240,00000380,false,Rx,0,8,00,00,00,00,00,00,00,00,
-1778190042317263,00000381,false,Rx,0,8,05,00,80,3F,00,00,00,00,
-1778190042298195,00000180,false,Rx,0,8,0D,00,01,00,00,00,00,00,
-1778190042297270,00000280,false,Rx,0,8,54,57,17,40,5A,F3,90,3D,
-1778190042296341,00000281,false,Rx,0,8,51,0B,DC,42,00,00,34,42,
-1778190042295312,00000380,false,Rx,0,8,00,00,00,00,00,00,00,00,
-1778190042294333,00000381,false,Rx,0,8,05,00,80,3F,00,00,00,00,
-1778190042275201,00000180,false,Rx,0,8,0D,00,01,00,00,00,00,00,
-1778190042274276,00000280,false,Rx,0,8,54,57,17,40,5A,F3,90,3D,
-1778190042273347,00000281,false,Rx,0,8,51,0B,DC,42,00,00,34,42,
-1778190042272319,00000380,false,Rx,0,8,00,00,00,00,00,00,00,00,
-1778190042271339,00000381,false,Rx,0,8,05,00,80,3F,00,00,00,00,
-1778190042254400,00000180,false,Rx,0,8,0D,00,01,00,00,00,00,00,
-1778190042253475,00000280,false,Rx,0,8,BA,88,15,40,DA,D8,8F,3D,
-1778190042252546,00000281,false,Rx,0,8,51,0B,DC,42,00,00,34,42,
-1778190042251516,00000380,false,Rx,0,8,00,00,00,00,00,00,00,00,
-1778190042250538,00000381,false,Rx,0,8,05,00,80,3F,00,00,00,00,
-1778190042231469,00000180,false,Rx,0,8,0D,00,01,00,00,00,00,00,
-1778190042230548,00000280,false,Rx,0,8,BA,88,15,40,DA,D8,8F,3D,
-1778190042229615,00000281,false,Rx,0,8,51,0B,DC,42,00,00,34,42,
-1778190042228590,00000380,false,Rx,0,8,00,00,00,00,00,00,00,00,
-1778190042227611,00000381,false,Rx,0,8,05,00,80,3F,00,00,00,00,
-1778190042210844,00000180,false,Rx,0,8,0D,00,01,00,00,00,00,00,
-1778190042209915,00000280,false,Rx,0,8,13,1F,16,40,31,0D,91,3D,
-1778190042208982,00000281,false,Rx,0,8,51,0B,DC,42,00,00,34,42,
-1778190042207957,00000380,false,Rx,0,8,00,00,00,00,00,00,00,00,
-1778190042206979,00000381,false,Rx,0,8,05,00,80,3F,00,00,00,00,
-1778190042187925,00000180,false,Rx,0,8,0D,00,01,00,00,00,00,00,
-1778190042186992,00000280,false,Rx,0,8,13,1F,16,40,31,0D,91,3D,
-1778190042186063,00000281,false,Rx,0,8,51,0B,DC,42,00,00,34,42,
-1778190042185034,00000380,false,Rx,0,8,00,00,00,00,00,00,00,00,
-1778190042184055,00000381,false,Rx,0,8,05,00,80,3F,00,00,00,00,
-1778190042164688,00000180,false,Rx,0,8,0D,00,01,00,00,00,00,00,
-1778190042163752,00000280,false,Rx,0,8,E8,AD,16,40,0A,D1,8E,3D,
-1778190042162819,00000281,false,Rx,0,8,51,0B,DC,42,00,00,34,42,
-1778190042161794,00000380,false,Rx,0,8,00,00,00,00,00,00,00,00,
-1778190042160815,00000381,false,Rx,0,8,05,00,80,3F,00,00,00,00,
-1778190042144314,00000180,false,Rx,0,8,0D,00,01,00,00,00,00,00,
-1778190042143374,00000280,false,Rx,0,8,E8,AD,16,40,0A,D1,8E,3D,
-1778190042142446,00000281,false,Rx,0,8,51,0B,DC,42,00,00,34,42,
-1778190042141417,00000380,false,Rx,0,8,00,00,00,00,00,00,00,00,
-1778190042140437,00000381,false,Rx,0,8,05,00,80,3F,00,00,00,00,
-1778190042121387,00000180,false,Rx,0,8,0D,00,01,00,00,00,00,00,
-1778190042120447,00000280,false,Rx,0,8,E8,AD,16,40,0A,D1,8E,3D,
-1778190042119515,00000281,false,Rx,0,8,51,0B,DC,42,00,00,34,42,
-1778190042118390,00000380,false,Rx,0,8,00,00,00,00,00,00,00,00,
-1778190042117409,00000381,false,Rx,0,8,05,00,80,3F,00,00,00,00,
-1778190042100567,00000180,false,Rx,0,8,0D,00,01,00,00,00,00,00,
-1778190042099642,00000280,false,Rx,0,8,99,35,17,40,92,12,90,3D,
-1778190042098611,00000281,false,Rx,0,8,51,0B,DC,42,00,00,34,42,
-1778190042097586,00000380,false,Rx,0,8,00,00,00,00,00,00,00,00,
-1778190042096605,00000381,false,Rx,0,8,05,00,80,3F,00,00,00,00,
-1778190042077538,00000180,false,Rx,0,8,0D,00,01,00,00,00,00,00,
-1778190042076613,00000280,false,Rx,0,8,99,35,17,40,92,12,90,3D,
-1778190042075684,00000281,false,Rx,0,8,51,0B,DC,42,00,00,34,42,
-1778190042074658,00000380,false,Rx,0,8,00,00,00,00,00,00,00,00,
-1778190042073680,00000381,false,Rx,0,8,05,00,80,3F,00,00,00,00,
-1778190042056727,00000180,false,Rx,0,8,0D,00,01,00,00,00,00,00,
-1778190042055806,00000280,false,Rx,0,8,AE,68,15,40,F2,E2,8D,3D,
-1778190042054877,00000281,false,Rx,0,8,51,0B,DC,42,00,00,34,42,
-1778190042053848,00000380,false,Rx,0,8,00,00,00,00,00,00,00,00,
-1778190042052869,00000381,false,Rx,0,8,05,00,80,3F,00,00,00,00,
-1778190042033809,00000180,false,Rx,0,8,0D,00,01,00,00,00,00,00,
-1778190042032883,00000280,false,Rx,0,8,AE,68,15,40,F2,E2,8D,3D,
-1778190042031954,00000281,false,Rx,0,8,51,0B,DC,42,00,00,34,42,
-1778190042030925,00000380,false,Rx,0,8,00,00,00,00,00,00,00,00,
-1778190042029947,00000381,false,Rx,0,8,05,00,80,3F,00,00,00,00,
-1778190042010726,00000180,false,Rx,0,8,0D,00,01,00,00,00,00,00,
-1778190042009786,00000280,false,Rx,0,8,A2,00,16,40,61,30,8F,3D,
-1778190042008857,00000281,false,Rx,0,8,51,0B,DC,42,00,00,34,42,
-1778190042007828,00000380,false,Rx,0,8,00,00,00,00,00,00,00,00,
-1778190042006849,00000381,false,Rx,0,8,05,00,80,3F,00,00,00,00,
-1778190041990406,00000180,false,Rx,0,8,0D,00,01,00,00,00,00,00,
-1778190041989466,00000280,false,Rx,0,8,A2,00,16,40,61,30,8F,3D,
-1778190041988537,00000281,false,Rx,0,8,51,0B,DC,42,00,00,34,42,
-1778190041987508,00000380,false,Rx,0,8,00,00,00,00,00,00,00,00,
-1778190041986529,00000381,false,Rx,0,8,05,00,80,3F,00,00,00,00,
-1778190041967464,00000180,false,Rx,0,8,0D,00,01,00,00,00,00,00,
-1778190041966522,00000280,false,Rx,0,8,A2,00,16,40,61,30,8F,3D,
-1778190041965590,00000281,false,Rx,0,8,51,0B,DC,42,00,00,34,42,
-1778190041964565,00000380,false,Rx,0,8,00,00,00,00,00,00,00,00,
-1778190041963586,00000381,false,Rx,0,8,05,00,80,3F,00,00,00,00,
-1778190041946642,00000180,false,Rx,0,8,0D,00,01,00,00,00,00,00,
-1778190041945713,00000280,false,Rx,0,8,FC,90,16,40,11,0C,8D,3D,
-1778190041944781,00000281,false,Rx,0,8,51,0B,DC,42,00,00,34,42,
-1778190041943755,00000380,false,Rx,0,8,00,00,00,00,00,00,00,00,
-1778190041942776,00000381,false,Rx,0,8,05,00,80,3F,00,00,00,00,
-1778190041923714,00000180,false,Rx,0,8,0D,00,01,00,00,00,00,00,
-1778190041922781,00000280,false,Rx,0,8,FC,90,16,40,11,0C,8D,3D,
-1778190041921853,00000281,false,Rx,0,8,51,0B,DC,42,00,00,34,42,
-1778190041920823,00000380,false,Rx,0,8,00,00,00,00,00,00,00,00,
-1778190041919844,00000381,false,Rx,0,8,05,00,80,3F,00,00,00,00,
-1778190041902897,00000180,false,Rx,0,8,0D,00,01,00,00,00,00,00,
-1778190041901956,00000280,false,Rx,0,8,1E,1A,17,40,D2,9E,8F,3D,
-1778190041901023,00000281,false,Rx,0,8,51,0B,DC,42,00,00,34,42,
-1778190041899999,00000380,false,Rx,0,8,00,00,00,00,00,00,00,00,
-1778190041899019,00000381,false,Rx,0,8,05,00,80,3F,00,00,00,00,
-1778190041879951,00000180,false,Rx,0,8,0D,00,01,00,00,00,00,00,
-1778190041879014,00000280,false,Rx,0,8,1E,1A,17,40,D2,9E,8F,3D,
-1778190041878081,00000281,false,Rx,0,8,51,0B,DC,42,00,00,34,42,
-1778190041877052,00000380,false,Rx,0,8,00,00,00,00,00,00,00,00,
-1778190041875974,00000381,false,Rx,0,8,05,00,80,3F,00,00,00,00,
-1778190041854475,00000180,false,Rx,0,8,0D,00,01,00,00,00,00,00,
-1778190041853534,00000280,false,Rx,0,8,1E,1A,17,40,D2,9E,8F,3D,
-1778190041852601,00000281,false,Rx,0,8,51,0B,DC,42,00,00,34,42,
-1778190041851576,00000380,false,Rx,0,8,00,00,00,00,00,00,00,00,
-1778190041850598,00000381,false,Rx,0,8,05,00,80,3F,00,00,00,00,
-1778190041833673,00000180,false,Rx,0,8,0D,00,01,00,00,00,00,00,
-1778190041832748,00000280,false,Rx,0,8,93,4E,15,40,FC,74,8D,3D,
-1778190041831819,00000281,false,Rx,0,8,51,0B,DC,42,00,00,34,42,
-1778190041830789,00000380,false,Rx,0,8,00,00,00,00,00,00,00,00,
-1778190041829811,00000381,false,Rx,0,8,05,00,80,3F,00,00,00,00,
-1778190041810752,00000180,false,Rx,0,8,0D,00,01,00,00,00,00,00,
-1778190041809827,00000280,false,Rx,0,8,93,4E,15,40,FC,74,8D,3D,
-1778190041808898,00000281,false,Rx,0,8,51,0B,DC,42,00,00,34,42,
-1778190041807869,00000380,false,Rx,0,8,00,00,00,00,00,00,00,00,
-1778190041806890,00000381,false,Rx,0,8,05,00,80,3F,00,00,00,00,
-1778190041790119,00000180,false,Rx,0,8,0D,00,01,00,00,00,00,00,
-1778190041789195,00000280,false,Rx,0,8,02,9A,13,40,EA,C7,8E,3D,
-1778190041788262,00000281,false,Rx,0,8,51,0B,DC,42,00,00,34,42,
-1778190041787236,00000380,false,Rx,0,8,00,00,00,00,00,00,00,00,
-1778190041786258,00000381,false,Rx,0,8,05,00,80,3F,00,00,00,00,
-1778190041767180,00000180,false,Rx,0,8,0D,00,01,00,00,00,00,00,
-1778190041766255,00000280,false,Rx,0,8,02,9A,13,40,EA,C7,8E,3D,
-1778190041765326,00000281,false,Rx,0,8,51,0B,DC,42,00,00,34,42,
-1778190041764297,00000380,false,Rx,0,8,00,00,00,00,00,00,00,00,
-1778190041763318,00000381,false,Rx,0,8,05,00,80,3F,00,00,00,00,
-1778190041746370,00000180,false,Rx,0,8,0D,00,01,00,00,00,00,00,
-1778190041745445,00000280,false,Rx,0,8,17,49,14,40,D3,A8,8C,3D,
-1778190041744516,00000281,false,Rx,0,8,51,0B,DC,42,00,00,34,42,
-1778190041743488,00000380,false,Rx,0,8,00,00,00,00,00,00,00,00,
-1778190041742508,00000381,false,Rx,0,8,05,00,80,3F,00,00,00,00,
-1778190041723435,00000180,false,Rx,0,8,0D,00,01,00,00,00,00,00,
-1778190041722509,00000280,false,Rx,0,8,17,49,14,40,D3,A8,8C,3D,
-1778190041721581,00000281,false,Rx,0,8,51,0B,DC,42,00,00,34,42,
-1778190041720552,00000380,false,Rx,0,8,00,00,00,00,00,00,00,00,
-1778190041719572,00000381,false,Rx,0,8,05,00,80,3F,00,00,00,00,
-1778190041700465,00000180,false,Rx,0,8,0D,00,01,00,00,00,00,00,
-1778190041699540,00000280,false,Rx,0,8,17,49,14,40,D3,A8,8C,3D,
-1778190041698607,00000281,false,Rx,0,8,51,0B,DC,42,00,00,34,42,
-1778190041697582,00000380,false,Rx,0,8,00,00,00,00,00,00,00,00,
-1778190041696603,00000381,false,Rx,0,8,05,00,80,3F,00,00,00,00,
-1778190041677236,00000180,false,Rx,0,8,0D,00,01,00,00,00,00,00,
-1778190041676308,00000280,false,Rx,0,8,6B,EF,14,40,F7,05,8E,3D,
-1778190041675375,00000281,false,Rx,0,8,51,0B,DC,42,00,00,34,42,
-1778190041674251,00000380,false,Rx,0,8,00,00,00,00,00,00,00,00,
-1778190041673269,00000381,false,Rx,0,8,05,00,80,3F,00,00,00,00,
-1778190041654415,00000180,false,Rx,0,8,0D,00,01,00,00,00,00,00,
-1778190041653486,00000280,false,Rx,0,8,6B,EF,14,40,F7,05,8E,3D,
-1778190041652553,00000281,false,Rx,0,8,51,0B,DC,42,00,00,34,42,
-1778190041651528,00000380,false,Rx,0,8,00,00,00,00,00,00,00,00,
-1778190041650549,00000381,false,Rx,0,8,05,00,80,3F,00,00,00,00,
-1778190041633990,00000180,false,Rx,0,8,0D,00,01,00,00,00,00,00,
-1778190041633069,00000280,false,Rx,0,8,6E,8D,15,40,92,F0,8B,3D,
-1778190041632136,00000281,false,Rx,0,8,51,0B,DC,42,00,00,34,42,
-1778190041631107,00000380,false,Rx,0,8,00,00,00,00,00,00,00,00,
-1778190041630128,00000381,false,Rx,0,8,05,00,80,3F,00,00,00,00,
-1778190041611270,00000180,false,Rx,0,8,0D,00,01,00,00,00,00,00,
-1778190041610345,00000280,false,Rx,0,8,6E,8D,15,40,92,F0,8B,3D,
-1778190041609412,00000281,false,Rx,0,8,51,0B,DC,42,00,00,34,42,
-1778190041608387,00000380,false,Rx,0,8,00,00,00,00,00,00,00,00,
-1778190041607408,00000381,false,Rx,0,8,05,00,80,3F,00,00,00,00,
-1778190041590845,00000180,false,Rx,0,8,0D,00,01,00,00,00,00,00,
-1778190041589928,00000280,false,Rx,0,8,8B,23,16,40,EC,56,8D,3D,
-1778190041588999,00000281,false,Rx,0,8,51,0B,DC,42,00,00,34,42,
-1778190041587970,00000380,false,Rx,0,8,00,00,00,00,00,00,00,00,
-1778190041586991,00000381,false,Rx,0,8,05,00,80,3F,00,00,00,00,
-1778190041570675,00000180,false,Rx,0,8,0D,00,01,00,00,00,00,00,
-1778190041569761,00000280,false,Rx,0,8,8B,23,16,40,EC,56,8D,3D,
-1778190041568832,00000281,false,Rx,0,8,51,0B,DC,42,00,00,34,42,
-1778190041567803,00000380,false,Rx,0,8,00,00,00,00,00,00,00,00,
-1778190041566824,00000381,false,Rx,0,8,05,00,80,3F,00,00,00,00,
-1778190041547924,00000180,false,Rx,0,8,0D,00,01,00,00,00,00,00,
-1778190041547006,00000280,false,Rx,0,8,8B,23,16,40,EC,56,8D,3D,
-1778190041546078,00000281,false,Rx,0,8,51,0B,DC,42,00,00,34,42,
-1778190041545048,00000380,false,Rx,0,8,00,00,00,00,00,00,00,00,
-1778190041544069,00000381,false,Rx,0,8,05,00,80,3F,00,00,00,00,
-1778190041524911,00000180,false,Rx,0,8,0D,00,01,00,00,00,00,00,
-1778190041523990,00000280,false,Rx,0,8,54,64,14,40,48,4A,8B,3D,
-1778190041523057,00000281,false,Rx,0,8,51,0B,DC,42,00,00,34,42,
-1778190041522031,00000380,false,Rx,0,8,00,00,00,00,00,00,00,00,
-1778190041521052,00000381,false,Rx,0,8,05,00,80,3F,00,00,00,00,
-1778190041502168,00000180,false,Rx,0,8,0D,00,01,00,00,00,00,00,
-1778190041501243,00000280,false,Rx,0,8,54,64,14,40,48,4A,8B,3D,
-1778190041500314,00000281,false,Rx,0,8,51,0B,DC,42,00,00,34,42,
-1778190041499284,00000380,false,Rx,0,8,00,00,00,00,00,00,00,00,
-1778190041498306,00000381,false,Rx,0,8,05,00,80,3F,00,00,00,00,
-1778190041481565,00000180,false,Rx,0,8,0D,00,01,00,00,00,00,00,
-1778190041480640,00000280,false,Rx,0,8,4C,09,15,40,86,F3,8D,3D,
-1778190041479712,00000281,false,Rx,0,8,51,0B,DC,42,00,00,34,42,
-1778190041478683,00000380,false,Rx,0,8,00,00,00,00,00,00,00,00,
-1778190041477703,00000381,false,Rx,0,8,05,00,80,3F,00,00,00,00,
-1778190041458838,00000180,false,Rx,0,8,0D,00,01,00,00,00,00,00,
-1778190041457913,00000280,false,Rx,0,8,4C,09,15,40,86,F3,8D,3D,
-1778190041456979,00000281,false,Rx,0,8,51,0B,DC,42,00,00,34,42,
-1778190041455955,00000380,false,Rx,0,8,00,00,00,00,00,00,00,00,
-1778190041455076,00000381,false,Rx,0,8,05,00,80,3F,00,00,00,00,
-1778190041436060,00000180,false,Rx,0,8,0D,00,01,00,00,00,00,00,
-1778190041435237,00000280,false,Rx,0,8,4C,09,15,40,86,F3,8D,3D,
-1778190041434303,00000281,false,Rx,0,8,51,0B,DC,42,00,00,34,42,
-1778190041433276,00000380,false,Rx,0,8,00,00,00,00,00,00,00,00,
-1778190041432299,00000381,false,Rx,0,8,05,00,80,3F,00,00,00,00,
-1778190041415532,00000180,false,Rx,0,8,0D,00,01,00,00,00,00,00,
-1778190041414594,00000280,false,Rx,0,8,04,A6,15,40,0E,DF,8B,3D,
-1778190041413663,00000281,false,Rx,0,8,51,0B,DC,42,00,00,34,42,
-1778190041412636,00000380,false,Rx,0,8,00,00,00,00,00,00,00,00,
-1778190041411657,00000381,false,Rx,0,8,05,00,80,3F,00,00,00,00,
-1778190041392810,00000180,false,Rx,0,8,0D,00,01,00,00,00,00,00,
-1778190041391874,00000280,false,Rx,0,8,04,A6,15,40,0E,DF,8B,3D,
-1778190041390941,00000281,false,Rx,0,8,51,0B,DC,42,00,00,34,42,
-1778190041389916,00000380,false,Rx,0,8,00,00,00,00,00,00,00,00,
-1778190041388936,00000381,false,Rx,0,8,05,00,80,3F,00,00,00,00,
-1778190041370179,00000180,false,Rx,0,8,0D,00,01,00,00,00,00,00,
-1778190041369254,00000280,false,Rx,0,8,14,ED,13,40,49,46,8D,3D,
-1778190041368325,00000281,false,Rx,0,8,51,0B,DC,42,00,00,34,42,
-1778190041367296,00000380,false,Rx,0,8,00,00,00,00,00,00,00,00,
-1778190041366317,00000381,false,Rx,0,8,05,00,80,3F,00,00,00,00,
-1778190041347459,00000180,false,Rx,0,8,0D,00,01,00,00,00,00,00,
-1778190041346535,00000280,false,Rx,0,8,14,ED,13,40,49,46,8D,3D,
-1778190041345606,00000281,false,Rx,0,8,51,0B,DC,42,00,00,34,42,
-1778190041344576,00000380,false,Rx,0,8,00,00,00,00,00,00,00,00,
-1778190041343597,00000381,false,Rx,0,8,05,00,80,3F,00,00,00,00,
-1778190041327031,00000180,false,Rx,0,8,0D,00,01,00,00,00,00,00,
-1778190041326102,00000280,false,Rx,0,8,02,98,14,40,D6,5A,8C,3D,
-1778190041325170,00000281,false,Rx,0,8,51,0B,DC,42,00,00,34,42,
-1778190041324144,00000380,false,Rx,0,8,00,00,00,00,00,00,00,00,
-1778190041323165,00000381,false,Rx,0,8,05,00,80,3F,00,00,00,00,
-1778190041304287,00000180,false,Rx,0,8,0D,00,01,00,00,00,00,00,
-1778190041303355,00000280,false,Rx,0,8,02,98,14,40,D6,5A,8C,3D,
-1778190041302426,00000281,false,Rx,0,8,51,0B,DC,42,00,00,34,42,
-1778190041301397,00000380,false,Rx,0,8,00,00,00,00,00,00,00,00,
-1778190041300418,00000381,false,Rx,0,8,05,00,80,3F,00,00,00,00,
-1778190041281519,00000180,false,Rx,0,8,0D,00,01,00,00,00,00,00,
-1778190041280585,00000280,false,Rx,0,8,02,98,14,40,D6,5A,8C,3D,
-1778190041279656,00000281,false,Rx,0,8,51,0B,DC,42,00,00,34,42,
-1778190041278628,00000380,false,Rx,0,8,00,00,00,00,00,00,00,00,
-1778190041277649,00000381,false,Rx,0,8,05,00,80,3F,00,00,00,00,
-1778190041260900,00000180,false,Rx,0,8,0D,00,01,00,00,00,00,00,
-1778190041259979,00000280,false,Rx,0,8,64,3A,15,40,E0,BB,8D,3D,
-1778190041259046,00000281,false,Rx,0,8,51,0B,DC,42,00,00,34,42,
-1778190041258020,00000380,false,Rx,0,8,00,00,00,00,00,00,00,00,
-1778190041257042,00000381,false,Rx,0,8,05,00,80,3F,00,00,00,00,
-1778190041238172,00000180,false,Rx,0,8,0D,00,01,00,00,00,00,00,
-1778190041237247,00000280,false,Rx,0,8,64,3A,15,40,E0,BB,8D,3D,
-1778190041236319,00000281,false,Rx,0,8,51,0B,DC,42,00,00,34,42,
-1778190041235391,00000380,false,Rx,0,8,00,00,00,00,00,00,00,00,
-1778190041234409,00000381,false,Rx,0,8,05,00,80,3F,00,00,00,00,
-1778190041215159,00000180,false,Rx,0,8,0D,00,01,00,00,00,00,00,
-1778190041214232,00000280,false,Rx,0,8,A8,D4,15,40,30,AA,8B,3D,
-1778190041213304,00000281,false,Rx,0,8,51,0B,DC,42,00,00,34,42,
-1778190041212275,00000380,false,Rx,0,8,00,00,00,00,00,00,00,00,
-1778190041211296,00000381,false,Rx,0,8,05,00,80,3F,00,00,00,00,
-1778190041192500,00000180,false,Rx,0,8,0D,00,01,00,00,00,00,00,
-1778190041191579,00000280,false,Rx,0,8,A8,D4,15,40,30,AA,8B,3D,
-1778190041190646,00000281,false,Rx,0,8,51,0B,DC,42,00,00,34,42,
-1778190041189617,00000380,false,Rx,0,8,00,00,00,00,00,00,00,00,
-1778190041188638,00000381,false,Rx,0,8,05,00,80,3F,00,00,00,00,
-1778190041171898,00000180,false,Rx,0,8,0D,00,01,00,00,00,00,00,
-1778190041170969,00000280,false,Rx,0,8,36,67,16,40,FC,B2,89,3D,
-1778190041170036,00000281,false,Rx,0,8,51,0B,DC,42,00,00,34,42,
-1778190041169007,00000380,false,Rx,0,8,00,00,00,00,00,00,00,00,
-1778190041168028,00000381,false,Rx,0,8,05,00,80,3F,00,00,00,00,
-1778190041149167,00000180,false,Rx,0,8,0D,00,01,00,00,00,00,00,
-1778190041148238,00000280,false,Rx,0,8,36,67,16,40,FC,B2,89,3D,
-1778190041147306,00000281,false,Rx,0,8,51,0B,DC,42,00,00,34,42,
-1778190041146280,00000380,false,Rx,0,8,00,00,00,00,00,00,00,00,
-1778190041145301,00000381,false,Rx,0,8,05,00,80,3F,00,00,00,00,
-1778190041126393,00000180,false,Rx,0,8,0D,00,01,00,00,00,00,00,
-1778190041125461,00000280,false,Rx,0,8,36,67,16,40,FC,B2,89,3D,
-1778190041124528,00000281,false,Rx,0,8,51,0B,DC,42,00,00,34,42,
-1778190041123503,00000380,false,Rx,0,8,00,00,00,00,00,00,00,00,
-1778190041122523,00000381,false,Rx,0,8,05,00,80,3F,00,00,00,00,
-1778190041105776,00000180,false,Rx,0,8,0D,00,01,00,00,00,00,00,
-1778190041104836,00000280,false,Rx,0,8,6F,F2,16,40,04,36,8B,3D,
-1778190041103903,00000281,false,Rx,0,8,51,0B,DC,42,00,00,34,42,
-1778190041102877,00000380,false,Rx,0,8,00,00,00,00,00,00,00,00,
-1778190041101899,00000381,false,Rx,0,8,05,00,80,3F,00,00,00,00,
-1778190041083053,00000180,false,Rx,0,8,0D,00,01,00,00,00,00,00,
-1778190041082112,00000280,false,Rx,0,8,6F,F2,16,40,04,36,8B,3D,
-1778190041081184,00000281,false,Rx,0,8,51,0B,DC,42,00,00,34,42,
-1778190041080155,00000380,false,Rx,0,8,00,00,00,00,00,00,00,00,
-1778190041079176,00000381,false,Rx,0,8,05,00,80,3F,00,00,00,00,
-1778190041062628,00000180,false,Rx,0,8,0D,00,01,00,00,00,00,00,
-1778190041061695,00000280,false,Rx,0,8,B2,76,17,40,FB,64,8A,3D,
-1778190041060767,00000281,false,Rx,0,8,51,0B,DC,42,00,00,34,42,
-1778190041059737,00000380,false,Rx,0,8,00,00,00,00,00,00,00,00,
-1778190041058758,00000381,false,Rx,0,8,05,00,80,3F,00,00,00,00,
-1778190041037482,00000180,false,Rx,0,8,0D,00,01,00,00,00,00,00,
-1778190041036553,00000280,false,Rx,0,8,B2,76,17,40,FB,64,8A,3D,
-1778190041035720,00000281,false,Rx,0,8,51,0B,DC,42,00,00,34,42,
-1778190041034694,00000380,false,Rx,0,8,00,00,00,00,00,00,00,00,
-1778190041033715,00000381,false,Rx,0,8,05,00,80,3F,00,00,00,00,
-1778190041016864,00000180,false,Rx,0,8,0D,00,01,00,00,00,00,00,
-1778190041016043,00000280,false,Rx,0,8,86,A6,15,40,1D,DF,8B,3D,
-1778190041015110,00000281,false,Rx,0,8,51,0B,DC,42,00,00,34,42,
-1778190041014082,00000380,false,Rx,0,8,00,00,00,00,00,00,00,00,
-1778190041013105,00000381,false,Rx,0,8,05,00,80,3F,00,00,00,00,
-1778190040996704,00000180,false,Rx,0,8,0D,00,01,00,00,00,00,00,
-1778190040995880,00000280,false,Rx,0,8,86,A6,15,40,1D,DF,8B,3D,
-1778190040994950,00000281,false,Rx,0,8,51,0B,DC,42,00,00,34,42,
-1778190040993923,00000380,false,Rx,0,8,00,00,00,00,00,00,00,00,
-1778190040992942,00000381,false,Rx,0,8,05,00,80,3F,00,00,00,00,
-1778190040974090,00000180,false,Rx,0,8,0D,00,01,00,00,00,00,00,
-1778190040973168,00000280,false,Rx,0,8,86,A6,15,40,1D,DF,8B,3D,
-1778190040972235,00000281,false,Rx,0,8,51,0B,DC,42,00,00,34,42,
-1778190040971210,00000380,false,Rx,0,8,00,00,00,00,00,00,00,00,
-1778190040970231,00000381,false,Rx,0,8,05,00,80,3F,00,00,00,00,
-1778190040953649,00000180,false,Rx,0,8,0D,00,01,00,00,00,00,00,
-1778190040952721,00000280,false,Rx,0,8,62,3B,16,40,43,E5,89,3D,
-1778190040951788,00000281,false,Rx,0,8,51,0B,DC,42,00,00,34,42,
-1778190040950762,00000380,false,Rx,0,8,00,00,00,00,00,00,00,00,
-1778190040949784,00000381,false,Rx,0,8,05,00,80,3F,00,00,00,00,
-1778190040930931,00000180,false,Rx,0,8,0D,00,01,00,00,00,00,00,
-1778190040929997,00000280,false,Rx,0,8,62,3B,16,40,43,E5,89,3D,
-1778190040929068,00000281,false,Rx,0,8,51,0B,DC,42,00,00,34,42,
-1778190040928040,00000380,false,Rx,0,8,00,00,00,00,00,00,00,00,
-1778190040927061,00000381,false,Rx,0,8,05,00,80,3F,00,00,00,00,
-1778190040910312,00000180,false,Rx,0,8,0D,00,01,00,00,00,00,00,
-1778190040909372,00000280,false,Rx,0,8,CC,C8,16,40,C8,65,8B,3D,
-1778190040908439,00000281,false,Rx,0,8,51,0B,DC,42,00,00,34,42,
-1778190040907415,00000380,false,Rx,0,8,00,00,00,00,00,00,00,00,
-1778190040906435,00000381,false,Rx,0,8,05,00,80,3F,00,00,00,00,
-1778190040885368,00000180,false,Rx,0,8,0D,00,01,00,00,00,00,00,
-1778190040884428,00000280,false,Rx,0,8,CC,C8,16,40,C8,65,8B,3D,
-1778190040883495,00000281,false,Rx,0,8,51,0B,DC,42,00,00,34,42,
-1778190040882470,00000380,false,Rx,0,8,00,00,00,00,00,00,00,00,
-1778190040881491,00000381,false,Rx,0,8,05,00,80,3F,00,00,00,00,
-1778190040862575,00000180,false,Rx,0,8,0D,00,01,00,00,00,00,00,
-1778190040861635,00000280,false,Rx,0,8,CC,C8,16,40,C8,65,8B,3D,
-1778190040860702,00000281,false,Rx,0,8,51,0B,DC,42,00,00,34,42,
-1778190040859676,00000380,false,Rx,0,8,00,00,00,00,00,00,00,00,
-1778190040858698,00000381,false,Rx,0,8,05,00,80,3F,00,00,00,00,
-1778190040841981,00000180,false,Rx,0,8,0D,00,01,00,00,00,00,00,
-1778190040841041,00000280,false,Rx,0,8,24,4F,17,40,00,72,89,3D,
-1778190040840107,00000281,false,Rx,0,8,51,0B,DC,42,00,00,34,42,
-1778190040839083,00000380,false,Rx,0,8,00,00,00,00,00,00,00,00,
-1778190040838104,00000381,false,Rx,0,8,05,00,80,3F,00,00,00,00,
-1778190040819234,00000180,false,Rx,0,8,0D,00,01,00,00,00,00,00,
-1778190040818294,00000280,false,Rx,0,8,24,4F,17,40,00,72,89,3D,
-1778190040817365,00000281,false,Rx,0,8,51,0B,DC,42,00,00,34,42,
-1778190040816438,00000380,false,Rx,0,8,00,00,00,00,00,00,00,00,
-1778190040815459,00000381,false,Rx,0,8,05,00,80,3F,00,00,00,00,
-1778190040798624,00000180,false,Rx,0,8,0D,00,01,00,00,00,00,00,
-1778190040797687,00000280,false,Rx,0,8,F2,80,15,40,48,F8,8A,3D,
-1778190040796755,00000281,false,Rx,0,8,51,0B,DC,42,00,00,34,42,
-1778190040795830,00000380,false,Rx,0,8,00,00,00,00,00,00,00,00,
-1778190040794847,00000381,false,Rx,0,8,05,00,80,3F,00,00,00,00,
-1778190040775980,00000180,false,Rx,0,8,0D,00,01,00,00,00,00,00,
-1778190040775041,00000280,false,Rx,0,8,F2,80,15,40,48,F8,8A,3D,
-1778190040774112,00000281,false,Rx,0,8,51,0B,DC,42,00,00,34,42,
-1778190040773082,00000380,false,Rx,0,8,00,00,00,00,00,00,00,00,
-1778190040772103,00000381,false,Rx,0,8,05,00,80,3F,00,00,00,00,
-1778190040755379,00000180,false,Rx,0,8,0D,00,01,00,00,00,00,00,
-1778190040754447,00000280,false,Rx,0,8,DC,C9,13,40,FA,09,89,3D,
-1778190040753518,00000281,false,Rx,0,8,51,0B,DC,42,00,00,34,42,
-1778190040752488,00000380,false,Rx,0,8,00,00,00,00,00,00,00,00,
-1778190040751510,00000381,false,Rx,0,8,05,00,80,3F,00,00,00,00,
-1778190040732649,00000180,false,Rx,0,8,0D,00,01,00,00,00,00,00,
-1778190040731719,00000280,false,Rx,0,8,DC,C9,13,40,FA,09,89,3D,
-1778190040730787,00000281,false,Rx,0,8,51,0B,DC,42,00,00,34,42,
-1778190040729762,00000380,false,Rx,0,8,00,00,00,00,00,00,00,00,
-1778190040728783,00000381,false,Rx,0,8,05,00,80,3F,00,00,00,00,
-1778190040707434,00000180,false,Rx,0,8,0D,00,01,00,00,00,00,00,
-1778190040706501,00000280,false,Rx,0,8,DC,C9,13,40,FA,09,89,3D,
-1778190040705573,00000281,false,Rx,0,8,51,0B,DC,42,00,00,34,42,
-1778190040704543,00000380,false,Rx,0,8,00,00,00,00,00,00,00,00,
-1778190040703564,00000381,false,Rx,0,8,05,00,80,3F,00,00,00,00,
-1778190040686840,00000180,false,Rx,0,8,0D,00,01,00,00,00,00,00,
-1778190040685923,00000280,false,Rx,0,8,8D,76,14,40,76,95,8A,3D,
-1778190040684994,00000281,false,Rx,0,8,51,0B,DC,42,00,00,34,42,
-1778190040683965,00000380,false,Rx,0,8,00,00,00,00,00,00,00,00,
-1778190040682986,00000381,false,Rx,0,8,05,00,80,3F,00,00,00,00,
-1778190040664120,00000180,false,Rx,0,8,0D,00,01,00,00,00,00,00,
-1778190040663203,00000280,false,Rx,0,8,8D,76,14,40,76,95,8A,3D,
-1778190040662275,00000281,false,Rx,0,8,51,0B,DC,42,00,00,34,42,
-1778190040661245,00000380,false,Rx,0,8,00,00,00,00,00,00,00,00,
-1778190040660266,00000381,false,Rx,0,8,05,00,80,3F,00,00,00,00,
-1778190040643696,00000180,false,Rx,0,8,0D,00,01,00,00,00,00,00,
-1778190040642763,00000280,false,Rx,0,8,C9,CC,12,40,74,CC,89,3D,
-1778190040641835,00000281,false,Rx,0,8,51,0B,DC,42,00,00,34,42,
-1778190040640806,00000380,false,Rx,0,8,00,00,00,00,00,00,00,00,
-1778190040639827,00000381,false,Rx,0,8,05,00,80,3F,00,00,00,00,
-1778190040620765,00000180,false,Rx,0,8,0D,00,01,00,00,00,00,00,
-1778190040619836,00000280,false,Rx,0,8,C9,CC,12,40,74,CC,89,3D,
-1778190040618904,00000281,false,Rx,0,8,51,0B,DC,42,00,00,34,42,
-1778190040617879,00000380,false,Rx,0,8,00,00,00,00,00,00,00,00,
-1778190040616899,00000381,false,Rx,0,8,05,00,80,3F,00,00,00,00,
-1778190040599947,00000180,false,Rx,0,8,0D,00,01,00,00,00,00,00,
-1778190040599026,00000280,false,Rx,0,8,4F,38,11,40,36,4E,8B,3D,
-1778190040598093,00000281,false,Rx,0,8,51,0B,DC,42,00,00,34,42,
-1778190040597068,00000380,false,Rx,0,8,00,00,00,00,00,00,00,00,
-1778190040595987,00000381,false,Rx,0,8,05,00,80,3F,00,00,00,00,
-1778190040577014,00000180,false,Rx,0,8,0D,00,01,00,00,00,00,00,
-1778190040575990,00000280,false,Rx,0,8,4F,38,11,40,36,4E,8B,3D,
-1778190040575060,00000281,false,Rx,0,8,51,0B,DC,42,00,00,34,42,
-1778190040574032,00000380,false,Rx,0,8,00,00,00,00,00,00,00,00,
-1778190040573051,00000381,false,Rx,0,8,05,00,80,3F,00,00,00,00,
-1778190040551518,00000180,false,Rx,0,8,0D,00,01,00,00,00,00,00,
-1778190040550597,00000280,false,Rx,0,8,4F,38,11,40,36,4E,8B,3D,
-1778190040549664,00000281,false,Rx,0,8,51,0B,DC,42,00,00,34,42,
-1778190040548640,00000380,false,Rx,0,8,00,00,00,00,00,00,00,00,
-1778190040547657,00000381,false,Rx,0,8,05,00,80,3F,00,00,00,00,
-1778190040530717,00000180,false,Rx,0,8,0D,00,01,00,00,00,00,00,
-1778190040529796,00000280,false,Rx,0,8,E1,05,12,40,F7,7B,8A,3D,
-1778190040528863,00000281,false,Rx,0,8,51,0B,DC,42,00,00,34,42,
-1778190040527838,00000380,false,Rx,0,8,00,00,00,00,00,00,00,00,
-1778190040526859,00000381,false,Rx,0,8,05,00,80,3F,00,00,00,00,
-1778190040507782,00000180,false,Rx,0,8,0D,00,01,00,00,00,00,00,
-1778190040506857,00000280,false,Rx,0,8,E1,05,12,40,F7,7B,8A,3D,
-1778190040505929,00000281,false,Rx,0,8,51,0B,DC,42,00,00,34,42,
-1778190040504899,00000380,false,Rx,0,8,00,00,00,00,00,00,00,00,
-1778190040503920,00000381,false,Rx,0,8,05,00,80,3F,00,00,00,00,
-1778190040486973,00000180,false,Rx,0,8,0D,00,01,00,00,00,00,00,
-1778190040486040,00000280,false,Rx,0,8,59,7B,10,40,F2,F4,8B,3D,
-1778190040485112,00000281,false,Rx,0,8,51,0B,DC,42,00,00,34,42,
-1778190040484082,00000380,false,Rx,0,8,00,00,00,00,00,00,00,00,
-1778190040483103,00000381,false,Rx,0,8,05,00,80,3F,00,00,00,00,
-1778190040464019,00000180,false,Rx,0,8,0D,00,01,00,00,00,00,00,
-1778190040463089,00000280,false,Rx,0,8,59,7B,10,40,F2,F4,8B,3D,
-1778190040462156,00000281,false,Rx,0,8,51,0B,DC,42,00,00,34,42,
-1778190040461128,00000380,false,Rx,0,8,00,00,00,00,00,00,00,00,
-1778190040460149,00000381,false,Rx,0,8,05,00,80,3F,00,00,00,00,
-1778190040443163,00000180,false,Rx,0,8,0D,00,01,00,00,00,00,00,
-1778190040442238,00000280,false,Rx,0,8,5E,52,11,40,5D,1A,8B,3D,
-1778190040441309,00000281,false,Rx,0,8,51,0B,DC,42,00,00,34,42,
-1778190040440280,00000380,false,Rx,0,8,00,00,00,00,00,00,00,00,
-1778190040439301,00000381,false,Rx,0,8,05,00,80,3F,00,00,00,00,
-1778190040422851,00000180,false,Rx,0,8,0D,00,01,00,00,00,00,00,
-1778190040421926,00000280,false,Rx,0,8,5E,52,11,40,5D,1A,8B,3D,
-1778190040420996,00000281,false,Rx,0,8,51,0B,DC,42,00,00,34,42,
-1778190040419967,00000380,false,Rx,0,8,00,00,00,00,00,00,00,00,
-1778190040418989,00000381,false,Rx,0,8,05,00,80,3F,00,00,00,00,
-1778190040397706,00000180,false,Rx,0,8,0D,00,01,00,00,00,00,00,
-1778190040396781,00000280,false,Rx,0,8,5E,52,11,40,5D,1A,8B,3D,
-1778190040395853,00000281,false,Rx,0,8,51,0B,DC,42,00,00,34,42,
-1778190040394823,00000380,false,Rx,0,8,00,00,00,00,00,00,00,00,
-1778190040393744,00000381,false,Rx,0,8,05,00,80,3F,00,00,00,00,
-1778190040376896,00000180,false,Rx,0,8,0D,00,01,00,00,00,00,00,
-1778190040375982,00000280,false,Rx,0,8,A2,1E,12,40,6D,8B,8C,3D,
-1778190040375049,00000281,false,Rx,0,8,51,0B,DC,42,00,00,34,42,
-1778190040373923,00000380,false,Rx,0,8,00,00,00,00,00,00,00,00,
-1778190040372942,00000381,false,Rx,0,8,05,00,80,3F,00,00,00,00,
-1778190040353850,00000180,false,Rx,0,8,0D,00,01,00,00,00,00,00,
-1778190040352935,00000280,false,Rx,0,8,A2,1E,12,40,6D,8B,8C,3D,
-1778190040352006,00000281,false,Rx,0,8,51,0B,DC,42,00,00,34,42,
-1778190040350976,00000380,false,Rx,0,8,00,00,00,00,00,00,00,00,
-1778190040349997,00000381,false,Rx,0,8,05,00,80,3F,00,00,00,00,
-1778190040333050,00000180,false,Rx,0,8,0D,00,01,00,00,00,00,00,
-1778190040332109,00000280,false,Rx,0,8,AF,E0,12,40,52,A9,8B,3D,
-1778190040331181,00000281,false,Rx,0,8,51,0B,DC,42,00,00,34,42,
-1778190040330151,00000380,false,Rx,0,8,00,00,00,00,00,00,00,00,
-1778190040329172,00000381,false,Rx,0,8,05,00,80,3F,00,00,00,00,
-1778190040310115,00000180,false,Rx,0,8,0D,00,01,00,00,00,00,00,
-1778190040309174,00000280,false,Rx,0,8,AF,E0,12,40,52,A9,8B,3D,
-1778190040308241,00000281,false,Rx,0,8,51,0B,DC,42,00,00,34,42,
-1778190040307216,00000380,false,Rx,0,8,00,00,00,00,00,00,00,00,
-1778190040306238,00000381,false,Rx,0,8,05,00,80,3F,00,00,00,00,
-1778190040287152,00000180,false,Rx,0,8,0D,00,01,00,00,00,00,00,
-1778190040286212,00000280,false,Rx,0,8,AF,E0,12,40,52,A9,8B,3D,
-1778190040285280,00000281,false,Rx,0,8,51,0B,DC,42,00,00,34,42,
-1778190040284254,00000380,false,Rx,0,8,00,00,00,00,00,00,00,00,
-1778190040283275,00000381,false,Rx,0,8,05,00,80,3F,00,00,00,00,
-1778190040266519,00000180,false,Rx,0,8,0D,00,01,00,00,00,00,00,
-1778190040265587,00000280,false,Rx,0,8,09,99,13,40,3C,13,8D,3D,
-1778190040264658,00000281,false,Rx,0,8,51,0B,DC,42,00,00,34,42,
-1778190040263629,00000380,false,Rx,0,8,00,00,00,00,00,00,00,00,
-1778190040262649,00000381,false,Rx,0,8,05,00,80,3F,00,00,00,00,
-1778190040241190,00000180,false,Rx,0,8,0D,00,01,00,00,00,00,00,
-1778190040240261,00000280,false,Rx,0,8,09,99,13,40,3C,13,8D,3D,
-1778190040239329,00000281,false,Rx,0,8,51,0B,DC,42,00,00,34,42,
-1778190040238299,00000380,false,Rx,0,8,00,00,00,00,00,00,00,00,
-1778190040237320,00000381,false,Rx,0,8,05,00,80,3F,00,00,00,00,
-1778190040220566,00000180,false,Rx,0,8,0D,00,01,00,00,00,00,00,
-1778190040219632,00000280,false,Rx,0,8,2B,48,14,40,56,2A,8C,3D,
-1778190040218704,00000281,false,Rx,0,8,51,0B,DC,42,00,00,34,42,
-1778190040217674,00000380,false,Rx,0,8,00,00,00,00,00,00,00,00,
-1778190040216695,00000381,false,Rx,0,8,05,00,80,3F,00,00,00,00,
-1778190040197654,00000180,false,Rx,0,8,0D,00,01,00,00,00,00,00,
-1778190040196720,00000280,false,Rx,0,8,2B,48,14,40,56,2A,8C,3D,
-1778190040195792,00000281,false,Rx,0,8,51,0B,DC,42,00,00,34,42,
-1778190040194763,00000380,false,Rx,0,8,00,00,00,00,00,00,00,00,
-1778190040193784,00000381,false,Rx,0,8,05,00,80,3F,00,00,00,00,
-1778190040177019,00000180,false,Rx,0,8,0D,00,01,00,00,00,00,00,
-1778190040176098,00000280,false,Rx,0,8,8B,EE,14,40,CD,8D,8D,3D,
-1778190040175166,00000281,false,Rx,0,8,51,0B,DC,42,00,00,34,42,
-1778190040174140,00000380,false,Rx,0,8,00,00,00,00,00,00,00,00,
-1778190040173161,00000381,false,Rx,0,8,05,00,80,3F,00,00,00,00,
-1778190040154093,00000180,false,Rx,0,8,0D,00,01,00,00,00,00,00,
-1778190040153168,00000280,false,Rx,0,8,8B,EE,14,40,CD,8D,8D,3D,
-1778190040152138,00000281,false,Rx,0,8,51,0B,DC,42,00,00,34,42,
-1778190040151109,00000380,false,Rx,0,8,00,00,00,00,00,00,00,00,
-1778190040150129,00000381,false,Rx,0,8,05,00,80,3F,00,00,00,00,
-1778190040131021,00000180,false,Rx,0,8,0D,00,01,00,00,00,00,00,
-1778190040130099,00000280,false,Rx,0,8,8B,EE,14,40,CD,8D,8D,3D,
-1778190040129166,00000281,false,Rx,0,8,51,0B,DC,42,00,00,34,42,
-1778190040128142,00000380,false,Rx,0,8,00,00,00,00,00,00,00,00,
-1778190040127163,00000381,false,Rx,0,8,05,00,80,3F,00,00,00,00,
-1778190040110187,00000180,false,Rx,0,8,0D,00,01,00,00,00,00,00,
-1778190040109259,00000280,false,Rx,0,8,9A,8C,15,40,6A,7E,8B,3D,
-1778190040108326,00000281,false,Rx,0,8,51,0B,DC,42,00,00,34,42,
-1778190040107300,00000380,false,Rx,0,8,00,00,00,00,00,00,00,00,
-1778190040106321,00000381,false,Rx,0,8,05,00,80,3F,00,00,00,00,
-1778190040087260,00000180,false,Rx,0,8,0D,00,01,00,00,00,00,00,
-1778190040086327,00000280,false,Rx,0,8,9A,8C,15,40,6A,7E,8B,3D,
-1778190040085399,00000281,false,Rx,0,8,51,0B,DC,42,00,00,34,42,
-1778190040084370,00000380,false,Rx,0,8,00,00,00,00,00,00,00,00,
-1778190040083390,00000381,false,Rx,0,8,05,00,80,3F,00,00,00,00,
-1778190040064043,00000180,false,Rx,0,8,0D,00,01,00,00,00,00,00,
-1778190040063126,00000280,false,Rx,0,8,C2,22,16,40,66,89,89,3D,
-1778190040062197,00000281,false,Rx,0,8,51,0B,DC,42,00,00,34,42,
-1778190040061168,00000380,false,Rx,0,8,00,00,00,00,00,00,00,00,
-1778190040060189,00000381,false,Rx,0,8,05,00,80,3F,00,00,00,00,
-1778190040041096,00000180,false,Rx,0,8,0D,00,01,00,00,00,00,00,
-1778190040040183,00000280,false,Rx,0,8,C2,22,16,40,66,89,89,3D,
-1778190040039250,00000281,false,Rx,0,8,51,0B,DC,42,00,00,34,42,
-1778190040038225,00000380,false,Rx,0,8,00,00,00,00,00,00,00,00,
-1778190040037246,00000381,false,Rx,0,8,05,00,80,3F,00,00,00,00,
-1778190040020287,00000180,false,Rx,0,8,0D,00,01,00,00,00,00,00,
-1778190040019350,00000280,false,Rx,0,8,67,B1,16,40,82,0E,8B,3D,
-1778190040018416,00000281,false,Rx,0,8,51,0B,DC,42,00,00,34,42,
-1778190040017392,00000380,false,Rx,0,8,00,00,00,00,00,00,00,00,
-1778190040016413,00000381,false,Rx,0,8,05,00,80,3F,00,00,00,00,
-1778190039999920,00000180,false,Rx,0,8,0D,00,01,00,00,00,00,00,
-1778190039998979,00000280,false,Rx,0,8,67,B1,16,40,82,0E,8B,3D,
-1778190039998050,00000281,false,Rx,0,8,51,0B,DC,42,00,00,34,42,
-1778190039997022,00000380,false,Rx,0,8,00,00,00,00,00,00,00,00,
-1778190039996043,00000381,false,Rx,0,8,05,00,80,3F,00,00,00,00,
-1778190039976989,00000180,false,Rx,0,8,0D,00,01,00,00,00,00,00,
-1778190039976049,00000280,false,Rx,0,8,67,B1,16,40,82,0E,8B,3D,
-1778190039975120,00000281,false,Rx,0,8,51,0B,DC,42,00,00,34,42,
-1778190039974091,00000380,false,Rx,0,8,00,00,00,00,00,00,00,00,
-1778190039973112,00000381,false,Rx,0,8,05,00,80,3F,00,00,00,00,
-1778190039956171,00000180,false,Rx,0,8,0D,00,01,00,00,00,00,00,
-1778190039955238,00000280,false,Rx,0,8,EA,38,17,40,16,1F,89,3D,
-1778190039954310,00000281,false,Rx,0,8,51,0B,DC,42,00,00,34,42,
-1778190039953281,00000380,false,Rx,0,8,00,00,00,00,00,00,00,00,
-1778190039952301,00000381,false,Rx,0,8,05,00,80,3F,00,00,00,00,
-1778190039933252,00000180,false,Rx,0,8,0D,00,01,00,00,00,00,00,
-1778190039932320,00000280,false,Rx,0,8,EA,38,17,40,16,1F,89,3D,
-1778190039931390,00000281,false,Rx,0,8,51,0B,DC,42,00,00,34,42,
-1778190039930261,00000380,false,Rx,0,8,00,00,00,00,00,00,00,00,
-1778190039929284,00000381,false,Rx,0,8,05,00,80,3F,00,00,00,00,
-1778190039910118,00000180,false,Rx,0,8,0D,00,01,00,00,00,00,00,
-1778190039909184,00000280,false,Rx,0,8,A7,B9,17,40,83,A9,8A,3D,
-1778190039908253,00000281,false,Rx,0,8,51,0B,DC,42,00,00,34,42,
-1778190039907228,00000380,false,Rx,0,8,00,00,00,00,00,00,00,00,
-1778190039906250,00000381,false,Rx,0,8,05,00,80,3F,00,00,00,00,
-1778190039887181,00000180,false,Rx,0,8,0D,00,01,00,00,00,00,00,
-1778190039886248,00000280,false,Rx,0,8,A7,B9,17,40,83,A9,8A,3D,
-1778190039885319,00000281,false,Rx,0,8,51,0B,DC,42,00,00,34,42,
-1778190039884290,00000380,false,Rx,0,8,00,00,00,00,00,00,00,00,
-1778190039883311,00000381,false,Rx,0,8,05,00,80,3F,00,00,00,00,
-1778190039864202,00000180,false,Rx,0,8,0D,00,01,00,00,00,00,00,
-1778190039863273,00000280,false,Rx,0,8,A7,B9,17,40,83,A9,8A,3D,
-1778190039862341,00000281,false,Rx,0,8,51,0B,DC,42,00,00,34,42,
-1778190039861311,00000380,false,Rx,0,8,00,00,00,00,00,00,00,00,
-1778190039860333,00000381,false,Rx,0,8,05,00,80,3F,00,00,00,00,
-1778190039843392,00000180,false,Rx,0,8,0D,00,01,00,00,00,00,00,
-1778190039842452,00000280,false,Rx,0,8,F4,33,18,40,25,BF,88,3D,
-1778190039841523,00000281,false,Rx,0,8,51,0B,DC,42,00,00,34,42,
-1778190039840493,00000380,false,Rx,0,8,00,00,00,00,00,00,00,00,
-1778190039839515,00000381,false,Rx,0,8,05,00,80,3F,00,00,00,00,
-1778190039820446,00000180,false,Rx,0,8,0D,00,01,00,00,00,00,00,
-1778190039819505,00000280,false,Rx,0,8,F4,33,18,40,25,BF,88,3D,
-1778190039818577,00000281,false,Rx,0,8,51,0B,DC,42,00,00,34,42,
-1778190039817548,00000380,false,Rx,0,8,00,00,00,00,00,00,00,00,
-1778190039816571,00000381,false,Rx,0,8,05,00,80,3F,00,00,00,00,
-1778190039799643,00000180,false,Rx,0,8,0D,00,01,00,00,00,00,00,
-1778190039798715,00000280,false,Rx,0,8,24,A8,18,40,5E,4E,8A,3D,
-1778190039797781,00000281,false,Rx,0,8,51,0B,DC,42,00,00,34,42,
-1778190039796756,00000380,false,Rx,0,8,00,00,00,00,00,00,00,00,
-1778190039795778,00000381,false,Rx,0,8,05,00,80,3F,00,00,00,00,
-1778190039776708,00000180,false,Rx,0,8,0D,00,01,00,00,00,00,00,
-1778190039775779,00000280,false,Rx,0,8,24,A8,18,40,5E,4E,8A,3D,
-1778190039774847,00000281,false,Rx,0,8,51,0B,DC,42,00,00,34,42,
-1778190039773817,00000380,false,Rx,0,8,00,00,00,00,00,00,00,00,
-1778190039772838,00000381,false,Rx,0,8,05,00,80,3F,00,00,00,00,
-1778190039753483,00000180,false,Rx,0,8,0D,00,01,00,00,00,00,00,
-1778190039752566,00000280,false,Rx,0,8,85,16,19,40,EA,88,89,3D,
-1778190039751637,00000281,false,Rx,0,8,51,0B,DC,42,00,00,34,42,
-1778190039750607,00000380,false,Rx,0,8,00,00,00,00,00,00,00,00,
-1778190039749629,00000381,false,Rx,0,8,05,00,80,3F,00,00,00,00,
-1778190039730545,00000180,false,Rx,0,8,0D,00,01,00,00,00,00,00,
-1778190039729628,00000280,false,Rx,0,8,85,16,19,40,EA,88,89,3D,
-1778190039728597,00000281,false,Rx,0,8,51,0B,DC,42,00,00,34,42,
-1778190039727571,00000380,false,Rx,0,8,00,00,00,00,00,00,00,00,
-1778190039726592,00000381,false,Rx,0,8,05,00,80,3F,00,00,00,00,
-1778190039707452,00000180,false,Rx,0,8,0D,00,01,00,00,00,00,00,
-1778190039706535,00000280,false,Rx,0,8,85,16,19,40,EA,88,89,3D,
-1778190039705606,00000281,false,Rx,0,8,51,0B,DC,42,00,00,34,42,
-1778190039704577,00000380,false,Rx,0,8,00,00,00,00,00,00,00,00,
-1778190039703598,00000381,false,Rx,0,8,05,00,80,3F,00,00,00,00,
-1778190039686657,00000180,false,Rx,0,8,0D,00,01,00,00,00,00,00,
-1778190039685709,00000280,false,Rx,0,8,61,7F,19,40,0D,0E,8B,3D,
-1778190039684777,00000281,false,Rx,0,8,51,0B,DC,42,00,00,34,42,
-1778190039683751,00000380,false,Rx,0,8,00,00,00,00,00,00,00,00,
-1778190039682772,00000381,false,Rx,0,8,05,00,80,3F,00,00,00,00,
-1778190039663725,00000180,false,Rx,0,8,0D,00,01,00,00,00,00,00,
-1778190039662781,00000280,false,Rx,0,8,61,7F,19,40,0D,0E,8B,3D,
-1778190039661848,00000281,false,Rx,0,8,51,0B,DC,42,00,00,34,42,
-1778190039660820,00000380,false,Rx,0,8,00,00,00,00,00,00,00,00,
-1778190039659844,00000381,false,Rx,0,8,05,00,80,3F,00,00,00,00,
-1778190039642900,00000180,false,Rx,0,8,0D,00,01,00,00,00,00,00,
-1778190039641979,00000280,false,Rx,0,8,FE,E2,19,40,A7,1E,89,3D,
-1778190039641046,00000281,false,Rx,0,8,51,0B,DC,42,00,00,34,42,
-1778190039640021,00000380,false,Rx,0,8,00,00,00,00,00,00,00,00,
-1778190039639042,00000381,false,Rx,0,8,05,00,80,3F,00,00,00,00,
-1778190039619981,00000180,false,Rx,0,8,0D,00,01,00,00,00,00,00,
-1778190039619055,00000280,false,Rx,0,8,FE,E2,19,40,A7,1E,89,3D,
-1778190039618126,00000281,false,Rx,0,8,51,0B,DC,42,00,00,34,42,
-1778190039617098,00000380,false,Rx,0,8,00,00,00,00,00,00,00,00,
-1778190039616119,00000381,false,Rx,0,8,05,00,80,3F,00,00,00,00,
-1778190039599555,00000180,false,Rx,0,8,0D,00,01,00,00,00,00,00,
-1778190039598630,00000280,false,Rx,0,8,A1,41,1A,40,1A,A9,8A,3D,
-1778190039597701,00000281,false,Rx,0,8,51,0B,DC,42,00,00,34,42,
-1778190039596672,00000380,false,Rx,0,8,00,00,00,00,00,00,00,00,
-1778190039595693,00000381,false,Rx,0,8,05,00,80,3F,00,00,00,00,
-1778190039574417,00000180,false,Rx,0,8,0D,00,01,00,00,00,00,00,
-1778190039573492,00000280,false,Rx,0,8,A1,41,1A,40,1A,A9,8A,3D,
-1778190039572563,00000281,false,Rx,0,8,51,0B,DC,42,00,00,34,42,
-1778190039571535,00000380,false,Rx,0,8,00,00,00,00,00,00,00,00,
-1778190039570555,00000381,false,Rx,0,8,05,00,80,3F,00,00,00,00,
-1778190039551647,00000180,false,Rx,0,8,0D,00,01,00,00,00,00,00,
-1778190039550722,00000280,false,Rx,0,8,A1,41,1A,40,1A,A9,8A,3D,
-1778190039549793,00000281,false,Rx,0,8,51,0B,DC,42,00,00,34,42,
-1778190039548764,00000380,false,Rx,0,8,00,00,00,00,00,00,00,00,
-1778190039547884,00000381,false,Rx,0,8,05,00,80,3F,00,00,00,00,
-1778190039531026,00000180,false,Rx,0,8,0D,00,01,00,00,00,00,00,
-1778190039530105,00000280,false,Rx,0,8,88,9B,1A,40,1D,DF,89,3D,
-1778190039529173,00000281,false,Rx,0,8,51,0B,DC,42,00,00,34,42,
-1778190039528246,00000380,false,Rx,0,8,00,00,00,00,00,00,00,00,
-1778190039527267,00000381,false,Rx,0,8,05,00,80,3F,00,00,00,00,
-1778190039508406,00000180,false,Rx,0,8,0D,00,01,00,00,00,00,00,
-1778190039507484,00000280,false,Rx,0,8,88,9B,1A,40,1D,DF,89,3D,
-1778190039506553,00000281,false,Rx,0,8,51,0B,DC,42,00,00,34,42,
-1778190039505524,00000380,false,Rx,0,8,00,00,00,00,00,00,00,00,
-1778190039504545,00000381,false,Rx,0,8,05,00,80,3F,00,00,00,00,
-1778190039487973,00000180,false,Rx,0,8,0D,00,01,00,00,00,00,00,
-1778190039487017,00000280,false,Rx,0,8,F1,F0,1A,40,F0,5F,8B,3D,
-1778190039486087,00000281,false,Rx,0,8,51,0B,DC,42,00,00,34,42,
-1778190039485062,00000380,false,Rx,0,8,00,00,00,00,00,00,00,00,
-1778190039484082,00000381,false,Rx,0,8,05,00,80,3F,00,00,00,00,
-1778190039465244,00000180,false,Rx,0,8,0D,00,01,00,00,00,00,00,
-1778190039464291,00000280,false,Rx,0,8,F1,F0,1A,40,F0,5F,8B,3D,
-1778190039463358,00000281,false,Rx,0,8,51,0B,DC,42,00,00,34,42,
-1778190039462330,00000380,false,Rx,0,8,00,00,00,00,00,00,00,00,
-1778190039461350,00000381,false,Rx,0,8,05,00,80,3F,00,00,00,00,
-1778190039444634,00000180,false,Rx,0,8,0D,00,01,00,00,00,00,00,
-1778190039443713,00000280,false,Rx,0,8,14,42,1B,40,72,6C,89,3D,
-1778190039442780,00000281,false,Rx,0,8,51,0B,DC,42,00,00,34,42,
-1778190039441750,00000380,false,Rx,0,8,00,00,00,00,00,00,00,00,
-1778190039440772,00000381,false,Rx,0,8,05,00,80,3F,00,00,00,00,
-1778190039422049,00000180,false,Rx,0,8,0D,00,01,00,00,00,00,00,
-1778190039421124,00000280,false,Rx,0,8,14,42,1B,40,72,6C,89,3D,
-1778190039420195,00000281,false,Rx,0,8,51,0B,DC,42,00,00,34,42,
-1778190039419166,00000380,false,Rx,0,8,00,00,00,00,00,00,00,00,
-1778190039418188,00000381,false,Rx,0,8,05,00,80,3F,00,00,00,00,
-1778190039399314,00000180,false,Rx,0,8,0D,00,01,00,00,00,00,00,
-1778190039398389,00000280,false,Rx,0,8,14,42,1B,40,72,6C,89,3D,
-1778190039397459,00000281,false,Rx,0,8,51,0B,DC,42,00,00,34,42,
-1778190039396431,00000380,false,Rx,0,8,00,00,00,00,00,00,00,00,
-1778190039395452,00000381,false,Rx,0,8,05,00,80,3F,00,00,00,00,
-1778190039378692,00000180,false,Rx,0,8,0D,00,01,00,00,00,00,00,
-1778190039377756,00000280,false,Rx,0,8,56,41,19,40,01,F3,8A,3D,
-1778190039376823,00000281,false,Rx,0,8,51,0B,DC,42,00,00,34,42,
-1778190039375797,00000380,false,Rx,0,8,00,00,00,00,00,00,00,00,
-1778190039374819,00000381,false,Rx,0,8,05,00,80,3F,00,00,00,00,
-1778190039355972,00000180,false,Rx,0,8,0D,00,01,00,00,00,00,00,
-1778190039355032,00000280,false,Rx,0,8,56,41,19,40,01,F3,8A,3D,
-1778190039354103,00000281,false,Rx,0,8,51,0B,DC,42,00,00,34,42,
-1778190039353073,00000380,false,Rx,0,8,00,00,00,00,00,00,00,00,
-1778190039352095,00000381,false,Rx,0,8,05,00,80,3F,00,00,00,00,
-1778190039335355,00000180,false,Rx,0,8,0D,00,01,00,00,00,00,00,
-1778190039334414,00000280,false,Rx,0,8,3B,5A,17,40,F6,04,89,3D,
-1778190039333485,00000281,false,Rx,0,8,51,0B,DC,42,00,00,34,42,
-1778190039332457,00000380,false,Rx,0,8,00,00,00,00,00,00,00,00,
-1778190039331478,00000381,false,Rx,0,8,05,00,80,3F,00,00,00,00,
-1778190039312619,00000180,false,Rx,0,8,0D,00,01,00,00,00,00,00,
-1778190039311679,00000280,false,Rx,0,8,3B,5A,17,40,F6,04,89,3D,
-1778190039310751,00000281,false,Rx,0,8,51,0B,DC,42,00,00,34,42,
-1778190039309721,00000380,false,Rx,0,8,00,00,00,00,00,00,00,00,
-1778190039308742,00000381,false,Rx,0,8,05,00,80,3F,00,00,00,00,
-1778190039289840,00000180,false,Rx,0,8,0D,00,01,00,00,00,00,00,
-1778190039288903,00000280,false,Rx,0,8,3B,5A,17,40,F6,04,89,3D,
-1778190039288072,00000281,false,Rx,0,8,51,0B,DC,42,00,00,34,42,
-1778190039287042,00000380,false,Rx,0,8,00,00,00,00,00,00,00,00,
-1778190039286063,00000381,false,Rx,0,8,05,00,80,3F,00,00,00,00,
-1778190039267116,00000180,false,Rx,0,8,0D,00,01,00,00,00,00,00,
-1778190039266198,00000280,false,Rx,0,8,4E,D9,17,40,B2,90,8A,3D,
-1778190039265269,00000281,false,Rx,0,8,51,0B,DC,42,00,00,34,42,
-1778190039264243,00000380,false,Rx,0,8,00,00,00,00,00,00,00,00,
-1778190039263264,00000381,false,Rx,0,8,05,00,80,3F,00,00,00,00,
-1778190039244395,00000180,false,Rx,0,8,0D,00,01,00,00,00,00,00,
-1778190039243478,00000280,false,Rx,0,8,4E,D9,17,40,B2,90,8A,3D,
-1778190039242549,00000281,false,Rx,0,8,51,0B,DC,42,00,00,34,42,
-1778190039241521,00000380,false,Rx,0,8,00,00,00,00,00,00,00,00,
-1778190039240541,00000381,false,Rx,0,8,05,00,80,3F,00,00,00,00,
-1778190039223967,00000180,false,Rx,0,8,0D,00,01,00,00,00,00,00,
-1778190039223038,00000280,false,Rx,0,8,06,52,18,40,ED,C7,89,3D,
-1778190039222106,00000281,false,Rx,0,8,51,0B,DC,42,00,00,34,42,
-1778190039221081,00000380,false,Rx,0,8,00,00,00,00,00,00,00,00,
-1778190039220101,00000381,false,Rx,0,8,05,00,80,3F,00,00,00,00,
-1778190039201240,00000180,false,Rx,0,8,0D,00,01,00,00,00,00,00,
-1778190039200307,00000280,false,Rx,0,8,06,52,18,40,ED,C7,89,3D,
-1778190039199378,00000281,false,Rx,0,8,51,0B,DC,42,00,00,34,42,
-1778190039198349,00000380,false,Rx,0,8,00,00,00,00,00,00,00,00,
-1778190039197370,00000381,false,Rx,0,8,05,00,80,3F,00,00,00,00,
-1778190039180622,00000180,false,Rx,0,8,0D,00,01,00,00,00,00,00,
-1778190039179690,00000280,false,Rx,0,8,B5,C4,18,40,E9,49,8B,3D,
-1778190039178761,00000281,false,Rx,0,8,51,0B,DC,42,00,00,34,42,
-1778190039177731,00000380,false,Rx,0,8,00,00,00,00,00,00,00,00,
-1778190039176753,00000381,false,Rx,0,8,05,00,80,3F,00,00,00,00,
-1778190039157910,00000180,false,Rx,0,8,0D,00,01,00,00,00,00,00,
-1778190039156978,00000280,false,Rx,0,8,B5,C4,18,40,E9,49,8B,3D,
-1778190039156048,00000281,false,Rx,0,8,51,0B,DC,42,00,00,34,42,
-1778190039155020,00000380,false,Rx,0,8,00,00,00,00,00,00,00,00,
-1778190039154041,00000381,false,Rx,0,8,05,00,80,3F,00,00,00,00,
-1778190039135319,00000180,false,Rx,0,8,0D,00,01,00,00,00,00,00,
-1778190039134385,00000280,false,Rx,0,8,B5,C4,18,40,E9,49,8B,3D,
-1778190039133453,00000281,false,Rx,0,8,51,0B,DC,42,00,00,34,42,
-1778190039132428,00000380,false,Rx,0,8,00,00,00,00,00,00,00,00,
-1778190039131449,00000381,false,Rx,0,8,05,00,80,3F,00,00,00,00,
-1778190039112290,00000180,false,Rx,0,8,0D,00,01,00,00,00,00,00,
-1778190039111357,00000280,false,Rx,0,8,A8,31,19,40,86,57,89,3D,
-1778190039110429,00000281,false,Rx,0,8,51,0B,DC,42,00,00,34,42,
-1778190039109403,00000380,false,Rx,0,8,00,00,00,00,00,00,00,00,
-1778190039108522,00000381,false,Rx,0,8,05,00,80,3F,00,00,00,00,
-1778190039089551,00000180,false,Rx,0,8,0D,00,01,00,00,00,00,00,
-1778190039088722,00000280,false,Rx,0,8,A8,31,19,40,86,57,89,3D,
-1778190039087789,00000281,false,Rx,0,8,51,0B,DC,42,00,00,34,42,
-1778190039086762,00000380,false,Rx,0,8,00,00,00,00,00,00,00,00,
-1778190039085785,00000381,false,Rx,0,8,05,00,80,3F,00,00,00,00,
-1778190039069042,00000180,false,Rx,0,8,0D,00,01,00,00,00,00,00,
-1778190039068110,00000280,false,Rx,0,8,29,99,19,40,21,DF,8A,3D,
-1778190039067181,00000281,false,Rx,0,8,51,0B,DC,42,00,00,34,42,
-1778190039066152,00000380,false,Rx,0,8,00,00,00,00,00,00,00,00,
-1778190039065174,00000381,false,Rx,0,8,05,00,80,3F,00,00,00,00,
-1778190039046305,00000180,false,Rx,0,8,0D,00,01,00,00,00,00,00,
-1778190039045372,00000280,false,Rx,0,8,29,99,19,40,21,DF,8A,3D,
-1778190039044444,00000281,false,Rx,0,8,51,0B,DC,42,00,00,34,42,
-1778190039043415,00000380,false,Rx,0,8,00,00,00,00,00,00,00,00,
-1778190039042435,00000381,false,Rx,0,8,05,00,80,3F,00,00,00,00,
-1778190039025688,00000180,false,Rx,0,8,0D,00,01,00,00,00,00,00,
-1778190039024732,00000280,false,Rx,0,8,7D,FB,19,40,70,12,8A,3D,
-1778190039023803,00000281,false,Rx,0,8,51,0B,DC,42,00,00,34,42,
-1778190039022774,00000380,false,Rx,0,8,00,00,00,00,00,00,00,00,
-1778190039021795,00000381,false,Rx,0,8,05,00,80,3F,00,00,00,00,
-1778190039002960,00000180,false,Rx,0,8,0D,00,01,00,00,00,00,00,
-1778190039002004,00000280,false,Rx,0,8,7D,FB,19,40,70,12,8A,3D,
-1778190039001075,00000281,false,Rx,0,8,51,0B,DC,42,00,00,34,42,
-1778190039000047,00000380,false,Rx,0,8,00,00,00,00,00,00,00,00,
-1778190038999067,00000381,false,Rx,0,8,05,00,80,3F,00,00,00,00,
-1778190038980199,00000180,false,Rx,0,8,0D,00,01,00,00,00,00,00,
-1778190038979243,00000280,false,Rx,0,8,7D,FB,19,40,70,12,8A,3D,
-1778190038978311,00000281,false,Rx,0,8,51,0B,DC,42,00,00,34,42,
-1778190038977285,00000380,false,Rx,0,8,00,00,00,00,00,00,00,00,
-1778190038976306,00000381,false,Rx,0,8,05,00,80,3F,00,00,00,00,
-1778190038959574,00000180,false,Rx,0,8,0D,00,01,00,00,00,00,00,
-1778190038958632,00000280,false,Rx,0,8,E6,58,1A,40,B2,90,8B,3D,
-1778190038957704,00000281,false,Rx,0,8,51,0B,DC,42,00,00,34,42,
-1778190038956675,00000380,false,Rx,0,8,00,00,00,00,00,00,00,00,
-1778190038955696,00000381,false,Rx,0,8,05,00,80,3F,00,00,00,00,
-1778190038934428,00000180,false,Rx,0,8,0D,00,01,00,00,00,00,00,
-1778190038933488,00000280,false,Rx,0,8,E6,58,1A,40,B2,90,8B,3D,
-1778190038932559,00000281,false,Rx,0,8,51,0B,DC,42,00,00,34,42,
-1778190038931530,00000380,false,Rx,0,8,00,00,00,00,00,00,00,00,
-1778190038930551,00000381,false,Rx,0,8,05,00,80,3F,00,00,00,00,
-1778190038913811,00000180,false,Rx,0,8,0D,00,01,00,00,00,00,00,
-1778190038912894,00000280,false,Rx,0,8,A3,B1,1A,40,C4,9A,89,3D,
-1778190038911964,00000281,false,Rx,0,8,51,0B,DC,42,00,00,34,42,
-1778190038910935,00000380,false,Rx,0,8,00,00,00,00,00,00,00,00,
-1778190038909957,00000381,false,Rx,0,8,05,00,80,3F,00,00,00,00,
-1778190038891087,00000180,false,Rx,0,8,0D,00,01,00,00,00,00,00,
-1778190038890174,00000280,false,Rx,0,8,A3,B1,1A,40,C4,9A,89,3D,
-1778190038889342,00000281,false,Rx,0,8,51,0B,DC,42,00,00,34,42,
-1778190038888317,00000380,false,Rx,0,8,00,00,00,00,00,00,00,00,
-1778190038887337,00000381,false,Rx,0,8,05,00,80,3F,00,00,00,00,
-1778190038870657,00000180,false,Rx,0,8,0D,00,01,00,00,00,00,00,
-1778190038869716,00000280,false,Rx,0,8,F1,05,1B,40,02,1F,8B,3D,
-1778190038868887,00000281,false,Rx,0,8,51,0B,DC,42,00,00,34,42,
-1778190038867861,00000380,false,Rx,0,8,00,00,00,00,00,00,00,00,
-1778190038866882,00000381,false,Rx,0,8,05,00,80,3F,00,00,00,00,
-1778190038850490,00000180,false,Rx,0,8,0D,00,01,00,00,00,00,00,
-1778190038849550,00000280,false,Rx,0,8,F1,05,1B,40,02,1F,8B,3D,
-1778190038848721,00000281,false,Rx,0,8,51,0B,DC,42,00,00,34,42,
-1778190038847691,00000380,false,Rx,0,8,00,00,00,00,00,00,00,00,
-1778190038846712,00000381,false,Rx,0,8,05,00,80,3F,00,00,00,00,
-1778190038827870,00000180,false,Rx,0,8,0D,00,01,00,00,00,00,00,
-1778190038826929,00000280,false,Rx,0,8,F1,05,1B,40,02,1F,8B,3D,
-1778190038825996,00000281,false,Rx,0,8,51,0B,DC,42,00,00,34,42,
-1778190038824971,00000380,false,Rx,0,8,00,00,00,00,00,00,00,00,
-1778190038823992,00000381,false,Rx,0,8,05,00,80,3F,00,00,00,00,
-1778190038807251,00000180,false,Rx,0,8,0D,00,01,00,00,00,00,00,
-1778190038806303,00000280,false,Rx,0,8,35,08,19,40,D6,8F,8C,3D,
-1778190038805371,00000281,false,Rx,0,8,51,0B,DC,42,00,00,34,42,
-1778190038804346,00000380,false,Rx,0,8,00,00,00,00,00,00,00,00,
-1778190038803366,00000381,false,Rx,0,8,05,00,80,3F,00,00,00,00,
-1778190038782279,00000180,false,Rx,0,8,0D,00,01,00,00,00,00,00,
-1778190038781335,00000280,false,Rx,0,8,35,08,19,40,D6,8F,8C,3D,
-1778190038780403,00000281,false,Rx,0,8,51,0B,DC,42,00,00,34,42,
-1778190038779378,00000380,false,Rx,0,8,00,00,00,00,00,00,00,00,
-1778190038778398,00000381,false,Rx,0,8,05,00,80,3F,00,00,00,00,
-1778190038761697,00000180,false,Rx,0,8,0D,00,01,00,00,00,00,00,
-1778190038760779,00000280,false,Rx,0,8,C8,71,19,40,26,8D,8A,3D,
-1778190038759851,00000281,false,Rx,0,8,51,0B,DC,42,00,00,34,42,
-1778190038758822,00000380,false,Rx,0,8,00,00,00,00,00,00,00,00,
-1778190038757842,00000381,false,Rx,0,8,05,00,80,3F,00,00,00,00,
-1778190038738959,00000180,false,Rx,0,8,0D,00,01,00,00,00,00,00,
-1778190038738042,00000280,false,Rx,0,8,C8,71,19,40,26,8D,8A,3D,
-1778190038737113,00000281,false,Rx,0,8,51,0B,DC,42,00,00,34,42,
-1778190038736083,00000380,false,Rx,0,8,00,00,00,00,00,00,00,00,
-1778190038735105,00000381,false,Rx,0,8,05,00,80,3F,00,00,00,00,
-1778190038716182,00000180,false,Rx,0,8,0D,00,01,00,00,00,00,00,
-1778190038715269,00000280,false,Rx,0,8,C8,71,19,40,26,8D,8A,3D,
-1778190038714335,00000281,false,Rx,0,8,51,0B,DC,42,00,00,34,42,
-1778190038713310,00000380,false,Rx,0,8,00,00,00,00,00,00,00,00,
-1778190038712332,00000381,false,Rx,0,8,05,00,80,3F,00,00,00,00,
-1778190038695564,00000180,false,Rx,0,8,0D,00,01,00,00,00,00,00,
-1778190038694635,00000280,false,Rx,0,8,14,D6,19,40,46,05,8C,3D,
-1778190038693703,00000281,false,Rx,0,8,51,0B,DC,42,00,00,34,42,
-1778190038692678,00000380,false,Rx,0,8,00,00,00,00,00,00,00,00,
-1778190038691699,00000381,false,Rx,0,8,05,00,80,3F,00,00,00,00,
-1778190038672830,00000180,false,Rx,0,8,0D,00,01,00,00,00,00,00,
-1778190038671898,00000280,false,Rx,0,8,14,D6,19,40,46,05,8C,3D,
-1778190038670965,00000281,false,Rx,0,8,51,0B,DC,42,00,00,34,42,
-1778190038669940,00000380,false,Rx,0,8,00,00,00,00,00,00,00,00,
-1778190038669058,00000381,false,Rx,0,8,05,00,80,3F,00,00,00,00,
-1778190038652209,00000180,false,Rx,0,8,0D,00,01,00,00,00,00,00,
-1778190038651288,00000280,false,Rx,0,8,5C,35,1A,40,84,09,8A,3D,
-1778190038650356,00000281,false,Rx,0,8,51,0B,DC,42,00,00,34,42,
-1778190038649427,00000380,false,Rx,0,8,00,00,00,00,00,00,00,00,
-1778190038648449,00000381,false,Rx,0,8,05,00,80,3F,00,00,00,00,
-1778190038627168,00000180,false,Rx,0,8,0D,00,01,00,00,00,00,00,
-1778190038626243,00000280,false,Rx,0,8,5C,35,1A,40,84,09,8A,3D,
-1778190038625314,00000281,false,Rx,0,8,51,0B,DC,42,00,00,34,42,
-1778190038624284,00000380,false,Rx,0,8,00,00,00,00,00,00,00,00,
-1778190038623306,00000381,false,Rx,0,8,05,00,80,3F,00,00,00,00,
-1778190038606565,00000180,false,Rx,0,8,0D,00,01,00,00,00,00,00,
-1778190038605641,00000280,false,Rx,0,8,E0,8F,1A,40,39,88,8B,3D,
-1778190038604712,00000281,false,Rx,0,8,51,0B,DC,42,00,00,34,42,
-1778190038603682,00000380,false,Rx,0,8,00,00,00,00,00,00,00,00,
-1778190038602704,00000381,false,Rx,0,8,05,00,80,3F,00,00,00,00,
-1778190038583843,00000180,false,Rx,0,8,0D,00,01,00,00,00,00,00,
-1778190038582922,00000280,false,Rx,0,8,E0,8F,1A,40,39,88,8B,3D,
-1778190038581988,00000281,false,Rx,0,8,51,0B,DC,42,00,00,34,42,
-1778190038580960,00000380,false,Rx,0,8,00,00,00,00,00,00,00,00,
-1778190038579981,00000381,false,Rx,0,8,05,00,80,3F,00,00,00,00,
-1778190038561066,00000180,false,Rx,0,8,0D,00,01,00,00,00,00,00,
-1778190038560145,00000280,false,Rx,0,8,E0,8F,1A,40,39,88,8B,3D,
-1778190038559212,00000281,false,Rx,0,8,51,0B,DC,42,00,00,34,42,
-1778190038558187,00000380,false,Rx,0,8,00,00,00,00,00,00,00,00,
-1778190038557208,00000381,false,Rx,0,8,05,00,80,3F,00,00,00,00,
-1778190038540442,00000180,false,Rx,0,8,0D,00,01,00,00,00,00,00,
-1778190038539520,00000280,false,Rx,0,8,DE,E5,1A,40,14,B3,8A,3D,
-1778190038538587,00000281,false,Rx,0,8,51,0B,DC,42,00,00,34,42,
-1778190038537562,00000380,false,Rx,0,8,00,00,00,00,00,00,00,00,
-1778190038536584,00000381,false,Rx,0,8,05,00,80,3F,00,00,00,00,
-1778190038517514,00000180,false,Rx,0,8,0D,00,01,00,00,00,00,00,
-1778190038516590,00000280,false,Rx,0,8,DE,E5,1A,40,14,B3,8A,3D,
-1778190038515660,00000281,false,Rx,0,8,51,0B,DC,42,00,00,34,42,
-1778190038514631,00000380,false,Rx,0,8,00,00,00,00,00,00,00,00,
-1778190038513653,00000381,false,Rx,0,8,05,00,80,3F,00,00,00,00,
-1778190038496689,00000180,false,Rx,0,8,0D,00,01,00,00,00,00,00,
-1778190038495772,00000280,false,Rx,0,8,8F,37,1B,40,4E,29,8C,3D,
-1778190038494843,00000281,false,Rx,0,8,51,0B,DC,42,00,00,34,42,
-1778190038493815,00000380,false,Rx,0,8,00,00,00,00,00,00,00,00,
-1778190038492835,00000381,false,Rx,0,8,05,00,80,3F,00,00,00,00,
-1778190038473767,00000180,false,Rx,0,8,0D,00,01,00,00,00,00,00,
-1778190038472853,00000280,false,Rx,0,8,8F,37,1B,40,4E,29,8C,3D,
-1778190038471921,00000281,false,Rx,0,8,51,0B,DC,42,00,00,34,42,
-1778190038470895,00000380,false,Rx,0,8,00,00,00,00,00,00,00,00,
-1778190038469916,00000381,false,Rx,0,8,05,00,80,3F,00,00,00,00,
-1778190038450735,00000180,false,Rx,0,8,0D,00,01,00,00,00,00,00,
-1778190038449802,00000280,false,Rx,0,8,2A,85,1B,40,1B,4C,8B,3D,
-1778190038448771,00000281,false,Rx,0,8,51,0B,DC,42,00,00,34,42,
-1778190038447745,00000380,false,Rx,0,8,00,00,00,00,00,00,00,00,
-1778190038446765,00000381,false,Rx,0,8,05,00,80,3F,00,00,00,00,
-1778190038430358,00000180,false,Rx,0,8,0D,00,01,00,00,00,00,00,
-1778190038429429,00000280,false,Rx,0,8,2A,85,1B,40,1B,4C,8B,3D,
-1778190038428395,00000281,false,Rx,0,8,51,0B,DC,42,00,00,34,42,
-1778190038427369,00000380,false,Rx,0,8,00,00,00,00,00,00,00,00,
-1778190038426390,00000381,false,Rx,0,8,05,00,80,3F,00,00,00,00,
-1778190038407328,00000180,false,Rx,0,8,0D,00,01,00,00,00,00,00,
-1778190038406399,00000280,false,Rx,0,8,2A,85,1B,40,1B,4C,8B,3D,
-1778190038405466,00000281,false,Rx,0,8,51,0B,DC,42,00,00,34,42,
-1778190038404441,00000380,false,Rx,0,8,00,00,00,00,00,00,00,00,
-1778190038403462,00000381,false,Rx,0,8,05,00,80,3F,00,00,00,00,
-1778190038386518,00000180,false,Rx,0,8,0D,00,01,00,00,00,00,00,
-1778190038385605,00000280,false,Rx,0,8,E4,CE,1B,40,AE,BA,8C,3D,
-1778190038384676,00000281,false,Rx,0,8,51,0B,DC,42,00,00,34,42,
-1778190038383648,00000380,false,Rx,0,8,00,00,00,00,00,00,00,00,
-1778190038382668,00000381,false,Rx,0,8,05,00,80,3F,00,00,00,00,
-1778190038363576,00000180,false,Rx,0,8,0D,00,01,00,00,00,00,00,
-1778190038362663,00000280,false,Rx,0,8,E4,CE,1B,40,AE,BA,8C,3D,
-1778190038361730,00000281,false,Rx,0,8,51,0B,DC,42,00,00,34,42,
-1778190038360700,00000380,false,Rx,0,8,00,00,00,00,00,00,00,00,
-1778190038359722,00000381,false,Rx,0,8,05,00,80,3F,00,00,00,00,
-1778190038342774,00000180,false,Rx,0,8,0D,00,01,00,00,00,00,00,
-1778190038341842,00000280,false,Rx,0,8,EE,14,1C,40,36,D6,8B,3D,
-1778190038340913,00000281,false,Rx,0,8,51,0B,DC,42,00,00,34,42,
-1778190038339884,00000380,false,Rx,0,8,00,00,00,00,00,00,00,00,
-1778190038338905,00000381,false,Rx,0,8,05,00,80,3F,00,00,00,00,
-1778190038319828,00000180,false,Rx,0,8,0D,00,01,00,00,00,00,00,
-1778190038318896,00000280,false,Rx,0,8,EE,14,1C,40,36,D6,8B,3D,
-1778190038317967,00000281,false,Rx,0,8,51,0B,DC,42,00,00,34,42,
-1778190038316942,00000380,false,Rx,0,8,00,00,00,00,00,00,00,00,
-1778190038315962,00000381,false,Rx,0,8,05,00,80,3F,00,00,00,00,
-1778190038294661,00000180,false,Rx,0,8,0D,00,01,00,00,00,00,00,
-1778190038293731,00000280,false,Rx,0,8,EE,14,1C,40,36,D6,8B,3D,
-1778190038292799,00000281,false,Rx,0,8,51,0B,DC,42,00,00,34,42,
-1778190038291770,00000380,false,Rx,0,8,00,00,00,00,00,00,00,00,
-1778190038290791,00000381,false,Rx,0,8,05,00,80,3F,00,00,00,00,
-1778190038273843,00000180,false,Rx,0,8,0D,00,01,00,00,00,00,00,
-1778190038272918,00000280,false,Rx,0,8,78,57,1C,40,E2,3D,8D,3D,
-1778190038271989,00000281,false,Rx,0,8,51,0B,DC,42,00,00,34,42,
-1778190038270960,00000380,false,Rx,0,8,00,00,00,00,00,00,00,00,
-1778190038269981,00000381,false,Rx,0,8,05,00,80,3F,00,00,00,00,
-1778190038250900,00000180,false,Rx,0,8,0D,00,01,00,00,00,00,00,
-1778190038249975,00000280,false,Rx,0,8,78,57,1C,40,E2,3D,8D,3D,
-1778190038249046,00000281,false,Rx,0,8,51,0B,DC,42,00,00,34,42,
-1778190038248017,00000380,false,Rx,0,8,00,00,00,00,00,00,00,00,
-1778190038246938,00000381,false,Rx,0,8,05,00,80,3F,00,00,00,00,
-1778190038230090,00000180,false,Rx,0,8,0D,00,01,00,00,00,00,00,
-1778190038229176,00000280,false,Rx,0,8,AE,96,1C,40,DA,52,8C,3D,
-1778190038228243,00000281,false,Rx,0,8,51,0B,DC,42,00,00,34,42,
-1778190038227215,00000380,false,Rx,0,8,00,00,00,00,00,00,00,00,
-1778190038226137,00000381,false,Rx,0,8,05,00,80,3F,00,00,00,00,
-1778190038207177,00000180,false,Rx,0,8,0D,00,01,00,00,00,00,00,
-1778190038206159,00000280,false,Rx,0,8,AE,96,1C,40,DA,52,8C,3D,
-1778190038205230,00000281,false,Rx,0,8,51,0B,DC,42,00,00,34,42,
-1778190038204203,00000380,false,Rx,0,8,00,00,00,00,00,00,00,00,
-1778190038203221,00000381,false,Rx,0,8,05,00,80,3F,00,00,00,00,
-1778190038186440,00000180,false,Rx,0,8,0D,00,01,00,00,00,00,00,
-1778190038185517,00000280,false,Rx,0,8,E9,84,1A,40,4A,B4,8D,3D,
-1778190038184588,00000281,false,Rx,0,8,51,0B,DC,42,00,00,34,42,
-1778190038183562,00000380,false,Rx,0,8,00,00,00,00,00,00,00,00,
-1778190038182580,00000381,false,Rx,0,8,05,00,80,3F,00,00,00,00,
-1778190038163512,00000180,false,Rx,0,8,0D,00,01,00,00,00,00,00,
-1778190038162590,00000280,false,Rx,0,8,E9,84,1A,40,4A,B4,8D,3D,
-1778190038161662,00000281,false,Rx,0,8,51,0B,DC,42,00,00,34,42,
-1778190038160632,00000380,false,Rx,0,8,00,00,00,00,00,00,00,00,
-1778190038159653,00000381,false,Rx,0,8,05,00,80,3F,00,00,00,00,
-1778190038138128,00000180,false,Rx,0,8,0D,00,01,00,00,00,00,00,
-1778190038137207,00000280,false,Rx,0,8,E9,84,1A,40,4A,B4,8D,3D,
-1778190038136274,00000281,false,Rx,0,8,51,0B,DC,42,00,00,34,42,
-1778190038135249,00000380,false,Rx,0,8,00,00,00,00,00,00,00,00,
-1778190038134269,00000381,false,Rx,0,8,05,00,80,3F,00,00,00,00,
-1778190038117303,00000180,false,Rx,0,8,0D,00,01,00,00,00,00,00,
-1778190038116371,00000280,false,Rx,0,8,73,DB,1A,40,57,C3,8C,3D,
-1778190038115442,00000281,false,Rx,0,8,51,0B,DC,42,00,00,34,42,
-1778190038114412,00000380,false,Rx,0,8,00,00,00,00,00,00,00,00,
-1778190038113434,00000381,false,Rx,0,8,05,00,80,3F,00,00,00,00,
-1778190038094383,00000180,false,Rx,0,8,0D,00,01,00,00,00,00,00,
-1778190038093450,00000280,false,Rx,0,8,73,DB,1A,40,57,C3,8C,3D,
-1778190038092522,00000281,false,Rx,0,8,51,0B,DC,42,00,00,34,42,
-1778190038091493,00000380,false,Rx,0,8,00,00,00,00,00,00,00,00,
-1778190038090513,00000381,false,Rx,0,8,05,00,80,3F,00,00,00,00,
-1778190038073759,00000180,false,Rx,0,8,0D,00,01,00,00,00,00,00,
-1778190038072826,00000280,false,Rx,0,8,AA,2D,1B,40,27,1F,8E,3D,
-1778190038071897,00000281,false,Rx,0,8,51,0B,DC,42,00,00,34,42,
-1778190038070868,00000380,false,Rx,0,8,00,00,00,00,00,00,00,00,
-1778190038069890,00000381,false,Rx,0,8,05,00,80,3F,00,00,00,00,
-1778190038050819,00000180,false,Rx,0,8,0D,00,01,00,00,00,00,00,
-1778190038049890,00000280,false,Rx,0,8,AA,2D,1B,40,27,1F,8E,3D,
-1778190038048958,00000281,false,Rx,0,8,51,0B,DC,42,00,00,34,42,
-1778190038047932,00000380,false,Rx,0,8,00,00,00,00,00,00,00,00,
-1778190038046953,00000381,false,Rx,0,8,05,00,80,3F,00,00,00,00,
-1778190038030010,00000180,false,Rx,0,8,0D,00,01,00,00,00,00,00,
-1778190038029072,00000280,false,Rx,0,8,C4,7B,1B,40,80,08,8C,3D,
-1778190038028140,00000281,false,Rx,0,8,51,0B,DC,42,00,00,34,42,
-1778190038027111,00000380,false,Rx,0,8,00,00,00,00,00,00,00,00,
-1778190038026132,00000381,false,Rx,0,8,05,00,80,3F,00,00,00,00,
-1778190038007080,00000180,false,Rx,0,8,0D,00,01,00,00,00,00,00,
-1778190038006143,00000280,false,Rx,0,8,C4,7B,1B,40,80,08,8C,3D,
-1778190038005113,00000281,false,Rx,0,8,51,0B,DC,42,00,00,34,42,
-1778190038004085,00000380,false,Rx,0,8,00,00,00,00,00,00,00,00,
-1778190038003105,00000381,false,Rx,0,8,05,00,80,3F,00,00,00,00,
-1778190037984018,00000180,false,Rx,0,8,0D,00,01,00,00,00,00,00,
-1778190037983082,00000280,false,Rx,0,8,C4,7B,1B,40,80,08,8C,3D,
-1778190037982150,00000281,false,Rx,0,8,51,0B,DC,42,00,00,34,42,
-1778190037981125,00000380,false,Rx,0,8,00,00,00,00,00,00,00,00,
-1778190037980141,00000381,false,Rx,0,8,05,00,80,3F,00,00,00,00,
-1778190037960787,00000180,false,Rx,0,8,0D,00,01,00,00,00,00,00,
-1778190037959861,00000280,false,Rx,0,8,F6,C5,1B,40,A8,6D,8D,3D,
-1778190037958932,00000281,false,Rx,0,8,51,0B,DC,42,00,00,34,42,
-1778190037957904,00000380,false,Rx,0,8,00,00,00,00,00,00,00,00,
-1778190037956925,00000381,false,Rx,0,8,05,00,80,3F,00,00,00,00,
-1778190037937856,00000180,false,Rx,0,8,0D,00,01,00,00,00,00,00,
-1778190037936935,00000280,false,Rx,0,8,F6,C5,1B,40,A8,6D,8D,3D,
-1778190037936002,00000281,false,Rx,0,8,51,0B,DC,42,00,00,34,42,
-1778190037934976,00000380,false,Rx,0,8,00,00,00,00,00,00,00,00,
-1778190037933998,00000381,false,Rx,0,8,05,00,80,3F,00,00,00,00,
-1778190037917231,00000180,false,Rx,0,8,0D,00,01,00,00,00,00,00,
-1778190037916276,00000280,false,Rx,0,8,72,0C,1C,40,3E,80,8C,3D,
-1778190037915347,00000281,false,Rx,0,8,51,0B,DC,42,00,00,34,42,
-1778190037914317,00000380,false,Rx,0,8,00,00,00,00,00,00,00,00,
-1778190037913339,00000381,false,Rx,0,8,05,00,80,3F,00,00,00,00,
-1778190037894319,00000180,false,Rx,0,8,0D,00,01,00,00,00,00,00,
-1778190037893363,00000280,false,Rx,0,8,72,0C,1C,40,3E,80,8C,3D,
-1778190037892430,00000281,false,Rx,0,8,51,0B,DC,42,00,00,34,42,
-1778190037891406,00000380,false,Rx,0,8,00,00,00,00,00,00,00,00,
-1778190037890426,00000381,false,Rx,0,8,05,00,80,3F,00,00,00,00,
-1778190037873675,00000180,false,Rx,0,8,0D,00,01,00,00,00,00,00,
-1778190037872746,00000280,false,Rx,0,8,68,4F,1C,40,6A,DF,8D,3D,
-1778190037871814,00000281,false,Rx,0,8,51,0B,DC,42,00,00,34,42,
-1778190037870789,00000380,false,Rx,0,8,00,00,00,00,00,00,00,00,
-1778190037869809,00000381,false,Rx,0,8,05,00,80,3F,00,00,00,00,
-1778190037853315,00000180,false,Rx,0,8,0D,00,01,00,00,00,00,00,
-1778190037852387,00000280,false,Rx,0,8,68,4F,1C,40,6A,DF,8D,3D,
-1778190037851454,00000281,false,Rx,0,8,51,0B,DC,42,00,00,34,42,
-1778190037850429,00000380,false,Rx,0,8,00,00,00,00,00,00,00,00,
-1778190037849450,00000381,false,Rx,0,8,05,00,80,3F,00,00,00,00,
-1778190037830389,00000180,false,Rx,0,8,0D,00,01,00,00,00,00,00,
-1778190037829460,00000280,false,Rx,0,8,68,4F,1C,40,6A,DF,8D,3D,
-1778190037828527,00000281,false,Rx,0,8,51,0B,DC,42,00,00,34,42,
-1778190037827498,00000380,false,Rx,0,8,00,00,00,00,00,00,00,00,
-1778190037826519,00000381,false,Rx,0,8,05,00,80,3F,00,00,00,00,
-1778190037807346,00000180,false,Rx,0,8,01,00,01,00,00,00,00,00,
-1778190037806416,00000280,false,Rx,0,8,06,8F,1C,40,F3,CB,8B,3D,
-1778190037805483,00000281,false,Rx,0,8,51,0B,DC,42,00,00,34,42,
-1778190037804459,00000380,false,Rx,0,8,00,00,00,00,00,00,00,00,
-1778190037803378,00000381,false,Rx,0,8,05,00,80,3F,00,00,00,00,
-1778190037784410,00000180,false,Rx,0,8,01,00,01,00,00,00,00,00,
-1778190037783478,00000280,false,Rx,0,8,06,8F,1C,40,F3,CB,8B,3D,
-1778190037782448,00000281,false,Rx,0,8,51,0B,DC,42,00,00,34,42,
-1778190037781419,00000380,false,Rx,0,8,00,00,00,00,00,00,00,00,
-1778190037780440,00000381,false,Rx,0,8,05,00,80,3F,00,00,00,00,
-1778190037763593,00000180,false,Rx,0,8,01,00,01,00,00,00,00,00,
-1778190037762577,00000280,false,Rx,0,8,75,CB,1C,40,22,34,8D,3D,
-1778190037761647,00000281,false,Rx,0,8,51,0B,DC,42,00,00,34,42,
-1778190037760619,00000380,false,Rx,0,8,00,00,00,00,00,00,00,00,
-1778190037759641,00000381,false,Rx,0,8,05,00,80,3F,00,00,00,00,
-1778190037740561,00000180,false,Rx,0,8,01,00,01,00,00,00,00,00,
-1778190037739648,00000280,false,Rx,0,8,75,CB,1C,40,22,34,8D,3D,
-1778190037738716,00000281,false,Rx,0,8,51,0B,DC,42,00,00,34,42,
-1778190037737691,00000380,false,Rx,0,8,00,00,00,00,00,00,00,00,
-1778190037736711,00000381,false,Rx,0,8,05,00,80,3F,00,00,00,00,
-1778190037717584,00000180,false,Rx,0,8,01,00,01,00,00,00,00,00,
-1778190037716671,00000280,false,Rx,0,8,75,CB,1C,40,22,34,8D,3D,
-1778190037715738,00000281,false,Rx,0,8,51,0B,DC,42,00,00,34,42,
-1778190037714713,00000380,false,Rx,0,8,00,00,00,00,00,00,00,00,
-1778190037713734,00000381,false,Rx,0,8,05,00,80,3F,00,00,00,00,
-1778190037696767,00000180,false,Rx,0,8,01,00,01,00,00,00,00,00,
-1778190037695837,00000280,false,Rx,0,8,DE,04,1D,40,3B,29,8B,3D,
-1778190037694904,00000281,false,Rx,0,8,51,0B,DC,42,00,00,34,42,
-1778190037693880,00000380,false,Rx,0,8,00,00,00,00,00,00,00,00,
-1778190037692901,00000381,false,Rx,0,8,05,00,80,3F,00,00,00,00,
-1778190037673832,00000180,false,Rx,0,8,01,00,01,00,00,00,00,00,
-1778190037672899,00000280,false,Rx,0,8,DE,04,1D,40,3B,29,8B,3D,
-1778190037671969,00000281,false,Rx,0,8,51,0B,DC,42,00,00,34,42,
-1778190037670941,00000380,false,Rx,0,8,00,00,00,00,00,00,00,00,
-1778190037669962,00000381,false,Rx,0,8,05,00,80,3F,00,00,00,00,
-1778190037650807,00000180,false,Rx,0,8,01,00,01,00,00,00,00,00,
-1778190037649889,00000280,false,Rx,0,8,69,3B,1D,40,8D,99,8C,3D,
-1778190037648960,00000281,false,Rx,0,8,51,0B,DC,42,00,00,34,42,
-1778190037647932,00000380,false,Rx,0,8,00,00,00,00,00,00,00,00,
-1778190037646953,00000381,false,Rx,0,8,05,00,80,3F,00,00,00,00,
-1778190037627876,00000180,false,Rx,0,8,01,00,01,00,00,00,00,00,
-1778190037626963,00000280,false,Rx,0,8,69,3B,1D,40,8D,99,8C,3D,
-1778190037626029,00000281,false,Rx,0,8,51,0B,DC,42,00,00,34,42,
-1778190037625004,00000380,false,Rx,0,8,00,00,00,00,00,00,00,00,
-1778190037624026,00000381,false,Rx,0,8,05,00,80,3F,00,00,00,00,
-1778190037607058,00000180,false,Rx,0,8,01,00,01,00,00,00,00,00,
-1778190037606079,00000280,false,Rx,0,8,3A,6F,1D,40,00,00,00,00,
-1778190037605149,00000281,false,Rx,0,8,51,0B,DC,42,00,00,34,42,
-1778190037604120,00000380,false,Rx,0,8,00,00,00,00,00,00,00,00,
-1778190037603142,00000381,false,Rx,0,8,05,00,80,3F,00,00,00,00,
-1778190037584130,00000180,false,Rx,0,8,01,00,01,00,00,00,00,00,
-1778190037583152,00000280,false,Rx,0,8,3A,6F,1D,40,00,00,00,00,
-1778190037582219,00000281,false,Rx,0,8,51,0B,DC,42,00,00,34,42,
-1778190037581093,00000380,false,Rx,0,8,00,00,00,00,00,00,00,00,
-1778190037580112,00000381,false,Rx,0,8,05,00,80,3F,00,00,00,00,
-1778190037561051,00000180,false,Rx,0,8,01,00,01,00,00,00,00,00,
-1778190037560073,00000280,false,Rx,0,8,3A,6F,1D,40,00,00,00,00,
-1778190037559140,00000281,false,Rx,0,8,51,0B,DC,42,00,00,34,42,
-1778190037558114,00000380,false,Rx,0,8,00,00,00,00,00,00,00,00,
-1778190037557135,00000381,false,Rx,0,8,05,00,80,3F,00,00,00,00,
-1778190037540433,00000180,false,Rx,0,8,01,00,01,00,00,00,00,00,
-1778190037539470,00000280,false,Rx,0,8,A1,52,1B,40,00,00,00,00,
-1778190037538541,00000281,false,Rx,0,8,51,0B,DC,42,00,00,34,42,
-1778190037537511,00000380,false,Rx,0,8,00,00,00,00,00,00,00,00,
-1778190037536533,00000381,false,Rx,0,8,05,00,80,3F,00,00,00,00,
-1778190037517705,00000180,false,Rx,0,8,01,00,01,00,00,00,00,00,
-1778190037516742,00000280,false,Rx,0,8,A1,52,1B,40,00,00,00,00,
-1778190037515809,00000281,false,Rx,0,8,51,0B,DC,42,00,00,34,42,
-1778190037514783,00000380,false,Rx,0,8,00,00,00,00,00,00,00,00,
-1778190037513805,00000381,false,Rx,0,8,05,00,80,3F,00,00,00,00,
-1778190037497079,00000180,false,Rx,0,8,01,00,01,00,00,00,00,00,
-1778190037496100,00000280,false,Rx,0,8,0F,51,19,40,00,00,00,00,
-1778190037495168,00000281,false,Rx,0,8,51,0B,DC,42,00,00,34,42,
-1778190037494138,00000380,false,Rx,0,8,00,00,00,00,00,00,00,00,
-1778190037493159,00000381,false,Rx,0,8,05,00,80,3F,00,00,00,00,
-1778190037471757,00000180,false,Rx,0,8,01,00,01,00,00,00,00,00,
-1778190037470777,00000280,false,Rx,0,8,0F,51,19,40,00,00,00,00,
-1778190037469845,00000281,false,Rx,0,8,51,0B,DC,42,00,00,34,42,
-1778190037468820,00000380,false,Rx,0,8,00,00,00,00,00,00,00,00,
-1778190037467840,00000381,false,Rx,0,8,05,00,80,3F,00,00,00,00,
-1778190037451322,00000180,false,Rx,0,8,01,00,01,00,00,00,00,00,
-1778190037450351,00000280,false,Rx,0,8,2B,69,17,40,00,00,00,00,
-1778190037449419,00000281,false,Rx,0,8,51,0B,DC,42,00,00,34,42,
-1778190037448394,00000380,false,Rx,0,8,00,00,00,00,00,00,00,00,
-1778190037447414,00000381,false,Rx,0,8,05,00,80,3F,00,00,00,00,
-1778190037428592,00000180,false,Rx,0,8,01,00,01,00,00,00,00,00,
-1778190037427620,00000280,false,Rx,0,8,2B,69,17,40,00,00,00,00,
-1778190037426692,00000281,false,Rx,0,8,51,0B,DC,42,00,00,34,42,
-1778190037425663,00000380,false,Rx,0,8,00,00,00,00,00,00,00,00,
-1778190037424683,00000381,false,Rx,0,8,05,00,80,3F,00,00,00,00,
-1778190037405807,00000180,false,Rx,0,8,01,00,01,00,00,00,00,00,
-1778190037404835,00000280,false,Rx,0,8,2B,69,17,40,00,00,00,00,
-1778190037403906,00000281,false,Rx,0,8,51,0B,DC,42,00,00,34,42,
-1778190037402877,00000380,false,Rx,0,8,00,00,00,00,00,00,00,00,
-1778190037401898,00000381,false,Rx,0,8,05,00,80,3F,00,00,00,00,
-1778190037385206,00000180,false,Rx,0,8,01,00,01,00,00,00,00,00,
-1778190037384220,00000280,false,Rx,0,8,7E,E7,17,40,00,00,00,00,
-1778190037383286,00000281,false,Rx,0,8,51,0B,DC,42,00,00,34,42,
-1778190037382261,00000380,false,Rx,0,8,00,00,00,00,00,00,00,00,
-1778190037381381,00000381,false,Rx,0,8,05,00,80,3F,00,00,00,00,
-1778190037362429,00000180,false,Rx,0,8,01,00,01,00,00,00,00,00,
-1778190037361543,00000280,false,Rx,0,8,7E,E7,17,40,00,00,00,00,
-1778190037360611,00000281,false,Rx,0,8,51,0B,DC,42,00,00,34,42,
-1778190037359584,00000380,false,Rx,0,8,00,00,00,00,00,00,00,00,
-1778190037358604,00000381,false,Rx,0,8,05,00,80,3F,00,00,00,00,
-1778190037341849,00000180,false,Rx,0,8,01,00,01,00,00,00,00,00,
-1778190037340971,00000280,false,Rx,0,8,81,5F,18,40,00,00,00,00,
-1778190037340039,00000281,false,Rx,0,8,51,0B,DC,42,00,00,34,42,
-1778190037339013,00000380,false,Rx,0,8,00,00,00,00,00,00,00,00,
-1778190037338032,00000381,false,Rx,0,8,05,00,80,3F,00,00,00,00,
-1778190037316813,00000180,false,Rx,0,8,01,00,01,00,00,00,00,00,
-1778190037315834,00000280,false,Rx,0,8,81,5F,18,40,00,00,00,00,
-1778190037314901,00000281,false,Rx,0,8,51,0B,DC,42,00,00,34,42,
-1778190037313876,00000380,false,Rx,0,8,00,00,00,00,00,00,00,00,
-1778190037312897,00000381,false,Rx,0,8,05,00,80,3F,00,00,00,00,
-1778190037296195,00000180,false,Rx,0,8,01,00,01,00,00,00,00,00,
-1778190037295209,00000280,false,Rx,0,8,83,D1,18,40,00,00,00,00,
-1778190037294275,00000281,false,Rx,0,8,51,0B,DC,42,00,00,34,42,
-1778190037293250,00000380,false,Rx,0,8,00,00,00,00,00,00,00,00,
-1778190037292272,00000381,false,Rx,0,8,05,00,80,3F,00,00,00,00,
-1778190037276025,00000180,false,Rx,0,8,01,00,01,00,00,00,00,00,
-1778190037275037,00000280,false,Rx,0,8,83,D1,18,40,00,00,00,00,
-1778190037274109,00000281,false,Rx,0,8,51,0B,DC,42,00,00,34,42,
-1778190037273080,00000380,false,Rx,0,8,00,00,00,00,00,00,00,00,
-1778190037272101,00000381,false,Rx,0,8,05,00,80,3F,00,00,00,00,
-1778190037253296,00000180,false,Rx,0,8,01,00,01,00,00,00,00,00,
-1778190037252310,00000280,false,Rx,0,8,83,D1,18,40,00,00,00,00,
-1778190037251377,00000281,false,Rx,0,8,51,0B,DC,42,00,00,34,42,
-1778190037250351,00000380,false,Rx,0,8,00,00,00,00,00,00,00,00,
-1778190037249373,00000381,false,Rx,0,8,05,00,80,3F,00,00,00,00,
-1778190037232678,00000180,false,Rx,0,8,01,00,01,00,00,00,00,00,
-1778190037231715,00000280,false,Rx,0,8,D2,3D,19,40,00,00,00,00,
-1778190037230783,00000281,false,Rx,0,8,51,0B,DC,42,00,00,34,42,
-1778190037229758,00000380,false,Rx,0,8,00,00,00,00,00,00,00,00,
-1778190037228778,00000381,false,Rx,0,8,05,00,80,3F,00,00,00,00,
-1778190037209952,00000180,false,Rx,0,8,01,00,01,00,00,00,00,00,
-1778190037208988,00000280,false,Rx,0,8,D2,3D,19,40,00,00,00,00,
-1778190037208055,00000281,false,Rx,0,8,51,0B,DC,42,00,00,34,42,
-1778190037207030,00000380,false,Rx,0,8,00,00,00,00,00,00,00,00,
-1778190037206051,00000381,false,Rx,0,8,05,00,80,3F,00,00,00,00,
-1778190037189531,00000180,false,Rx,0,8,01,00,01,00,00,00,00,00,
-1778190037188560,00000280,false,Rx,0,8,E4,56,17,40,00,00,00,00,
-1778190037187630,00000281,false,Rx,0,8,51,0B,DC,42,00,00,34,42,
-1778190037186601,00000380,false,Rx,0,8,00,00,00,00,00,00,00,00,
-1778190037185623,00000381,false,Rx,0,8,05,00,80,3F,00,00,00,00,
-1778190037164378,00000180,false,Rx,0,8,01,00,01,00,00,00,00,00,
-1778190037163407,00000280,false,Rx,0,8,E4,56,17,40,00,00,00,00,
-1778190037162478,00000281,false,Rx,0,8,51,0B,DC,42,00,00,34,42,
-1778190037161551,00000380,false,Rx,0,8,00,00,00,00,00,00,00,00,
-1778190037160570,00000381,false,Rx,0,8,05,00,80,3F,00,00,00,00,
-1778190037141716,00000180,false,Rx,0,8,01,00,01,00,00,00,00,00,
-1778190037140747,00000280,false,Rx,0,8,E4,56,17,40,00,00,00,00,
-1778190037139815,00000281,false,Rx,0,8,51,0B,DC,42,00,00,34,42,
-1778190037138788,00000380,false,Rx,0,8,00,00,00,00,00,00,00,00,
-1778190037137810,00000381,false,Rx,0,8,05,00,80,3F,00,00,00,00,
-1778190037121093,00000180,false,Rx,0,8,01,00,01,00,00,00,00,00,
-1778190037120122,00000280,false,Rx,0,8,22,D6,17,40,00,00,00,00,
-1778190037119189,00000281,false,Rx,0,8,51,0B,DC,42,00,00,34,42,
-1778190037118160,00000380,false,Rx,0,8,00,00,00,00,00,00,00,00,
-1778190037117181,00000381,false,Rx,0,8,05,00,80,3F,00,00,00,00,
-1778190037098346,00000180,false,Rx,0,8,01,00,01,00,00,00,00,00,
-1778190037097375,00000280,false,Rx,0,8,22,D6,17,40,00,00,00,00,
-1778190037096442,00000281,false,Rx,0,8,51,0B,DC,42,00,00,34,42,
-1778190037095417,00000380,false,Rx,0,8,00,00,00,00,00,00,00,00,
-1778190037094438,00000381,false,Rx,0,8,05,00,80,3F,00,00,00,00,
-1778190037077745,00000180,false,Rx,0,8,01,00,01,00,00,00,00,00,
-1778190037076772,00000280,false,Rx,0,8,02,4F,18,40,00,00,00,00,
-1778190037075844,00000281,false,Rx,0,8,51,0B,DC,42,00,00,34,42,
-1778190037074815,00000380,false,Rx,0,8,00,00,00,00,00,00,00,00,
-1778190037073837,00000381,false,Rx,0,8,05,00,80,3F,00,00,00,00,
-1778190037055031,00000180,false,Rx,0,8,01,00,01,00,00,00,00,00,
-1778190037054060,00000280,false,Rx,0,8,02,4F,18,40,00,00,00,00,
-1778190037053132,00000281,false,Rx,0,8,51,0B,DC,42,00,00,34,42,
-1778190037052102,00000380,false,Rx,0,8,00,00,00,00,00,00,00,00,
-1778190037051123,00000381,false,Rx,0,8,05,00,80,3F,00,00,00,00,
-1778190037034599,00000180,false,Rx,0,8,01,00,01,00,00,00,00,00,
-1778190037033621,00000280,false,Rx,0,8,D7,C1,18,40,00,00,00,00,
-1778190037032688,00000281,false,Rx,0,8,51,0B,DC,42,00,00,34,42,
-1778190037031658,00000380,false,Rx,0,8,00,00,00,00,00,00,00,00,
-1778190037030680,00000381,false,Rx,0,8,05,00,80,3F,00,00,00,00,
-1778190037011861,00000180,false,Rx,0,8,01,00,01,00,00,00,00,00,
-1778190037010881,00000280,false,Rx,0,8,D7,C1,18,40,00,00,00,00,
-1778190037009949,00000281,false,Rx,0,8,51,0B,DC,42,00,00,34,42,
-1778190037008923,00000380,false,Rx,0,8,00,00,00,00,00,00,00,00,
-1778190037007945,00000381,false,Rx,0,8,05,00,80,3F,00,00,00,00,
-1778190036986692,00000180,false,Rx,0,8,01,00,01,00,00,00,00,00,
-1778190036985713,00000280,false,Rx,0,8,D7,C1,18,40,00,00,00,00,
-1778190036984781,00000281,false,Rx,0,8,51,0B,DC,42,00,00,34,42,
-1778190036983755,00000380,false,Rx,0,8,00,00,00,00,00,00,00,00,
-1778190036982776,00000381,false,Rx,0,8,05,00,80,3F,00,00,00,00,
-1778190036966265,00000180,false,Rx,0,8,01,00,01,00,00,00,00,00,
-1778190036965286,00000280,false,Rx,0,8,1C,E1,16,40,00,00,00,00,
-1778190036964357,00000281,false,Rx,0,8,51,0B,DC,42,00,00,34,42,
-1778190036963328,00000380,false,Rx,0,8,00,00,00,00,00,00,00,00,
-1778190036962448,00000381,false,Rx,0,8,05,00,80,3F,00,00,00,00,
-1778190036943543,00000180,false,Rx,0,8,01,00,01,00,00,00,00,00,
-1778190036942565,00000280,false,Rx,0,8,1C,E1,16,40,00,00,00,00,
-1778190036941733,00000281,false,Rx,0,8,51,0B,DC,42,00,00,34,42,
-1778190036940708,00000380,false,Rx,0,8,00,00,00,00,00,00,00,00,
-1778190036939729,00000381,false,Rx,0,8,05,00,80,3F,00,00,00,00,
-1778190036923114,00000180,false,Rx,0,8,01,00,01,00,00,00,00,00,
-1778190036922216,00000280,false,Rx,0,8,3D,66,17,40,00,00,00,00,
-1778190036921288,00000281,false,Rx,0,8,51,0B,DC,42,00,00,34,42,
-1778190036920257,00000380,false,Rx,0,8,00,00,00,00,00,00,00,00,
-1778190036919282,00000381,false,Rx,0,8,05,00,80,3F,00,00,00,00,
-1778190036900469,00000180,false,Rx,0,8,01,00,01,00,00,00,00,00,
-1778190036899474,00000280,false,Rx,0,8,3D,66,17,40,00,00,00,00,
-1778190036898541,00000281,false,Rx,0,8,51,0B,DC,42,00,00,34,42,
-1778190036897513,00000380,false,Rx,0,8,00,00,00,00,00,00,00,00,
-1778190036896533,00000381,false,Rx,0,8,05,00,80,3F,00,00,00,00,
-1778190036879867,00000180,false,Rx,0,8,01,00,01,00,00,00,00,00,
-1778190036878903,00000280,false,Rx,0,8,E3,96,15,40,00,00,00,00,
-1778190036877971,00000281,false,Rx,0,8,51,0B,DC,42,00,00,34,42,
-1778190036876946,00000380,false,Rx,0,8,00,00,00,00,00,00,00,00,
-1778190036875962,00000381,false,Rx,0,8,05,00,80,3F,00,00,00,00,
-1778190036859696,00000180,false,Rx,0,8,01,00,01,00,00,00,00,00,
-1778190036858732,00000280,false,Rx,0,8,E3,96,15,40,00,00,00,00,
-1778190036857804,00000281,false,Rx,0,8,51,0B,DC,42,00,00,34,42,
-1778190036856775,00000380,false,Rx,0,8,00,00,00,00,00,00,00,00,
-1778190036855795,00000381,false,Rx,0,8,05,00,80,3F,00,00,00,00,
-1778190036834551,00000180,false,Rx,0,8,01,00,01,00,00,00,00,00,
-1778190036833588,00000280,false,Rx,0,8,E3,96,15,40,00,00,00,00,
-1778190036832659,00000281,false,Rx,0,8,51,0B,DC,42,00,00,34,42,
-1778190036831630,00000380,false,Rx,0,8,00,00,00,00,00,00,00,00,
-1778190036830651,00000381,false,Rx,0,8,05,00,80,3F,00,00,00,00,
-1778190036813942,00000180,false,Rx,0,8,01,00,01,00,00,00,00,00,
-1778190036812970,00000280,false,Rx,0,8,B5,DE,13,40,00,00,00,00,
-1778190036812038,00000281,false,Rx,0,8,51,0B,DC,42,00,00,34,42,
-1778190036811013,00000380,false,Rx,0,8,00,00,00,00,00,00,00,00,
-1778190036810034,00000381,false,Rx,0,8,05,00,80,3F,00,00,00,00,
-1778190036791210,00000180,false,Rx,0,8,01,00,01,00,00,00,00,00,
-1778190036790239,00000280,false,Rx,0,8,B5,DE,13,40,00,00,00,00,
-1778190036789311,00000281,false,Rx,0,8,51,0B,DC,42,00,00,34,42,
-1778190036788282,00000380,false,Rx,0,8,00,00,00,00,00,00,00,00,
-1778190036787302,00000381,false,Rx,0,8,05,00,80,3F,00,00,00,00,
-1778190036770593,00000180,false,Rx,0,8,01,00,01,00,00,00,00,00,
-1778190036769622,00000280,false,Rx,0,8,5B,8A,14,40,00,00,00,00,
-1778190036768693,00000281,false,Rx,0,8,51,0B,DC,42,00,00,34,42,
-1778190036767664,00000380,false,Rx,0,8,00,00,00,00,00,00,00,00,
-1778190036766685,00000381,false,Rx,0,8,05,00,80,3F,00,00,00,00,
-1778190036747866,00000180,false,Rx,0,8,01,00,01,00,00,00,00,00,
-1778190036746895,00000280,false,Rx,0,8,5B,8A,14,40,00,00,00,00,
-1778190036745965,00000281,false,Rx,0,8,51,0B,DC,42,00,00,34,42,
-1778190036744937,00000380,false,Rx,0,8,00,00,00,00,00,00,00,00,
-1778190036743958,00000381,false,Rx,0,8,05,00,80,3F,00,00,00,00,
-1778190036727018,00000180,false,Rx,0,8,01,00,01,00,00,00,00,00,
-1778190036726047,00000280,false,Rx,0,8,9A,DF,12,40,00,00,00,00,
-1778190036725113,00000281,false,Rx,0,8,51,0B,DC,42,00,00,34,42,
-1778190036724085,00000380,false,Rx,0,8,00,00,00,00,00,00,00,00,
-1778190036723106,00000381,false,Rx,0,8,05,00,80,3F,00,00,00,00,
-1778190036706878,00000180,false,Rx,0,8,01,00,01,00,00,00,00,00,
-1778190036705907,00000280,false,Rx,0,8,9A,DF,12,40,00,00,00,00,
-1778190036704978,00000281,false,Rx,0,8,51,0B,DC,42,00,00,34,42,
-1778190036703948,00000380,false,Rx,0,8,00,00,00,00,00,00,00,00,
-1778190036702970,00000381,false,Rx,0,8,05,00,80,3F,00,00,00,00,
-1778190036681836,00000180,false,Rx,0,8,01,00,01,00,00,00,00,00,
-1778190036680865,00000280,false,Rx,0,8,9A,DF,12,40,00,00,00,00,
-1778190036679931,00000281,false,Rx,0,8,51,0B,DC,42,00,00,34,42,
-1778190036678906,00000380,false,Rx,0,8,00,00,00,00,00,00,00,00,
-1778190036677928,00000381,false,Rx,0,8,05,00,80,3F,00,00,00,00,
-1778190036661218,00000180,false,Rx,0,8,01,00,01,00,00,00,00,00,
-1778190036660247,00000280,false,Rx,0,8,2F,4A,11,40,00,00,00,00,
-1778190036659313,00000281,false,Rx,0,8,51,0B,DC,42,00,00,34,42,
-1778190036658289,00000380,false,Rx,0,8,00,00,00,00,00,00,00,00,
-1778190036657310,00000381,false,Rx,0,8,05,00,80,3F,00,00,00,00,
-1778190036638494,00000180,false,Rx,0,8,01,00,01,00,00,00,00,00,
-1778190036637523,00000280,false,Rx,0,8,2F,4A,11,40,00,00,00,00,
-1778190036636595,00000281,false,Rx,0,8,51,0B,DC,42,00,00,34,42,
-1778190036635566,00000380,false,Rx,0,8,00,00,00,00,00,00,00,00,
-1778190036634586,00000381,false,Rx,0,8,05,00,80,3F,00,00,00,00,
-1778190036618071,00000180,false,Rx,0,8,01,00,01,00,00,00,00,00,
-1778190036617092,00000280,false,Rx,0,8,0A,C9,0F,40,00,00,00,00,
-1778190036616160,00000281,false,Rx,0,8,51,0B,DC,42,00,00,34,42,
-1778190036615134,00000380,false,Rx,0,8,00,00,00,00,00,00,00,00,
-1778190036614155,00000381,false,Rx,0,8,05,00,80,3F,00,00,00,00,
-1778190036595328,00000180,false,Rx,0,8,01,00,01,00,00,00,00,00,
-1778190036594345,00000280,false,Rx,0,8,0A,C9,0F,40,00,00,00,00,
-1778190036593416,00000281,false,Rx,0,8,51,0B,DC,42,00,00,34,42,
-1778190036592391,00000380,false,Rx,0,8,00,00,00,00,00,00,00,00,
-1778190036591409,00000381,false,Rx,0,8,05,00,80,3F,00,00,00,00,
-1778190036572559,00000180,false,Rx,0,8,01,00,01,00,00,00,00,00,
-1778190036571580,00000280,false,Rx,0,8,0A,C9,0F,40,00,00,00,00,
-1778190036570648,00000281,false,Rx,0,8,51,0B,DC,42,00,00,34,42,
-1778190036569619,00000380,false,Rx,0,8,00,00,00,00,00,00,00,00,
-1778190036568639,00000381,false,Rx,0,8,05,00,80,3F,00,00,00,00,
-1778190036551949,00000180,false,Rx,0,8,01,00,01,00,00,00,00,00,
-1778190036550959,00000280,false,Rx,0,8,26,5B,0E,40,00,00,00,00,
-1778190036550030,00000281,false,Rx,0,8,51,0B,DC,42,00,00,34,42,
-1778190036549001,00000380,false,Rx,0,8,00,00,00,00,00,00,00,00,
-1778190036548022,00000381,false,Rx,0,8,05,00,80,3F,00,00,00,00,
-1778190036529227,00000180,false,Rx,0,8,01,00,01,00,00,00,00,00,
-1778190036528240,00000280,false,Rx,0,8,26,5B,0E,40,00,00,00,00,
-1778190036527308,00000281,false,Rx,0,8,51,0B,DC,42,00,00,34,42,
-1778190036526282,00000380,false,Rx,0,8,00,00,00,00,00,00,00,00,
-1778190036525303,00000381,false,Rx,0,8,05,00,80,3F,00,00,00,00,
-1778190036506002,00000180,false,Rx,0,8,01,00,01,00,00,00,00,00,
-1778190036505031,00000280,false,Rx,0,8,8E,FF,0C,40,00,00,00,00,
-1778190036504099,00000281,false,Rx,0,8,51,0B,DC,42,00,00,34,42,
-1778190036503073,00000380,false,Rx,0,8,00,00,00,00,00,00,00,00,
-1778190036501992,00000381,false,Rx,0,8,05,00,80,3F,00,00,00,00,
-1778190036483073,00000180,false,Rx,0,8,01,00,01,00,00,00,00,00,
-1778190036482003,00000280,false,Rx,0,8,8E,FF,0C,40,00,00,00,00,
-1778190036481070,00000281,false,Rx,0,8,51,0B,DC,42,00,00,34,42,
-1778190036480043,00000380,false,Rx,0,8,00,00,00,00,00,00,00,00,
-1778190036479064,00000381,false,Rx,0,8,05,00,80,3F,00,00,00,00,
-1778190036462156,00000180,false,Rx,0,8,01,00,01,00,00,00,00,00,
-1778190036461192,00000280,false,Rx,0,8,57,B5,0B,40,00,00,00,00,
-1778190036460261,00000281,false,Rx,0,8,51,0B,DC,42,00,00,34,42,
-1778190036459232,00000380,false,Rx,0,8,00,00,00,00,00,00,00,00,
-1778190036458254,00000381,false,Rx,0,8,05,00,80,3F,00,00,00,00,
-1778190036439220,00000180,false,Rx,0,8,01,00,01,00,00,00,00,00,
-1778190036438256,00000280,false,Rx,0,8,57,B5,0B,40,00,00,00,00,
-1778190036437327,00000281,false,Rx,0,8,51,0B,DC,42,00,00,34,42,
-1778190036436298,00000380,false,Rx,0,8,00,00,00,00,00,00,00,00,
-1778190036435319,00000381,false,Rx,0,8,05,00,80,3F,00,00,00,00,
-1778190036416243,00000180,false,Rx,0,8,01,00,01,00,00,00,00,00,
-1778190036415279,00000280,false,Rx,0,8,57,B5,0B,40,00,00,00,00,
-1778190036414347,00000281,false,Rx,0,8,51,0B,DC,42,00,00,34,42,
-1778190036413321,00000380,false,Rx,0,8,00,00,00,00,00,00,00,00,
-1778190036412342,00000381,false,Rx,0,8,05,00,80,3F,00,00,00,00,
-1778190036395425,00000180,false,Rx,0,8,01,00,01,00,00,00,00,00,
-1778190036394462,00000280,false,Rx,0,8,75,C9,0C,40,00,00,00,00,
-1778190036393529,00000281,false,Rx,0,8,51,0B,DC,42,00,00,34,42,
-1778190036392504,00000380,false,Rx,0,8,00,00,00,00,00,00,00,00,
-1778190036391525,00000381,false,Rx,0,8,05,00,80,3F,00,00,00,00,
-1778190036372480,00000180,false,Rx,0,8,01,00,01,00,00,00,00,00,
-1778190036371515,00000280,false,Rx,0,8,75,C9,0C,40,00,00,00,00,
-1778190036370583,00000281,false,Rx,0,8,51,0B,DC,42,00,00,34,42,
-1778190036369558,00000380,false,Rx,0,8,00,00,00,00,00,00,00,00,
-1778190036368579,00000381,false,Rx,0,8,05,00,80,3F,00,00,00,00,
-1778190036349262,00000180,false,Rx,0,8,01,00,01,00,00,00,00,00,
-1778190036348291,00000280,false,Rx,0,8,F2,81,0B,40,00,00,00,00,
-1778190036347359,00000281,false,Rx,0,8,51,0B,DC,42,00,00,34,42,
-1778190036346330,00000380,false,Rx,0,8,00,00,00,00,00,00,00,00,
-1778190036345351,00000381,false,Rx,0,8,05,00,80,3F,00,00,00,00,
-1778190036326340,00000180,false,Rx,0,8,01,00,01,00,00,00,00,00,
-1778190036325369,00000280,false,Rx,0,8,F2,81,0B,40,00,00,00,00,
-1778190036324436,00000281,false,Rx,0,8,51,0B,DC,42,00,00,34,42,
-1778190036323411,00000380,false,Rx,0,8,00,00,00,00,00,00,00,00,
-1778190036322432,00000381,false,Rx,0,8,05,00,80,3F,00,00,00,00,
-1778190036305523,00000180,false,Rx,0,8,01,00,01,00,00,00,00,00,
-1778190036304536,00000280,false,Rx,0,8,CF,4A,0A,40,00,00,00,00,
-1778190036303603,00000281,false,Rx,0,8,51,0B,DC,42,00,00,34,42,
-1778190036302578,00000380,false,Rx,0,8,00,00,00,00,00,00,00,00,
-1778190036301599,00000381,false,Rx,0,8,05,00,80,3F,00,00,00,00,
-1778190036285156,00000180,false,Rx,0,8,01,00,01,00,00,00,00,00,
-1778190036284170,00000280,false,Rx,0,8,CF,4A,0A,40,00,00,00,00,
-1778190036283237,00000281,false,Rx,0,8,51,0B,DC,42,00,00,34,42,
-1778190036282211,00000380,false,Rx,0,8,00,00,00,00,00,00,00,00,
-1778190036281233,00000381,false,Rx,0,8,05,00,80,3F,00,00,00,00,
-1778190036262195,00000180,false,Rx,0,8,01,00,01,00,00,00,00,00,
-1778190036261207,00000280,false,Rx,0,8,CF,4A,0A,40,00,00,00,00,
-1778190036260175,00000281,false,Rx,0,8,51,0B,DC,42,00,00,34,42,
-1778190036259150,00000380,false,Rx,0,8,00,00,00,00,00,00,00,00,
-1778190036258171,00000381,false,Rx,0,8,05,00,80,3F,00,00,00,00,
-1778190036241408,00000180,false,Rx,0,8,01,00,01,00,00,00,00,00,
-1778190036240328,00000280,false,Rx,0,8,0E,71,0B,40,00,00,00,00,
-1778190036239400,00000281,false,Rx,0,8,51,0B,DC,42,00,00,34,42,
-1778190036238370,00000380,false,Rx,0,8,00,00,00,00,00,00,00,00,
-1778190036237393,00000381,false,Rx,0,8,05,00,80,3F,00,00,00,00,
-1778190036218373,00000180,false,Rx,0,8,01,00,01,00,00,00,00,00,
-1778190036217391,00000280,false,Rx,0,8,0E,71,0B,40,00,00,00,00,
-1778190036216462,00000281,false,Rx,0,8,51,0B,DC,42,00,00,34,42,
-1778190036215432,00000380,false,Rx,0,8,00,00,00,00,00,00,00,00,
-1778190036214454,00000381,false,Rx,0,8,05,00,80,3F,00,00,00,00,
-1778190036195145,00000180,false,Rx,0,8,01,00,01,00,00,00,00,00,
-1778190036194166,00000280,false,Rx,0,8,C4,3A,0A,40,00,00,00,00,
-1778190036193237,00000281,false,Rx,0,8,51,0B,DC,42,00,00,34,42,
-1778190036192208,00000380,false,Rx,0,8,00,00,00,00,00,00,00,00,
-1778190036191230,00000381,false,Rx,0,8,05,00,80,3F,00,00,00,00,
-1778190036172226,00000180,false,Rx,0,8,01,00,01,00,00,00,00,00,
-1778190036171247,00000280,false,Rx,0,8,C4,3A,0A,40,00,00,00,00,
-1778190036170315,00000281,false,Rx,0,8,51,0B,DC,42,00,00,34,42,
-1778190036169290,00000380,false,Rx,0,8,00,00,00,00,00,00,00,00,
-1778190036168306,00000381,false,Rx,0,8,05,00,80,3F,00,00,00,00,
-1778190036149441,00000180,false,Rx,0,8,01,00,01,00,00,00,00,00,
-1778190036148462,00000280,false,Rx,0,8,C4,3A,0A,40,00,00,00,00,
-1778190036147530,00000281,false,Rx,0,8,51,0B,DC,42,00,00,34,42,
-1778190036146505,00000380,false,Rx,0,8,00,00,00,00,00,00,00,00,
-1778190036145525,00000381,false,Rx,0,8,05,00,80,3F,00,00,00,00,
-1778190036128617,00000180,false,Rx,0,8,01,00,01,00,00,00,00,00,
-1778190036127638,00000280,false,Rx,0,8,FE,13,09,40,00,00,00,00,
-1778190036126706,00000281,false,Rx,0,8,51,0B,DC,42,00,00,34,42,
-1778190036125680,00000380,false,Rx,0,8,00,00,00,00,00,00,00,00,
-1778190036124701,00000381,false,Rx,0,8,05,00,80,3F,00,00,00,00,
-1778190036105705,00000180,false,Rx,0,8,01,00,01,00,00,00,00,00,
-1778190036104725,00000280,false,Rx,0,8,FE,13,09,40,00,00,00,00,
-1778190036103793,00000281,false,Rx,0,8,51,0B,DC,42,00,00,34,42,
-1778190036102764,00000380,false,Rx,0,8,00,00,00,00,00,00,00,00,
-1778190036101785,00000381,false,Rx,0,8,05,00,80,3F,00,00,00,00,
-1778190036085077,00000180,false,Rx,0,8,01,00,01,00,00,00,00,00,
-1778190036084106,00000280,false,Rx,0,8,C7,49,0A,40,00,00,00,00,
-1778190036083176,00000281,false,Rx,0,8,51,0B,DC,42,00,00,34,42,
-1778190036082147,00000380,false,Rx,0,8,00,00,00,00,00,00,00,00,
-1778190036081169,00000381,false,Rx,0,8,05,00,80,3F,00,00,00,00,
-1778190036062149,00000180,false,Rx,0,8,01,00,01,00,00,00,00,00,
-1778190036061178,00000280,false,Rx,0,8,C7,49,0A,40,00,00,00,00,
-1778190036060246,00000281,false,Rx,0,8,51,0B,DC,42,00,00,34,42,
-1778190036059120,00000380,false,Rx,0,8,00,00,00,00,00,00,00,00,
-1778190036058141,00000381,false,Rx,0,8,05,00,80,3F,00,00,00,00,
-1778190036039116,00000180,false,Rx,0,8,01,00,01,00,00,00,00,00,
-1778190036038030,00000280,false,Rx,0,8,40,22,09,40,00,00,00,00,
-1778190036037098,00000281,false,Rx,0,8,51,0B,DC,42,00,00,34,42,
-1778190036036072,00000380,false,Rx,0,8,00,00,00,00,00,00,00,00,
-1778190036035091,00000381,false,Rx,0,8,05,00,80,3F,00,00,00,00,
-1778190036016086,00000180,false,Rx,0,8,01,00,01,00,00,00,00,00,
-1778190036015100,00000280,false,Rx,0,8,40,22,09,40,00,00,00,00,
-1778190036014166,00000281,false,Rx,0,8,51,0B,DC,42,00,00,34,42,
-1778190036013141,00000380,false,Rx,0,8,00,00,00,00,00,00,00,00,
-1778190036012163,00000381,false,Rx,0,8,05,00,80,3F,00,00,00,00,
-1778190035993108,00000180,false,Rx,0,8,01,00,01,00,00,00,00,00,
-1778190035992122,00000280,false,Rx,0,8,40,22,09,40,00,00,00,00,
-1778190035991189,00000281,false,Rx,0,8,51,0B,DC,42,00,00,34,42,
-1778190035990164,00000380,false,Rx,0,8,00,00,00,00,00,00,00,00,
-1778190035989185,00000381,false,Rx,0,8,05,00,80,3F,00,00,00,00,
-1778190035972291,00000180,false,Rx,0,8,01,00,01,00,00,00,00,00,
-1778190035971296,00000280,false,Rx,0,8,80,09,08,40,00,00,00,00,
-1778190035970368,00000281,false,Rx,0,8,51,0B,DC,42,00,00,34,42,
-1778190035969339,00000380,false,Rx,0,8,00,00,00,00,00,00,00,00,
-1778190035968360,00000381,false,Rx,0,8,05,00,80,3F,00,00,00,00,
-1778190035949340,00000180,false,Rx,0,8,01,00,01,00,00,00,00,00,
-1778190035948346,00000280,false,Rx,0,8,80,09,08,40,00,00,00,00,
-1778190035947414,00000281,false,Rx,0,8,51,0B,DC,42,00,00,34,42,
-1778190035946384,00000380,false,Rx,0,8,00,00,00,00,00,00,00,00,
-1778190035945406,00000381,false,Rx,0,8,05,00,80,3F,00,00,00,00,
-1778190035928539,00000180,false,Rx,0,8,01,00,01,00,00,00,00,00,
-1778190035927548,00000280,false,Rx,0,8,CA,FE,06,40,00,00,00,00,
-1778190035926619,00000281,false,Rx,0,8,51,0B,DC,42,00,00,34,42,
-1778190035925591,00000380,false,Rx,0,8,00,00,00,00,00,00,00,00,
-1778190035924611,00000381,false,Rx,0,8,05,00,80,3F,00,00,00,00,
-1778190035905608,00000180,false,Rx,0,8,01,00,01,00,00,00,00,00,
-1778190035904621,00000280,false,Rx,0,8,CA,FE,06,40,00,00,00,00,
-1778190035903688,00000281,false,Rx,0,8,51,0B,DC,42,00,00,34,42,
-1778190035902662,00000380,false,Rx,0,8,00,00,00,00,00,00,00,00,
-1778190035901684,00000381,false,Rx,0,8,05,00,80,3F,00,00,00,00,
-1778190035884797,00000180,false,Rx,0,8,01,00,01,00,00,00,00,00,
-1778190035883819,00000280,false,Rx,0,8,3C,4F,08,40,00,00,00,00,
-1778190035882890,00000281,false,Rx,0,8,51,0B,DC,42,00,00,34,42,
-1778190035881861,00000380,false,Rx,0,8,00,00,00,00,00,00,00,00,
-1778190035880881,00000381,false,Rx,0,8,05,00,80,3F,00,00,00,00,
-1778190035859453,00000180,false,Rx,0,8,01,00,01,00,00,00,00,00,
-1778190035858473,00000280,false,Rx,0,8,3C,4F,08,40,00,00,00,00,
-1778190035857443,00000281,false,Rx,0,8,51,0B,DC,42,00,00,34,42,
-1778190035856415,00000380,false,Rx,0,8,00,00,00,00,00,00,00,00,
-1778190035855438,00000381,false,Rx,0,8,05,00,80,3F,00,00,00,00,
-1778190035836377,00000180,false,Rx,0,8,01,00,01,00,00,00,00,00,
-1778190035835399,00000280,false,Rx,0,8,3C,4F,08,40,00,00,00,00,
-1778190035834465,00000281,false,Rx,0,8,51,0B,DC,42,00,00,34,42,
-1778190035833440,00000380,false,Rx,0,8,00,00,00,00,00,00,00,00,
-1778190035832462,00000381,false,Rx,0,8,05,00,80,3F,00,00,00,00,
-1778190035815567,00000180,false,Rx,0,8,01,00,01,00,00,00,00,00,
-1778190035814581,00000280,false,Rx,0,8,09,41,07,40,00,00,00,00,
-1778190035813648,00000281,false,Rx,0,8,51,0B,DC,42,00,00,34,42,
-1778190035812623,00000380,false,Rx,0,8,00,00,00,00,00,00,00,00,
-1778190035811644,00000381,false,Rx,0,8,05,00,80,3F,00,00,00,00,
-1778190035792621,00000180,false,Rx,0,8,01,00,01,00,00,00,00,00,
-1778190035791634,00000280,false,Rx,0,8,09,41,07,40,00,00,00,00,
-1778190035790705,00000281,false,Rx,0,8,51,0B,DC,42,00,00,34,42,
-1778190035789676,00000380,false,Rx,0,8,00,00,00,00,00,00,00,00,
-1778190035788697,00000381,false,Rx,0,8,05,00,80,3F,00,00,00,00,
-1778190035771819,00000180,false,Rx,0,8,01,00,01,00,00,00,00,00,
-1778190035770832,00000280,false,Rx,0,8,59,40,06,40,00,00,00,00,
-1778190035769899,00000281,false,Rx,0,8,51,0B,DC,42,00,00,34,42,
-1778190035768874,00000380,false,Rx,0,8,00,00,00,00,00,00,00,00,
-1778190035767895,00000381,false,Rx,0,8,05,00,80,3F,00,00,00,00,
-1778190035748875,00000180,false,Rx,0,8,01,00,01,00,00,00,00,00,
-1778190035747888,00000280,false,Rx,0,8,59,40,06,40,00,00,00,00,
-1778190035746956,00000281,false,Rx,0,8,51,0B,DC,42,00,00,34,42,
-1778190035745930,00000380,false,Rx,0,8,00,00,00,00,00,00,00,00,
-1778190035744951,00000381,false,Rx,0,8,05,00,80,3F,00,00,00,00,
-1778190035728057,00000180,false,Rx,0,8,01,00,01,00,00,00,00,00,
-1778190035727078,00000280,false,Rx,0,8,7E,4C,05,40,00,00,00,00,
-1778190035726146,00000281,false,Rx,0,8,51,0B,DC,42,00,00,34,42,
-1778190035725121,00000380,false,Rx,0,8,00,00,00,00,00,00,00,00,
-1778190035724141,00000381,false,Rx,0,8,05,00,80,3F,00,00,00,00,
-1778190035705288,00000180,false,Rx,0,8,01,00,01,00,00,00,00,00,
-1778190035704310,00000280,false,Rx,0,8,7E,4C,05,40,00,00,00,00,
-1778190035703377,00000281,false,Rx,0,8,51,0B,DC,42,00,00,34,42,
-1778190035702351,00000380,false,Rx,0,8,00,00,00,00,00,00,00,00,
-1778190035701372,00000381,false,Rx,0,8,05,00,80,3F,00,00,00,00,
-1778190035682356,00000180,false,Rx,0,8,01,00,01,00,00,00,00,00,
-1778190035681378,00000280,false,Rx,0,8,7E,4C,05,40,00,00,00,00,
-1778190035680449,00000281,false,Rx,0,8,51,0B,DC,42,00,00,34,42,
-1778190035679420,00000380,false,Rx,0,8,00,00,00,00,00,00,00,00,
-1778190035678441,00000381,false,Rx,0,8,05,00,80,3F,00,00,00,00,
-1778190035661540,00000180,false,Rx,0,8,01,00,01,00,00,00,00,00,
-1778190035660568,00000280,false,Rx,0,8,D5,64,04,40,00,00,00,00,
-1778190035659639,00000281,false,Rx,0,8,51,0B,DC,42,00,00,34,42,
-1778190035658614,00000380,false,Rx,0,8,00,00,00,00,00,00,00,00,
-1778190035657632,00000381,false,Rx,0,8,05,00,80,3F,00,00,00,00,
-1778190035638588,00000180,false,Rx,0,8,01,00,01,00,00,00,00,00,
-1778190035637617,00000280,false,Rx,0,8,D5,64,04,40,00,00,00,00,
-1778190035636687,00000281,false,Rx,0,8,51,0B,DC,42,00,00,34,42,
-1778190035635561,00000380,false,Rx,0,8,00,00,00,00,00,00,00,00,
-1778190035634581,00000381,false,Rx,0,8,05,00,80,3F,00,00,00,00,
-1778190035617786,00000180,false,Rx,0,8,01,00,01,00,00,00,00,00,
-1778190035616808,00000280,false,Rx,0,8,C1,88,03,40,00,00,00,00,
-1778190035615875,00000281,false,Rx,0,8,51,0B,DC,42,00,00,34,42,
-1778190035614746,00000380,false,Rx,0,8,00,00,00,00,00,00,00,00,
-1778190035613769,00000381,false,Rx,0,8,05,00,80,3F,00,00,00,00,
-1778190035594757,00000180,false,Rx,0,8,01,00,01,00,00,00,00,00,
-1778190035593778,00000280,false,Rx,0,8,C1,88,03,40,00,00,00,00,
-1778190035592847,00000281,false,Rx,0,8,51,0B,DC,42,00,00,34,42,
-1778190035591818,00000380,false,Rx,0,8,00,00,00,00,00,00,00,00,
-1778190035590839,00000381,false,Rx,0,8,05,00,80,3F,00,00,00,00,
-1778190035571770,00000180,false,Rx,0,8,01,00,01,00,00,00,00,00,
-1778190035570791,00000280,false,Rx,0,8,C1,88,03,40,00,00,00,00,
-1778190035569862,00000281,false,Rx,0,8,51,0B,DC,42,00,00,34,42,
-1778190035568833,00000380,false,Rx,0,8,00,00,00,00,00,00,00,00,
-1778190035567854,00000381,false,Rx,0,8,05,00,80,3F,00,00,00,00,
-1778190035548753,00000180,false,Rx,0,8,01,00,01,00,00,00,00,00,
-1778190035547775,00000280,false,Rx,0,8,AE,B7,02,40,00,00,00,00,
-1778190035546842,00000281,false,Rx,0,8,51,0B,DC,42,00,00,34,42,
-1778190035545817,00000380,false,Rx,0,8,00,00,00,00,00,00,00,00,
-1778190035544838,00000381,false,Rx,0,8,05,00,80,3F,00,00,00,00,
-1778190035525822,00000180,false,Rx,0,8,01,00,01,00,00,00,00,00,
-1778190035524844,00000280,false,Rx,0,8,AE,B7,02,40,00,00,00,00,
-1778190035523915,00000281,false,Rx,0,8,51,0B,DC,42,00,00,34,42,
-1778190035522885,00000380,false,Rx,0,8,00,00,00,00,00,00,00,00,
-1778190035521907,00000381,false,Rx,0,8,05,00,80,3F,00,00,00,00,
-1778190035504996,00000180,false,Rx,0,8,01,00,01,00,00,00,00,00,
-1778190035504010,00000280,false,Rx,0,8,0F,F1,01,40,00,00,00,00,
-1778190035503081,00000281,false,Rx,0,8,51,0B,DC,42,00,00,34,42,
-1778190035502052,00000380,false,Rx,0,8,00,00,00,00,00,00,00,00,
-1778190035501072,00000381,false,Rx,0,8,05,00,80,3F,00,00,00,00,
-1778190035482276,00000180,false,Rx,0,8,01,00,01,00,00,00,00,00,
-1778190035481290,00000280,false,Rx,0,8,0F,F1,01,40,00,00,00,00,
-1778190035480357,00000281,false,Rx,0,8,51,0B,DC,42,00,00,34,42,
-1778190035479331,00000380,false,Rx,0,8,00,00,00,00,00,00,00,00,
-1778190035478353,00000381,false,Rx,0,8,05,00,80,3F,00,00,00,00,
-1778190035461652,00000180,false,Rx,0,8,01,00,01,00,00,00,00,00,
-1778190035460657,00000280,false,Rx,0,8,5E,34,01,40,00,00,00,00,
-1778190035459724,00000281,false,Rx,0,8,51,0B,DC,42,00,00,34,42,
-1778190035458695,00000380,false,Rx,0,8,00,00,00,00,00,00,00,00,
-1778190035457716,00000381,false,Rx,0,8,05,00,80,3F,00,00,00,00,
-1778190035438931,00000180,false,Rx,0,8,01,00,01,00,00,00,00,00,
-1778190035437932,00000280,false,Rx,0,8,5E,34,01,40,00,00,00,00,
-1778190035437003,00000281,false,Rx,0,8,51,0B,DC,42,00,00,34,42,
-1778190035435975,00000380,false,Rx,0,8,00,00,00,00,00,00,00,00,
-1778190035434995,00000381,false,Rx,0,8,05,00,80,3F,00,00,00,00,
-1778190035416146,00000180,false,Rx,0,8,01,00,01,00,00,00,00,00,
-1778190035415147,00000280,false,Rx,0,8,5E,34,01,40,00,00,00,00,
-1778190035414318,00000281,false,Rx,0,8,51,0B,DC,42,00,00,34,42,
-1778190035413292,00000380,false,Rx,0,8,00,00,00,00,00,00,00,00,
-1778190035412312,00000381,false,Rx,0,8,05,00,80,3F,00,00,00,00,
-1778190035395527,00000180,false,Rx,0,8,01,00,01,00,00,00,00,00,
-1778190035394638,00000280,false,Rx,0,8,1D,81,00,40,00,00,00,00,
-1778190035393706,00000281,false,Rx,0,8,51,0B,DC,42,00,00,34,42,
-1778190035392680,00000380,false,Rx,0,8,00,00,00,00,00,00,00,00,
-1778190035391700,00000381,false,Rx,0,8,05,00,80,3F,00,00,00,00,
-1778190035370488,00000180,false,Rx,0,8,01,00,01,00,00,00,00,00,
-1778190035369502,00000280,false,Rx,0,8,1D,81,00,40,00,00,00,00,
-1778190035368568,00000281,false,Rx,0,8,51,0B,DC,42,00,00,34,42,
-1778190035367543,00000380,false,Rx,0,8,00,00,00,00,00,00,00,00,
-1778190035366565,00000381,false,Rx,0,8,05,00,80,3F,00,00,00,00,
-1778190035349878,00000180,false,Rx,0,8,01,00,01,00,00,00,00,00,
-1778190035348899,00000280,false,Rx,0,8,A4,24,02,40,00,00,00,00,
-1778190035347970,00000281,false,Rx,0,8,51,0B,DC,42,00,00,34,42,
-1778190035346940,00000380,false,Rx,0,8,00,00,00,00,00,00,00,00,
-1778190035345962,00000381,false,Rx,0,8,05,00,80,3F,00,00,00,00,
-1778190035327131,00000180,false,Rx,0,8,01,00,01,00,00,00,00,00,
-1778190035326152,00000280,false,Rx,0,8,A4,24,02,40,00,00,00,00,
-1778190035325224,00000281,false,Rx,0,8,51,0B,DC,42,00,00,34,42,
-1778190035324194,00000380,false,Rx,0,8,00,00,00,00,00,00,00,00,
-1778190035323215,00000381,false,Rx,0,8,05,00,80,3F,00,00,00,00,
-1778190035306514,00000180,false,Rx,0,8,01,00,01,00,00,00,00,00,
-1778190035305527,00000280,false,Rx,0,8,5F,65,01,40,00,00,00,00,
-1778190035304594,00000281,false,Rx,0,8,51,0B,DC,42,00,00,34,42,
-1778190035303569,00000380,false,Rx,0,8,00,00,00,00,00,00,00,00,
-1778190035302590,00000381,false,Rx,0,8,05,00,80,3F,00,00,00,00,
-1778190035283802,00000180,false,Rx,0,8,01,00,01,00,00,00,00,00,
-1778190035282815,00000280,false,Rx,0,8,5F,65,01,40,00,00,00,00,
-1778190035281882,00000281,false,Rx,0,8,51,0B,DC,42,00,00,34,42,
-1778190035280857,00000380,false,Rx,0,8,00,00,00,00,00,00,00,00,
-1778190035279878,00000381,false,Rx,0,8,05,00,80,3F,00,00,00,00,
-1778190035261232,00000180,false,Rx,0,8,01,00,01,00,00,00,00,00,
-1778190035260245,00000280,false,Rx,0,8,5F,65,01,40,00,00,00,00,
-1778190035259316,00000281,false,Rx,0,8,51,0B,DC,42,00,00,34,42,
-1778190035258288,00000380,false,Rx,0,8,00,00,00,00,00,00,00,00,
-1778190035257308,00000381,false,Rx,0,8,05,00,80,3F,00,00,00,00,
-1778190035240791,00000180,false,Rx,0,8,01,00,01,00,00,00,00,00,
-1778190035239812,00000280,false,Rx,0,8,AA,AF,00,40,00,00,00,00,
-1778190035238879,00000281,false,Rx,0,8,51,0B,DC,42,00,00,34,42,
-1778190035237854,00000380,false,Rx,0,8,00,00,00,00,00,00,00,00,
-1778190035236875,00000381,false,Rx,0,8,05,00,80,3F,00,00,00,00,
-1778190035215669,00000180,false,Rx,0,8,01,00,01,00,00,00,00,00,
-1778190035214790,00000280,false,Rx,0,8,AA,AF,00,40,00,00,00,00,
-1778190035213860,00000281,false,Rx,0,8,51,0B,DC,42,00,00,34,42,
-1778190035212831,00000380,false,Rx,0,8,00,00,00,00,00,00,00,00,
-1778190035211855,00000381,false,Rx,0,8,05,00,80,3F,00,00,00,00,
-1778190035195246,00000180,false,Rx,0,8,01,00,01,00,00,00,00,00,
-1778190035194358,00000280,false,Rx,0,8,0B,03,00,40,00,00,00,00,
-1778190035193425,00000281,false,Rx,0,8,51,0B,DC,42,00,00,34,42,
-1778190035192400,00000380,false,Rx,0,8,00,00,00,00,00,00,00,00,
-1778190035191420,00000381,false,Rx,0,8,05,00,80,3F,00,00,00,00,
-1778190035172622,00000180,false,Rx,0,8,01,00,01,00,00,00,00,00,
-1778190035171636,00000280,false,Rx,0,8,0B,03,00,40,00,00,00,00,
-1778190035170707,00000281,false,Rx,0,8,51,0B,DC,42,00,00,34,42,
-1778190035169677,00000380,false,Rx,0,8,00,00,00,00,00,00,00,00,
-1778190035168699,00000381,false,Rx,0,8,05,00,80,3F,00,00,00,00,
-1778190035151942,00000180,false,Rx,0,8,01,00,01,00,00,00,00,00,
-1778190035150952,00000280,false,Rx,0,8,1B,BE,FE,3F,00,00,00,00,
-1778190035150023,00000281,false,Rx,0,8,51,0B,DC,42,00,00,34,42,
-1778190035148994,00000380,false,Rx,0,8,00,00,00,00,00,00,00,00,
-1778190035148015,00000381,false,Rx,0,8,05,00,80,3F,00,00,00,00,
-1778190035131827,00000180,false,Rx,0,8,01,00,01,00,00,00,00,00,
-1778190035130840,00000280,false,Rx,0,8,1B,BE,FE,3F,00,00,00,00,
-1778190035129911,00000281,false,Rx,0,8,51,0B,DC,42,00,00,34,42,
-1778190035128882,00000380,false,Rx,0,8,00,00,00,00,00,00,00,00,
-1778190035127903,00000381,false,Rx,0,8,05,00,80,3F,00,00,00,00,
-1778190035109092,00000180,false,Rx,0,8,01,00,01,00,00,00,00,00,
-1778190035108106,00000280,false,Rx,0,8,1B,BE,FE,3F,00,00,00,00,
-1778190035107172,00000281,false,Rx,0,8,51,0B,DC,42,00,00,34,42,
-1778190035106147,00000380,false,Rx,0,8,00,00,00,00,00,00,00,00,
-1778190035105169,00000381,false,Rx,0,8,05,00,80,3F,00,00,00,00,
-1778190035088474,00000180,false,Rx,0,8,01,00,01,00,00,00,00,00,
-1778190035087495,00000280,false,Rx,0,8,86,86,FD,3F,00,00,00,00,
-1778190035086566,00000281,false,Rx,0,8,51,0B,DC,42,00,00,34,42,
-1778190035085537,00000380,false,Rx,0,8,00,00,00,00,00,00,00,00,
-1778190035084558,00000381,false,Rx,0,8,05,00,80,3F,00,00,00,00,
-1778190035063322,00000180,false,Rx,0,8,01,00,01,00,00,00,00,00,
-1778190035062342,00000280,false,Rx,0,8,86,86,FD,3F,00,00,00,00,
-1778190035061409,00000281,false,Rx,0,8,51,0B,DC,42,00,00,34,42,
-1778190035060385,00000380,false,Rx,0,8,00,00,00,00,00,00,00,00,
-1778190035059405,00000381,false,Rx,0,8,05,00,80,3F,00,00,00,00,
-1778190035042718,00000180,false,Rx,0,8,01,00,01,00,00,00,00,00,
-1778190035041747,00000280,false,Rx,0,8,86,5E,FC,3F,00,00,00,00,
-1778190035040819,00000281,false,Rx,0,8,51,0B,DC,42,00,00,34,42,
-1778190035039793,00000380,false,Rx,0,8,00,00,00,00,00,00,00,00,
-1778190035038810,00000381,false,Rx,0,8,05,00,80,3F,00,00,00,00,
-1778190035019976,00000180,false,Rx,0,8,01,00,01,00,00,00,00,00,
-1778190035019005,00000280,false,Rx,0,8,86,5E,FC,3F,00,00,00,00,
-1778190035018072,00000281,false,Rx,0,8,51,0B,DC,42,00,00,34,42,
-1778190035017047,00000380,false,Rx,0,8,00,00,00,00,00,00,00,00,
-1778190035016068,00000381,false,Rx,0,8,05,00,80,3F,00,00,00,00,
-1778190034997204,00000180,false,Rx,0,8,01,00,01,00,00,00,00,00,
-1778190034996233,00000280,false,Rx,0,8,86,5E,FC,3F,00,00,00,00,
-1778190034995402,00000281,false,Rx,0,8,51,0B,DC,42,00,00,34,42,
-1778190034994376,00000380,false,Rx,0,8,00,00,00,00,00,00,00,00,
-1778190034993396,00000381,false,Rx,0,8,05,00,80,3F,00,00,00,00,
-1778190034976594,00000180,false,Rx,0,8,01,00,01,00,00,00,00,00,
-1778190034975623,00000280,false,Rx,0,8,53,45,FB,3F,00,00,00,00,
-1778190034974793,00000281,false,Rx,0,8,51,0B,DC,42,00,00,34,42,
-1778190034973768,00000380,false,Rx,0,8,00,00,00,00,00,00,00,00,
-1778190034972788,00000381,false,Rx,0,8,05,00,80,3F,00,00,00,00,
-1778190034953953,00000180,false,Rx,0,8,01,00,01,00,00,00,00,00,
-1778190034952982,00000280,false,Rx,0,8,53,45,FB,3F,00,00,00,00,
-1778190034952048,00000281,false,Rx,0,8,51,0B,DC,42,00,00,34,42,
-1778190034951023,00000380,false,Rx,0,8,00,00,00,00,00,00,00,00,
-1778190034950045,00000381,false,Rx,0,8,05,00,80,3F,00,00,00,00,
-1778190034933350,00000180,false,Rx,0,8,01,00,01,00,00,00,00,00,
-1778190034932356,00000280,false,Rx,0,8,2E,3A,FA,3F,00,00,00,00,
-1778190034931424,00000281,false,Rx,0,8,51,0B,DC,42,00,00,34,42,
-1778190034930395,00000380,false,Rx,0,8,00,00,00,00,00,00,00,00,
-1778190034929415,00000381,false,Rx,0,8,05,00,80,3F,00,00,00,00,
-1778190034910613,00000180,false,Rx,0,8,01,00,01,00,00,00,00,00,
-1778190034909618,00000280,false,Rx,0,8,2E,3A,FA,3F,00,00,00,00,
-1778190034908685,00000281,false,Rx,0,8,51,0B,DC,42,00,00,34,42,
-1778190034907660,00000380,false,Rx,0,8,00,00,00,00,00,00,00,00,
-1778190034906678,00000381,false,Rx,0,8,05,00,80,3F,00,00,00,00,
-1778190034887588,00000180,false,Rx,0,8,01,00,01,00,00,00,00,00,
-1778190034886617,00000280,false,Rx,0,8,65,3C,F9,3F,00,00,00,00,
-1778190034885684,00000281,false,Rx,0,8,51,0B,DC,42,00,00,34,42,
-1778190034884659,00000380,false,Rx,0,8,00,00,00,00,00,00,00,00,
-1778190034883680,00000381,false,Rx,0,8,05,00,80,3F,00,00,00,00,
-1778190034864857,00000180,false,Rx,0,8,01,00,01,00,00,00,00,00,
-1778190034863886,00000280,false,Rx,0,8,65,3C,F9,3F,00,00,00,00,
-1778190034862958,00000281,false,Rx,0,8,51,0B,DC,42,00,00,34,42,
-1778190034861928,00000380,false,Rx,0,8,00,00,00,00,00,00,00,00,
-1778190034860949,00000381,false,Rx,0,8,05,00,80,3F,00,00,00,00,
-1778190034842064,00000180,false,Rx,0,8,01,00,01,00,00,00,00,00,
-1778190034841093,00000280,false,Rx,0,8,65,3C,F9,3F,00,00,00,00,
-1778190034840164,00000281,false,Rx,0,8,51,0B,DC,42,00,00,34,42,
-1778190034839135,00000380,false,Rx,0,8,00,00,00,00,00,00,00,00,
-1778190034838156,00000381,false,Rx,0,8,05,00,80,3F,00,00,00,00,
-1778190034821455,00000180,false,Rx,0,8,01,00,01,00,00,00,00,00,
-1778190034820468,00000280,false,Rx,0,8,4D,4B,F8,3F,00,00,00,00,
-1778190034819539,00000281,false,Rx,0,8,51,0B,DC,42,00,00,34,42,
-1778190034818510,00000380,false,Rx,0,8,00,00,00,00,00,00,00,00,
-1778190034817531,00000381,false,Rx,0,8,05,00,80,3F,00,00,00,00,
-1778190034798720,00000180,false,Rx,0,8,01,00,01,00,00,00,00,00,
-1778190034797732,00000280,false,Rx,0,8,4D,4B,F8,3F,00,00,00,00,
-1778190034796800,00000281,false,Rx,0,8,51,0B,DC,42,00,00,34,42,
-1778190034795775,00000380,false,Rx,0,8,00,00,00,00,00,00,00,00,
-1778190034794893,00000381,false,Rx,0,8,05,00,80,3F,00,00,00,00,
-1778190034778109,00000180,false,Rx,0,8,01,00,01,00,00,00,00,00,
-1778190034777146,00000280,false,Rx,0,8,43,66,F7,3F,00,00,00,00,
-1778190034776213,00000281,false,Rx,0,8,51,0B,DC,42,00,00,34,42,
-1778190034775288,00000380,false,Rx,0,8,00,00,00,00,00,00,00,00,
-1778190034774306,00000381,false,Rx,0,8,05,00,80,3F,00,00,00,00,
-1778190034755480,00000180,false,Rx,0,8,01,00,01,00,00,00,00,00,
-1778190034754517,00000280,false,Rx,0,8,43,66,F7,3F,00,00,00,00,
-1778190034753584,00000281,false,Rx,0,8,51,0B,DC,42,00,00,34,42,
-1778190034752559,00000380,false,Rx,0,8,00,00,00,00,00,00,00,00,
-1778190034751580,00000381,false,Rx,0,8,05,00,80,3F,00,00,00,00,
-1778190034732454,00000180,false,Rx,0,8,01,00,01,00,00,00,00,00,
-1778190034731489,00000280,false,Rx,0,8,AD,8C,F6,3F,00,00,00,00,
-1778190034730561,00000281,false,Rx,0,8,51,0B,DC,42,00,00,34,42,
-1778190034729532,00000380,false,Rx,0,8,00,00,00,00,00,00,00,00,
-1778190034728553,00000381,false,Rx,0,8,05,00,80,3F,00,00,00,00,
-1778190034712288,00000180,false,Rx,0,8,01,00,01,00,00,00,00,00,
-1778190034711324,00000280,false,Rx,0,8,AD,8C,F6,3F,00,00,00,00,
-1778190034710392,00000281,false,Rx,0,8,51,0B,DC,42,00,00,34,42,
-1778190034709366,00000380,false,Rx,0,8,00,00,00,00,00,00,00,00,
-1778190034708387,00000381,false,Rx,0,8,05,00,80,3F,00,00,00,00,
-1778190034689549,00000180,false,Rx,0,8,01,00,01,00,00,00,00,00,
-1778190034688585,00000280,false,Rx,0,8,AD,8C,F6,3F,00,00,00,00,
-1778190034687656,00000281,false,Rx,0,8,51,0B,DC,42,00,00,34,42,
-1778190034686627,00000380,false,Rx,0,8,00,00,00,00,00,00,00,00,
-1778190034685649,00000381,false,Rx,0,8,05,00,80,3F,00,00,00,00,
-1778190034668939,00000180,false,Rx,0,8,01,00,01,00,00,00,00,00,
-1778190034667953,00000280,false,Rx,0,8,F8,BD,F5,3F,00,00,00,00,
-1778190034667020,00000281,false,Rx,0,8,51,0B,DC,42,00,00,34,42,
-1778190034665995,00000380,false,Rx,0,8,00,00,00,00,00,00,00,00,
-1778190034665016,00000381,false,Rx,0,8,05,00,80,3F,00,00,00,00,
-1778190034646196,00000180,false,Rx,0,8,01,00,01,00,00,00,00,00,
-1778190034645210,00000280,false,Rx,0,8,F8,BD,F5,3F,00,00,00,00,
-1778190034644277,00000281,false,Rx,0,8,51,0B,DC,42,00,00,34,42,
-1778190034643248,00000380,false,Rx,0,8,00,00,00,00,00,00,00,00,
-1778190034642269,00000381,false,Rx,0,8,05,00,80,3F,00,00,00,00,
-1778190034625595,00000180,false,Rx,0,8,01,00,01,00,00,00,00,00,
-1778190034624608,00000280,false,Rx,0,8,98,F9,F4,3F,00,00,00,00,
-1778190034623675,00000281,false,Rx,0,8,51,0B,DC,42,00,00,34,42,
-1778190034622646,00000380,false,Rx,0,8,00,00,00,00,00,00,00,00,
-1778190034621668,00000381,false,Rx,0,8,05,00,80,3F,00,00,00,00,
-1778190034602872,00000180,false,Rx,0,8,01,00,01,00,00,00,00,00,
-1778190034601884,00000280,false,Rx,0,8,98,F9,F4,3F,00,00,00,00,
-1778190034600956,00000281,false,Rx,0,8,51,0B,DC,42,00,00,34,42,
-1778190034599927,00000380,false,Rx,0,8,00,00,00,00,00,00,00,00,
-1778190034598948,00000381,false,Rx,0,8,05,00,80,3F,00,00,00,00,
-1778190034577854,00000180,false,Rx,0,8,01,00,01,00,00,00,00,00,
-1778190034576868,00000280,false,Rx,0,8,98,F9,F4,3F,00,00,00,00,
-1778190034576036,00000281,false,Rx,0,8,51,0B,DC,42,00,00,34,42,
-1778190034575011,00000380,false,Rx,0,8,00,00,00,00,00,00,00,00,
-1778190034574032,00000381,false,Rx,0,8,05,00,80,3F,00,00,00,00,
-1778190034557255,00000180,false,Rx,0,8,01,00,01,00,00,00,00,00,
-1778190034556268,00000280,false,Rx,0,8,0A,3F,F4,3F,00,00,00,00,
-1778190034555437,00000281,false,Rx,0,8,51,0B,DC,42,00,00,34,42,
-1778190034554408,00000380,false,Rx,0,8,00,00,00,00,00,00,00,00,
-1778190034553429,00000381,false,Rx,0,8,05,00,80,3F,00,00,00,00,
-1778190034534633,00000180,false,Rx,0,8,01,00,01,00,00,00,00,00,
-1778190034533645,00000280,false,Rx,0,8,0A,3F,F4,3F,00,00,00,00,
-1778190034532716,00000281,false,Rx,0,8,51,0B,DC,42,00,00,34,42,
-1778190034531688,00000380,false,Rx,0,8,00,00,00,00,00,00,00,00,
-1778190034530708,00000381,false,Rx,0,8,05,00,80,3F,00,00,00,00,
-1778190034514015,00000180,false,Rx,0,8,01,00,01,00,00,00,00,00,
-1778190034513036,00000280,false,Rx,0,8,D0,8D,F3,3F,00,00,00,00,
-1778190034512107,00000281,false,Rx,0,8,51,0B,DC,42,00,00,34,42,
-1778190034511079,00000380,false,Rx,0,8,00,00,00,00,00,00,00,00,
-1778190034510099,00000381,false,Rx,0,8,05,00,80,3F,00,00,00,00,
-1778190034491272,00000180,false,Rx,0,8,01,00,01,00,00,00,00,00,
-1778190034490293,00000280,false,Rx,0,8,D0,8D,F3,3F,00,00,00,00,
-1778190034489361,00000281,false,Rx,0,8,51,0B,DC,42,00,00,34,42,
-1778190034488335,00000380,false,Rx,0,8,00,00,00,00,00,00,00,00,
-1778190034487356,00000381,false,Rx,0,8,05,00,80,3F,00,00,00,00,
-1778190034470471,00000180,false,Rx,0,8,01,00,01,00,00,00,00,00,
-1778190034469492,00000280,false,Rx,0,8,73,E5,F2,3F,00,00,00,00,
-1778190034468559,00000281,false,Rx,0,8,51,0B,DC,42,00,00,34,42,
-1778190034467534,00000380,false,Rx,0,8,00,00,00,00,00,00,00,00,
-1778190034466555,00000381,false,Rx,0,8,05,00,80,3F,00,00,00,00,
-1778190034447509,00000180,false,Rx,0,8,01,00,01,00,00,00,00,00,
-1778190034446530,00000280,false,Rx,0,8,73,E5,F2,3F,00,00,00,00,
-1778190034445601,00000281,false,Rx,0,8,51,0B,DC,42,00,00,34,42,
-1778190034444571,00000380,false,Rx,0,8,00,00,00,00,00,00,00,00,
-1778190034443593,00000381,false,Rx,0,8,05,00,80,3F,00,00,00,00,
-1778190034422156,00000180,false,Rx,0,8,01,00,01,00,00,00,00,00,
-1778190034421177,00000280,false,Rx,0,8,73,E5,F2,3F,00,00,00,00,
-1778190034420244,00000281,false,Rx,0,8,51,0B,DC,42,00,00,34,42,
-1778190034419219,00000380,false,Rx,0,8,00,00,00,00,00,00,00,00,
-1778190034418241,00000381,false,Rx,0,8,05,00,80,3F,00,00,00,00,
-1778190034401539,00000180,false,Rx,0,8,01,00,01,00,00,00,00,00,
-1778190034400560,00000280,false,Rx,0,8,80,45,F2,3F,00,00,00,00,
-1778190034399628,00000281,false,Rx,0,8,51,0B,DC,42,00,00,34,42,
-1778190034398602,00000380,false,Rx,0,8,00,00,00,00,00,00,00,00,
-1778190034397623,00000381,false,Rx,0,8,05,00,80,3F,00,00,00,00,
-1778190034378601,00000180,false,Rx,0,8,01,00,01,00,00,00,00,00,
-1778190034377622,00000280,false,Rx,0,8,80,45,F2,3F,00,00,00,00,
-1778190034376694,00000281,false,Rx,0,8,51,0B,DC,42,00,00,34,42,
-1778190034375664,00000380,false,Rx,0,8,00,00,00,00,00,00,00,00,
-1778190034374585,00000381,false,Rx,0,8,05,00,80,3F,00,00,00,00,
-1778190034357787,00000180,false,Rx,0,8,01,00,01,00,00,00,00,00,
-1778190034356803,00000280,false,Rx,0,8,8D,AD,F1,3F,00,00,00,00,
-1778190034355875,00000281,false,Rx,0,8,51,0B,DC,42,00,00,34,42,
-1778190034354749,00000380,false,Rx,0,8,00,00,00,00,00,00,00,00,
-1778190034353768,00000381,false,Rx,0,8,05,00,80,3F,00,00,00,00,
-1778190034334749,00000180,false,Rx,0,8,01,00,01,00,00,00,00,00,
-1778190034333771,00000280,false,Rx,0,8,8D,AD,F1,3F,00,00,00,00,
-1778190034332839,00000281,false,Rx,0,8,51,0B,DC,42,00,00,34,42,
-1778190034331813,00000380,false,Rx,0,8,00,00,00,00,00,00,00,00,
-1778190034330832,00000381,false,Rx,0,8,05,00,80,3F,00,00,00,00,
-1778190034313938,00000180,false,Rx,0,8,01,00,01,00,00,00,00,00,
-1778190034312960,00000280,false,Rx,0,8,33,1D,F1,3F,00,00,00,00,
-1778190034312027,00000281,false,Rx,0,8,51,0B,DC,42,00,00,34,42,
-1778190034311001,00000380,false,Rx,0,8,00,00,00,00,00,00,00,00,
-1778190034310023,00000381,false,Rx,0,8,05,00,80,3F,00,00,00,00,
-1778190034291011,00000180,false,Rx,0,8,01,00,01,00,00,00,00,00,
-1778190034290029,00000280,false,Rx,0,8,33,1D,F1,3F,00,00,00,00,
-1778190034289100,00000281,false,Rx,0,8,51,0B,DC,42,00,00,34,42,
-1778190034288070,00000380,false,Rx,0,8,00,00,00,00,00,00,00,00,
-1778190034287092,00000381,false,Rx,0,8,05,00,80,3F,00,00,00,00,
-1778190034268027,00000180,false,Rx,0,8,01,00,01,00,00,00,00,00,
-1778190034267048,00000280,false,Rx,0,8,33,1D,F1,3F,00,00,00,00,
-1778190034266115,00000281,false,Rx,0,8,51,0B,DC,42,00,00,34,42,
-1778190034265090,00000380,false,Rx,0,8,00,00,00,00,00,00,00,00,
-1778190034264107,00000381,false,Rx,0,8,05,00,80,3F,00,00,00,00,
-1778190034244798,00000180,false,Rx,0,8,01,00,01,00,00,00,00,00,
-1778190034243819,00000280,false,Rx,0,8,10,94,F0,3F,00,00,00,00,
-1778190034242890,00000281,false,Rx,0,8,51,0B,DC,42,00,00,34,42,
-1778190034241861,00000380,false,Rx,0,8,00,00,00,00,00,00,00,00,
-1778190034240882,00000381,false,Rx,0,8,05,00,80,3F,00,00,00,00,
-1778190034221894,00000180,false,Rx,0,8,01,00,01,00,00,00,00,00,
-1778190034220916,00000280,false,Rx,0,8,10,94,F0,3F,00,00,00,00,
-1778190034219983,00000281,false,Rx,0,8,51,0B,DC,42,00,00,34,42,
-1778190034218957,00000380,false,Rx,0,8,00,00,00,00,00,00,00,00,
-1778190034217979,00000381,false,Rx,0,8,05,00,80,3F,00,00,00,00,
-1778190034201254,00000180,false,Rx,0,8,01,00,01,00,00,00,00,00,
-1778190034200260,00000280,false,Rx,0,8,CA,11,F0,3F,00,00,00,00,
-1778190034199327,00000281,false,Rx,0,8,51,0B,DC,42,00,00,34,42,
-1778190034198301,00000380,false,Rx,0,8,00,00,00,00,00,00,00,00,
-1778190034197323,00000381,false,Rx,0,8,05,00,80,3F,00,00,00,00,
-1778190034178335,00000180,false,Rx,0,8,01,00,01,00,00,00,00,00,
-1778190034177341,00000280,false,Rx,0,8,CA,11,F0,3F,00,00,00,00,
-1778190034176408,00000281,false,Rx,0,8,51,0B,DC,42,00,00,34,42,
-1778190034175379,00000380,false,Rx,0,8,00,00,00,00,00,00,00,00,
-1778190034174400,00000381,false,Rx,0,8,05,00,80,3F,00,00,00,00,
-1778190034157516,00000180,false,Rx,0,8,01,00,01,00,00,00,00,00,
-1778190034156544,00000280,false,Rx,0,8,06,96,EF,3F,00,00,00,00,
-1778190034155612,00000281,false,Rx,0,8,51,0B,DC,42,00,00,34,42,
-1778190034154587,00000380,false,Rx,0,8,00,00,00,00,00,00,00,00,
-1778190034153607,00000381,false,Rx,0,8,05,00,80,3F,00,00,00,00,
-1778190034137148,00000180,false,Rx,0,8,01,00,01,00,00,00,00,00,
-1778190034136176,00000280,false,Rx,0,8,06,96,EF,3F,00,00,00,00,
-1778190034135243,00000281,false,Rx,0,8,51,0B,DC,42,00,00,34,42,
-1778190034134219,00000380,false,Rx,0,8,00,00,00,00,00,00,00,00,
-1778190034133138,00000381,false,Rx,0,8,05,00,80,3F,00,00,00,00,
-1778190034114209,00000180,false,Rx,0,8,01,00,01,00,00,00,00,00,
-1778190034113238,00000280,false,Rx,0,8,06,96,EF,3F,00,00,00,00,
-1778190034112209,00000281,false,Rx,0,8,51,0B,DC,42,00,00,34,42,
-1778190034111179,00000380,false,Rx,0,8,00,00,00,00,00,00,00,00,
-1778190034110200,00000381,false,Rx,0,8,05,00,80,3F,00,00,00,00,
-1778190034090883,00000180,false,Rx,0,8,01,00,01,00,00,00,00,00,
-1778190034089904,00000280,false,Rx,0,8,73,20,EF,3F,00,00,00,00,
-1778190034088975,00000281,false,Rx,0,8,51,0B,DC,42,00,00,34,42,
-1778190034087946,00000380,false,Rx,0,8,00,00,00,00,00,00,00,00,
-1778190034086967,00000381,false,Rx,0,8,05,00,80,3F,00,00,00,00,
-1778190034067956,00000180,false,Rx,0,8,01,00,01,00,00,00,00,00,
-1778190034066977,00000280,false,Rx,0,8,73,20,EF,3F,00,00,00,00,
-1778190034066045,00000281,false,Rx,0,8,51,0B,DC,42,00,00,34,42,
-1778190034065020,00000380,false,Rx,0,8,00,00,00,00,00,00,00,00,
-1778190034064036,00000381,false,Rx,0,8,05,00,80,3F,00,00,00,00,
-1778190034047130,00000180,false,Rx,0,8,01,00,01,00,00,00,00,00,
-1778190034046152,00000280,false,Rx,0,8,C0,B0,EE,3F,00,00,00,00,
-1778190034045219,00000281,false,Rx,0,8,51,0B,DC,42,00,00,34,42,
-1778190034044193,00000380,false,Rx,0,8,00,00,00,00,00,00,00,00,
-1778190034043215,00000381,false,Rx,0,8,05,00,80,3F,00,00,00,00,
-1778190034024192,00000180,false,Rx,0,8,01,00,01,00,00,00,00,00,
-1778190034023213,00000280,false,Rx,0,8,C0,B0,EE,3F,00,00,00,00,
-1778190034022284,00000281,false,Rx,0,8,51,0B,DC,42,00,00,34,42,
-1778190034021255,00000380,false,Rx,0,8,00,00,00,00,00,00,00,00,
-1778190034020276,00000381,false,Rx,0,8,05,00,80,3F,00,00,00,00,
-1778190034001207,00000180,false,Rx,0,8,01,00,01,00,00,00,00,00,
-1778190034000227,00000280,false,Rx,0,8,C0,B0,EE,3F,00,00,00,00,
-1778190033999299,00000281,false,Rx,0,8,51,0B,DC,42,00,00,34,42,
-1778190033998269,00000380,false,Rx,0,8,00,00,00,00,00,00,00,00,
-1778190033997291,00000381,false,Rx,0,8,05,00,80,3F,00,00,00,00,
-1778190033980404,00000180,false,Rx,0,8,01,00,01,00,00,00,00,00,
-1778190033979441,00000280,false,Rx,0,8,A3,46,EE,3F,00,00,00,00,
-1778190033978512,00000281,false,Rx,0,8,51,0B,DC,42,00,00,34,42,
-1778190033977483,00000380,false,Rx,0,8,00,00,00,00,00,00,00,00,
-1778190033976504,00000381,false,Rx,0,8,05,00,80,3F,00,00,00,00,
-1778190033957485,00000180,false,Rx,0,8,01,00,01,00,00,00,00,00,
-1778190033956522,00000280,false,Rx,0,8,A3,46,EE,3F,00,00,00,00,
-1778190033955590,00000281,false,Rx,0,8,51,0B,DC,42,00,00,34,42,
-1778190033954564,00000380,false,Rx,0,8,00,00,00,00,00,00,00,00,
-1778190033953585,00000381,false,Rx,0,8,05,00,80,3F,00,00,00,00,
-1778190033934461,00000180,false,Rx,0,8,01,00,01,00,00,00,00,00,
-1778190033933498,00000280,false,Rx,0,8,D5,E1,ED,3F,00,00,00,00,
-1778190033932565,00000281,false,Rx,0,8,51,0B,DC,42,00,00,34,42,
-1778190033931438,00000380,false,Rx,0,8,00,00,00,00,00,00,00,00,
-1778190033930459,00000381,false,Rx,0,8,05,00,80,3F,00,00,00,00,
-1778190033911405,00000180,false,Rx,0,8,01,00,01,00,00,00,00,00,
-1778190033910444,00000280,false,Rx,0,8,D5,E1,ED,3F,00,00,00,00,
-1778190033909512,00000281,false,Rx,0,8,51,0B,DC,42,00,00,34,42,
-1778190033908483,00000380,false,Rx,0,8,00,00,00,00,00,00,00,00,
-1778190033907503,00000381,false,Rx,0,8,05,00,80,3F,00,00,00,00,
-1778190033890611,00000180,false,Rx,0,8,01,00,01,00,00,00,00,00,
-1778190033889619,00000280,false,Rx,0,8,10,82,ED,3F,00,00,00,00,
-1778190033888685,00000281,false,Rx,0,8,51,0B,DC,42,00,00,34,42,
-1778190033887657,00000380,false,Rx,0,8,00,00,00,00,00,00,00,00,
-1778190033886682,00000381,false,Rx,0,8,05,00,80,3F,00,00,00,00,
-1778190033867666,00000180,false,Rx,0,8,01,00,01,00,00,00,00,00,
-1778190033866672,00000280,false,Rx,0,8,10,82,ED,3F,00,00,00,00,
-1778190033865744,00000281,false,Rx,0,8,51,0B,DC,42,00,00,34,42,
-1778190033864714,00000380,false,Rx,0,8,00,00,00,00,00,00,00,00,
-1778190033863735,00000381,false,Rx,0,8,05,00,80,3F,00,00,00,00,
-1778190033844680,00000180,false,Rx,0,8,01,00,01,00,00,00,00,00,
-1778190033843686,00000280,false,Rx,0,8,10,82,ED,3F,00,00,00,00,
-1778190033842758,00000281,false,Rx,0,8,51,0B,DC,42,00,00,34,42,
-1778190033841728,00000380,false,Rx,0,8,00,00,00,00,00,00,00,00,
-1778190033840749,00000381,false,Rx,0,8,05,00,80,3F,00,00,00,00,
-1778190033823879,00000180,false,Rx,0,8,01,00,01,00,00,00,00,00,
-1778190033822900,00000280,false,Rx,0,8,16,27,ED,3F,00,00,00,00,
-1778190033821970,00000281,false,Rx,0,8,51,0B,DC,42,00,00,34,42,
-1778190033820942,00000380,false,Rx,0,8,00,00,00,00,00,00,00,00,
-1778190033819963,00000381,false,Rx,0,8,05,00,80,3F,00,00,00,00,
-1778190033800936,00000180,false,Rx,0,8,01,00,01,00,00,00,00,00,
-1778190033799957,00000280,false,Rx,0,8,16,27,ED,3F,00,00,00,00,
-1778190033799025,00000281,false,Rx,0,8,51,0B,DC,42,00,00,34,42,
-1778190033797999,00000380,false,Rx,0,8,00,00,00,00,00,00,00,00,
-1778190033797020,00000381,false,Rx,0,8,05,00,80,3F,00,00,00,00,
-1778190033780134,00000180,false,Rx,0,8,01,00,01,00,00,00,00,00,
-1778190033779162,00000280,false,Rx,0,8,A8,D0,EC,3F,00,00,00,00,
-1778190033778233,00000281,false,Rx,0,8,51,0B,DC,42,00,00,34,42,
-1778190033777205,00000380,false,Rx,0,8,00,00,00,00,00,00,00,00,
-1778190033776226,00000381,false,Rx,0,8,05,00,80,3F,00,00,00,00,
-1778190033754781,00000180,false,Rx,0,8,01,00,01,00,00,00,00,00,
-1778190033753810,00000280,false,Rx,0,8,A8,D0,EC,3F,00,00,00,00,
-1778190033752876,00000281,false,Rx,0,8,51,0B,DC,42,00,00,34,42,
-1778190033751852,00000380,false,Rx,0,8,00,00,00,00,00,00,00,00,
-1778190033750873,00000381,false,Rx,0,8,05,00,80,3F,00,00,00,00,
-1778190033733971,00000180,false,Rx,0,8,01,00,01,00,00,00,00,00,
-1778190033733000,00000280,false,Rx,0,8,8D,7E,EC,3F,00,00,00,00,
-1778190033732068,00000281,false,Rx,0,8,51,0B,DC,42,00,00,34,42,
-1778190033731042,00000380,false,Rx,0,8,00,00,00,00,00,00,00,00,
-1778190033730063,00000381,false,Rx,0,8,05,00,80,3F,00,00,00,00,
-1778190033711058,00000180,false,Rx,0,8,01,00,01,00,00,00,00,00,
-1778190033710086,00000280,false,Rx,0,8,8D,7E,EC,3F,00,00,00,00,
-1778190033709057,00000281,false,Rx,0,8,51,0B,DC,42,00,00,34,42,
-1778190033708028,00000380,false,Rx,0,8,00,00,00,00,00,00,00,00,
-1778190033707048,00000381,false,Rx,0,8,05,00,80,3F,00,00,00,00,
-1778190033688174,00000180,false,Rx,0,8,01,00,01,00,00,00,00,00,
-1778190033687203,00000280,false,Rx,0,8,8D,7E,EC,3F,00,00,00,00,
-1778190033686270,00000281,false,Rx,0,8,51,0B,DC,42,00,00,34,42,
-1778190033685244,00000380,false,Rx,0,8,00,00,00,00,00,00,00,00,
-1778190033684266,00000381,false,Rx,0,8,05,00,80,3F,00,00,00,00,
-1778190033667557,00000180,false,Rx,0,8,01,00,01,00,00,00,00,00,
-1778190033666594,00000280,false,Rx,0,8,8D,30,EC,3F,00,00,00,00,
-1778190033665661,00000281,false,Rx,0,8,51,0B,DC,42,00,00,34,42,
-1778190033664635,00000380,false,Rx,0,8,00,00,00,00,00,00,00,00,
-1778190033663657,00000381,false,Rx,0,8,05,00,80,3F,00,00,00,00,
-1778190033644625,00000180,false,Rx,0,8,01,00,01,00,00,00,00,00,
-1778190033643665,00000280,false,Rx,0,8,8D,30,EC,3F,00,00,00,00,
-1778190033642733,00000281,false,Rx,0,8,51,0B,DC,42,00,00,34,42,
-1778190033641708,00000380,false,Rx,0,8,00,00,00,00,00,00,00,00,
-1778190033640728,00000381,false,Rx,0,8,05,00,80,3F,00,00,00,00,
-1778190033624004,00000180,false,Rx,0,8,01,00,01,00,00,00,00,00,
-1778190033623021,00000280,false,Rx,0,8,73,E6,EB,3F,00,00,00,00,
-1778190033622093,00000281,false,Rx,0,8,51,0B,DC,42,00,00,34,42,
-1778190033621064,00000380,false,Rx,0,8,00,00,00,00,00,00,00,00,
-1778190033620084,00000381,false,Rx,0,8,05,00,80,3F,00,00,00,00,
-1778190033598647,00000180,false,Rx,0,8,01,00,01,00,00,00,00,00,
-1778190033597668,00000280,false,Rx,0,8,73,E6,EB,3F,00,00,00,00,
-1778190033596740,00000281,false,Rx,0,8,51,0B,DC,42,00,00,34,42,
-1778190033595710,00000380,false,Rx,0,8,00,00,00,00,00,00,00,00,
-1778190033594731,00000381,false,Rx,0,8,05,00,80,3F,00,00,00,00,
-1778190033577841,00000180,false,Rx,0,8,01,00,01,00,00,00,00,00,
-1778190033576842,00000280,false,Rx,0,8,B2,3B,F0,3F,00,00,00,00,
-1778190033575913,00000281,false,Rx,0,8,51,0B,DC,42,00,00,34,42,
-1778190033574885,00000380,false,Rx,0,8,00,00,00,00,00,00,00,00,
-1778190033573906,00000381,false,Rx,0,8,05,00,80,3F,00,00,00,00,
-1778190033557471,00000180,false,Rx,0,8,01,00,01,00,00,00,00,00,
-1778190033556476,00000280,false,Rx,0,8,B2,3B,F0,3F,00,00,00,00,
-1778190033555547,00000281,false,Rx,0,8,51,0B,DC,42,00,00,34,42,
-1778190033554519,00000380,false,Rx,0,8,00,00,00,00,00,00,00,00,
-1778190033553539,00000381,false,Rx,0,8,05,00,80,3F,00,00,00,00,
-1778190033534543,00000180,false,Rx,0,8,01,00,01,00,00,00,00,00,
-1778190033533548,00000280,false,Rx,0,8,B2,3B,F0,3F,00,00,00,00,
-1778190033532616,00000281,false,Rx,0,8,51,0B,DC,42,00,00,34,42,
-1778190033531591,00000380,false,Rx,0,8,00,00,00,00,00,00,00,00,
-1778190033530607,00000381,false,Rx,0,8,05,00,80,3F,00,00,00,00,
-1778190033513733,00000180,false,Rx,0,8,01,00,01,00,00,00,00,00,
-1778190033512770,00000280,false,Rx,0,8,D6,BD,EF,3F,00,00,00,00,
-1778190033511837,00000281,false,Rx,0,8,51,0B,DC,42,00,00,34,42,
-1778190033510812,00000380,false,Rx,0,8,00,00,00,00,00,00,00,00,
-1778190033509833,00000381,false,Rx,0,8,05,00,80,3F,00,00,00,00,
-1778190033490808,00000180,false,Rx,0,8,01,00,01,00,00,00,00,00,
-1778190033489849,00000280,false,Rx,0,8,D6,BD,EF,3F,00,00,00,00,
-1778190033488916,00000281,false,Rx,0,8,51,0B,DC,42,00,00,34,42,
-1778190033487788,00000380,false,Rx,0,8,00,00,00,00,00,00,00,00,
-1778190033486810,00000381,false,Rx,0,8,05,00,80,3F,00,00,00,00,
-1778190033470179,00000180,false,Rx,0,8,01,00,01,00,00,00,00,00,
-1778190033469208,00000280,false,Rx,0,8,45,46,EF,3F,00,00,00,00,
-1778190033468274,00000281,false,Rx,0,8,51,0B,DC,42,00,00,34,42,
-1778190033467148,00000380,false,Rx,0,8,00,00,00,00,00,00,00,00,
-1778190033466171,00000381,false,Rx,0,8,05,00,80,3F,00,00,00,00,
-1778190033444726,00000180,false,Rx,0,8,01,00,01,00,00,00,00,00,
-1778190033443753,00000280,false,Rx,0,8,45,46,EF,3F,00,00,00,00,
-1778190033442821,00000281,false,Rx,0,8,51,0B,DC,42,00,00,34,42,
-1778190033441796,00000380,false,Rx,0,8,00,00,00,00,00,00,00,00,
-1778190033440817,00000381,false,Rx,0,8,05,00,80,3F,00,00,00,00,
-1778190033421948,00000180,false,Rx,0,8,01,00,01,00,00,00,00,00,
-1778190033420976,00000280,false,Rx,0,8,45,46,EF,3F,00,00,00,00,
-1778190033420044,00000281,false,Rx,0,8,51,0B,DC,42,00,00,34,42,
-1778190033419019,00000380,false,Rx,0,8,00,00,00,00,00,00,00,00,
-1778190033418039,00000381,false,Rx,0,8,05,00,80,3F,00,00,00,00,
-1778190033401346,00000180,false,Rx,0,8,01,00,01,00,00,00,00,00,
-1778190033400375,00000280,false,Rx,0,8,AE,D4,EE,3F,00,00,00,00,
-1778190033399441,00000281,false,Rx,0,8,51,0B,DC,42,00,00,34,42,
-1778190033398416,00000380,false,Rx,0,8,00,00,00,00,00,00,00,00,
-1778190033397438,00000381,false,Rx,0,8,05,00,80,3F,00,00,00,00,
-1778190033378633,00000180,false,Rx,0,8,01,00,01,00,00,00,00,00,
-1778190033377662,00000280,false,Rx,0,8,AE,D4,EE,3F,00,00,00,00,
-1778190033376730,00000281,false,Rx,0,8,51,0B,DC,42,00,00,34,42,
-1778190033375704,00000380,false,Rx,0,8,00,00,00,00,00,00,00,00,
-1778190033374721,00000381,false,Rx,0,8,05,00,80,3F,00,00,00,00,
-1778190033358197,00000180,false,Rx,0,8,01,00,01,00,00,00,00,00,
-1778190033357234,00000280,false,Rx,0,8,C5,68,EE,3F,00,00,00,00,
-1778190033356304,00000281,false,Rx,0,8,51,0B,DC,42,00,00,34,42,
-1778190033355275,00000380,false,Rx,0,8,00,00,00,00,00,00,00,00,
-1778190033354297,00000381,false,Rx,0,8,05,00,80,3F,00,00,00,00,
-1778190033335469,00000180,false,Rx,0,8,01,00,01,00,00,00,00,00,
-1778190033334506,00000280,false,Rx,0,8,C5,68,EE,3F,00,00,00,00,
-1778190033333573,00000281,false,Rx,0,8,51,0B,DC,42,00,00,34,42,
-1778190033332547,00000380,false,Rx,0,8,00,00,00,00,00,00,00,00,
-1778190033331569,00000381,false,Rx,0,8,05,00,80,3F,00,00,00,00,
-1778190033314851,00000180,false,Rx,0,8,01,00,01,00,00,00,00,00,
-1778190033313873,00000280,false,Rx,0,8,42,02,EE,3F,00,00,00,00,
-1778190033312940,00000281,false,Rx,0,8,51,0B,DC,42,00,00,34,42,
-1778190033311914,00000380,false,Rx,0,8,00,00,00,00,00,00,00,00,
-1778190033310936,00000381,false,Rx,0,8,05,00,80,3F,00,00,00,00,
-1778190033292123,00000180,false,Rx,0,8,01,00,01,00,00,00,00,00,
-1778190033291141,00000280,false,Rx,0,8,42,02,EE,3F,00,00,00,00,
-1778190033290212,00000281,false,Rx,0,8,51,0B,DC,42,00,00,34,42,
-1778190033289183,00000380,false,Rx,0,8,00,00,00,00,00,00,00,00,
-1778190033288204,00000381,false,Rx,0,8,05,00,80,3F,00,00,00,00,
-1778190033267028,00000180,false,Rx,0,8,01,00,01,00,00,00,00,00,
-1778190033266049,00000280,false,Rx,0,8,42,02,EE,3F,00,00,00,00,
-1778190033265120,00000281,false,Rx,0,8,51,0B,DC,42,00,00,34,42,
-1778190033264091,00000380,false,Rx,0,8,00,00,00,00,00,00,00,00,
-1778190033263112,00000381,false,Rx,0,8,05,00,80,3F,00,00,00,00,
-1778190033246401,00000180,false,Rx,0,8,01,00,01,00,00,00,00,00,
-1778190033245430,00000280,false,Rx,0,8,DE,A0,ED,3F,00,00,00,00,
-1778190033244501,00000281,false,Rx,0,8,51,0B,DC,42,00,00,34,42,
-1778190033243472,00000380,false,Rx,0,8,00,00,00,00,00,00,00,00,
-1778190033242492,00000381,false,Rx,0,8,05,00,80,3F,00,00,00,00,
-1778190033223682,00000180,false,Rx,0,8,01,00,01,00,00,00,00,00,
-1778190033222710,00000280,false,Rx,0,8,DE,A0,ED,3F,00,00,00,00,
-1778190033221777,00000281,false,Rx,0,8,51,0B,DC,42,00,00,34,42,
-1778190033220752,00000380,false,Rx,0,8,00,00,00,00,00,00,00,00,
-1778190033219774,00000381,false,Rx,0,8,05,00,80,3F,00,00,00,00,
-1778190033203056,00000180,false,Rx,0,8,01,00,01,00,00,00,00,00,
-1778190033202093,00000280,false,Rx,0,8,5A,44,ED,3F,00,00,00,00,
-1778190033201161,00000281,false,Rx,0,8,51,0B,DC,42,00,00,34,42,
-1778190033200131,00000380,false,Rx,0,8,00,00,00,00,00,00,00,00,
-1778190033199152,00000381,false,Rx,0,8,05,00,80,3F,00,00,00,00,
-1778190033180340,00000180,false,Rx,0,8,01,00,01,00,00,00,00,00,
-1778190033179377,00000280,false,Rx,0,8,5A,44,ED,3F,00,00,00,00,
-1778190033178448,00000281,false,Rx,0,8,51,0B,DC,42,00,00,34,42,
-1778190033177418,00000380,false,Rx,0,8,00,00,00,00,00,00,00,00,
-1778190033176440,00000381,false,Rx,0,8,05,00,80,3F,00,00,00,00,
-1778190033159908,00000180,false,Rx,0,8,01,00,01,00,00,00,00,00,
-1778190033158937,00000280,false,Rx,0,8,75,EC,EC,3F,00,00,00,00,
-1778190033158008,00000281,false,Rx,0,8,51,0B,DC,42,00,00,34,42,
-1778190033156978,00000380,false,Rx,0,8,00,00,00,00,00,00,00,00,
-1778190033156000,00000381,false,Rx,0,8,05,00,80,3F,00,00,00,00,
-1778190033139741,00000180,false,Rx,0,8,01,00,01,00,00,00,00,00,
-1778190033138770,00000280,false,Rx,0,8,75,EC,EC,3F,00,00,00,00,
-1778190033137837,00000281,false,Rx,0,8,51,0B,DC,42,00,00,34,42,
-1778190033136812,00000380,false,Rx,0,8,00,00,00,00,00,00,00,00,
-1778190033135833,00000381,false,Rx,0,8,05,00,80,3F,00,00,00,00,
-1778190033114619,00000180,false,Rx,0,8,01,00,01,00,00,00,00,00,
-1778190033113648,00000280,false,Rx,0,8,75,EC,EC,3F,00,00,00,00,
-1778190033112715,00000281,false,Rx,0,8,51,0B,DC,42,00,00,34,42,
-1778190033111690,00000380,false,Rx,0,8,00,00,00,00,00,00,00,00,
-1778190033110711,00000381,false,Rx,0,8,05,00,80,3F,00,00,00,00,
-1778190033094193,00000180,false,Rx,0,8,01,00,01,00,00,00,00,00,
-1778190033093223,00000280,false,Rx,0,8,F5,98,EC,3F,00,00,00,00,
-1778190033092294,00000281,false,Rx,0,8,51,0B,DC,42,00,00,34,42,
-1778190033091265,00000380,false,Rx,0,8,00,00,00,00,00,00,00,00,
-1778190033090285,00000381,false,Rx,0,8,05,00,80,3F,00,00,00,00,
-1778190033071467,00000180,false,Rx,0,8,01,00,01,00,00,00,00,00,
-1778190033070496,00000280,false,Rx,0,8,F5,98,EC,3F,00,00,00,00,
-1778190033069563,00000281,false,Rx,0,8,51,0B,DC,42,00,00,34,42,
-1778190033068538,00000380,false,Rx,0,8,00,00,00,00,00,00,00,00,
-1778190033067658,00000381,false,Rx,0,8,05,00,80,3F,00,00,00,00,
-1778190033051040,00000180,false,Rx,0,8,01,00,01,00,00,00,00,00,
-1778190033050069,00000280,false,Rx,0,8,A2,49,EC,3F,00,00,00,00,
-1778190033049136,00000281,false,Rx,0,8,51,0B,DC,42,00,00,34,42,
-1778190033048210,00000380,false,Rx,0,8,00,00,00,00,00,00,00,00,
-1778190033047232,00000381,false,Rx,0,8,05,00,80,3F,00,00,00,00,
-1778190033028334,00000180,false,Rx,0,8,01,00,01,00,00,00,00,00,
-1778190033027461,00000280,false,Rx,0,8,A2,49,EC,3F,00,00,00,00,
-1778190033026533,00000281,false,Rx,0,8,51,0B,DC,42,00,00,34,42,
-1778190033025502,00000380,false,Rx,0,8,00,00,00,00,00,00,00,00,
-1778190033024526,00000381,false,Rx,0,8,05,00,80,3F,00,00,00,00,
-1778190033005833,00000180,false,Rx,0,8,01,00,01,00,00,00,00,00,
-1778190033004862,00000280,false,Rx,0,8,A2,49,EC,3F,00,00,00,00,
-1778190033003933,00000281,false,Rx,0,8,51,0B,DC,42,00,00,34,42,
-1778190033002904,00000380,false,Rx,0,8,00,00,00,00,00,00,00,00,
-1778190033001925,00000381,false,Rx,0,8,05,00,80,3F,00,00,00,00,
-1778190032985207,00000180,false,Rx,0,8,01,00,01,00,00,00,00,00,
-1778190032984228,00000280,false,Rx,0,8,46,FE,EB,3F,00,00,00,00,
-1778190032983299,00000281,false,Rx,0,8,51,0B,DC,42,00,00,34,42,
-1778190032982270,00000380,false,Rx,0,8,00,00,00,00,00,00,00,00,
-1778190032981291,00000381,false,Rx,0,8,05,00,80,3F,00,00,00,00,
-1778190032960070,00000180,false,Rx,0,8,01,00,01,00,00,00,00,00,
-1778190032959091,00000280,false,Rx,0,8,46,FE,EB,3F,00,00,00,00,
-1778190032958161,00000281,false,Rx,0,8,51,0B,DC,42,00,00,34,42,
-1778190032957133,00000380,false,Rx,0,8,00,00,00,00,00,00,00,00,
-1778190032956154,00000381,false,Rx,0,8,05,00,80,3F,00,00,00,00,
-1778190032939463,00000180,false,Rx,0,8,01,00,01,00,00,00,00,00,
-1778190032938499,00000280,false,Rx,0,8,B0,B6,EB,3F,00,00,00,00,
-1778190032937567,00000281,false,Rx,0,8,51,0B,DC,42,00,00,34,42,
-1778190032936542,00000380,false,Rx,0,8,00,00,00,00,00,00,00,00,
-1778190032935562,00000381,false,Rx,0,8,05,00,80,3F,00,00,00,00,
-1778190032916725,00000180,false,Rx,0,8,01,00,01,00,00,00,00,00,
-1778190032915762,00000280,false,Rx,0,8,B0,B6,EB,3F,00,00,00,00,
-1778190032914832,00000281,false,Rx,0,8,51,0B,DC,42,00,00,34,42,
-1778190032913803,00000380,false,Rx,0,8,00,00,00,00,00,00,00,00,
-1778190032912825,00000381,false,Rx,0,8,05,00,80,3F,00,00,00,00,
-1778190032896115,00000180,false,Rx,0,8,01,00,01,00,00,00,00,00,
-1778190032895151,00000280,false,Rx,0,8,AE,72,EB,3F,00,00,00,00,
-1778190032894222,00000281,false,Rx,0,8,51,0B,DC,42,00,00,34,42,
-1778190032893193,00000380,false,Rx,0,8,00,00,00,00,00,00,00,00,
-1778190032892214,00000381,false,Rx,0,8,05,00,80,3F,00,00,00,00,
-1778190032873384,00000180,false,Rx,0,8,01,00,01,00,00,00,00,00,
-1778190032872421,00000280,false,Rx,0,8,AE,72,EB,3F,00,00,00,00,
-1778190032871492,00000281,false,Rx,0,8,51,0B,DC,42,00,00,34,42,
-1778190032870462,00000380,false,Rx,0,8,00,00,00,00,00,00,00,00,
-1778190032869484,00000381,false,Rx,0,8,05,00,80,3F,00,00,00,00,
-1778190032850804,00000180,false,Rx,0,8,01,00,01,00,00,00,00,00,
-1778190032849840,00000280,false,Rx,0,8,AE,72,EB,3F,00,00,00,00,
-1778190032848907,00000281,false,Rx,0,8,51,0B,DC,42,00,00,34,42,
-1778190032847981,00000380,false,Rx,0,8,00,00,00,00,00,00,00,00,
-1778190032847003,00000381,false,Rx,0,8,05,00,80,3F,00,00,00,00,
-1778190032830184,00000180,false,Rx,0,8,01,00,01,00,00,00,00,00,
-1778190032829213,00000280,false,Rx,0,8,12,32,EB,3F,00,00,00,00,
-1778190032828381,00000281,false,Rx,0,8,51,0B,DC,42,00,00,34,42,
-1778190032827355,00000380,false,Rx,0,8,00,00,00,00,00,00,00,00,
-1778190032826375,00000381,false,Rx,0,8,05,00,80,3F,00,00,00,00,
-1778190032805146,00000180,false,Rx,0,8,01,00,01,00,00,00,00,00,
-1778190032804175,00000280,false,Rx,0,8,12,32,EB,3F,00,00,00,00,
-1778190032803246,00000281,false,Rx,0,8,51,0B,DC,42,00,00,34,42,
-1778190032802216,00000380,false,Rx,0,8,00,00,00,00,00,00,00,00,
-1778190032801238,00000381,false,Rx,0,8,05,00,80,3F,00,00,00,00,
-1778190032784520,00000180,false,Rx,0,8,01,00,01,00,00,00,00,00,
-1778190032783552,00000280,false,Rx,0,8,B2,F4,EA,3F,00,00,00,00,
-1778190032782620,00000281,false,Rx,0,8,51,0B,DC,42,00,00,34,42,
-1778190032781591,00000380,false,Rx,0,8,00,00,00,00,00,00,00,00,
-1778190032780612,00000381,false,Rx,0,8,05,00,80,3F,00,00,00,00,
-1778190032761793,00000180,false,Rx,0,8,01,00,01,00,00,00,00,00,
-1778190032760822,00000280,false,Rx,0,8,B2,F4,EA,3F,00,00,00,00,
-1778190032759890,00000281,false,Rx,0,8,51,0B,DC,42,00,00,34,42,
-1778190032758864,00000380,false,Rx,0,8,00,00,00,00,00,00,00,00,
-1778190032757885,00000381,false,Rx,0,8,05,00,80,3F,00,00,00,00,
-1778190032741175,00000180,false,Rx,0,8,01,00,01,00,00,00,00,00,
-1778190032740203,00000280,false,Rx,0,8,63,BA,EA,3F,00,00,00,00,
-1778190032739271,00000281,false,Rx,0,8,51,0B,DC,42,00,00,34,42,
-1778190032738246,00000380,false,Rx,0,8,00,00,00,00,00,00,00,00,
-1778190032737267,00000381,false,Rx,0,8,05,00,80,3F,00,00,00,00,
-1778190032718444,00000180,false,Rx,0,8,01,00,01,00,00,00,00,00,
-1778190032717473,00000280,false,Rx,0,8,63,BA,EA,3F,00,00,00,00,
-1778190032716544,00000281,false,Rx,0,8,51,0B,DC,42,00,00,34,42,
-1778190032715515,00000380,false,Rx,0,8,00,00,00,00,00,00,00,00,
-1778190032714536,00000381,false,Rx,0,8,05,00,80,3F,00,00,00,00,
-1778190032695686,00000180,false,Rx,0,8,01,00,01,00,00,00,00,00,
-1778190032694715,00000280,false,Rx,0,8,63,BA,EA,3F,00,00,00,00,
-1778190032693782,00000281,false,Rx,0,8,51,0B,DC,42,00,00,34,42,
-1778190032692757,00000380,false,Rx,0,8,00,00,00,00,00,00,00,00,
-1778190032691778,00000381,false,Rx,0,8,05,00,80,3F,00,00,00,00,
-1778190032675258,00000180,false,Rx,0,8,01,00,01,00,00,00,00,00,
-1778190032674279,00000280,false,Rx,0,8,FE,82,EA,3F,00,00,00,00,
-1778190032673351,00000281,false,Rx,0,8,51,0B,DC,42,00,00,34,42,
-1778190032672321,00000380,false,Rx,0,8,00,00,00,00,00,00,00,00,
-1778190032671342,00000381,false,Rx,0,8,05,00,80,3F,00,00,00,00,
-1778190032652524,00000180,false,Rx,0,8,01,00,01,00,00,00,00,00,
-1778190032651544,00000280,false,Rx,0,8,FE,82,EA,3F,00,00,00,00,
-1778190032650612,00000281,false,Rx,0,8,51,0B,DC,42,00,00,34,42,
-1778190032649583,00000380,false,Rx,0,8,00,00,00,00,00,00,00,00,
-1778190032648705,00000381,false,Rx,0,8,05,00,80,3F,00,00,00,00,
-1778190032629495,00000180,false,Rx,0,8,01,00,01,00,00,00,00,00,
-1778190032628635,00000280,false,Rx,0,8,5E,4E,EA,3F,00,00,00,00,
-1778190032627702,00000281,false,Rx,0,8,51,0B,DC,42,00,00,34,42,
-1778190032626676,00000380,false,Rx,0,8,00,00,00,00,00,00,00,00,
-1778190032625695,00000381,false,Rx,0,8,05,00,80,3F,00,00,00,00,
-1778190032606844,00000180,false,Rx,0,8,01,00,01,00,00,00,00,00,
-1778190032605881,00000280,false,Rx,0,8,5E,4E,EA,3F,00,00,00,00,
-1778190032604948,00000281,false,Rx,0,8,51,0B,DC,42,00,00,34,42,
-1778190032603922,00000380,false,Rx,0,8,00,00,00,00,00,00,00,00,
-1778190032602944,00000381,false,Rx,0,8,05,00,80,3F,00,00,00,00,
-1778190032586257,00000180,false,Rx,0,8,01,00,01,00,00,00,00,00,
-1778190032585286,00000280,false,Rx,0,8,60,1C,EA,3F,00,00,00,00,
-1778190032584358,00000281,false,Rx,0,8,51,0B,DC,42,00,00,34,42,
-1778190032583328,00000380,false,Rx,0,8,00,00,00,00,00,00,00,00,
-1778190032582349,00000381,false,Rx,0,8,05,00,80,3F,00,00,00,00,
-1778190032566091,00000180,false,Rx,0,8,01,00,01,00,00,00,00,00,
-1778190032565120,00000280,false,Rx,0,8,60,1C,EA,3F,00,00,00,00,
-1778190032564188,00000281,false,Rx,0,8,51,0B,DC,42,00,00,34,42,
-1778190032563158,00000380,false,Rx,0,8,00,00,00,00,00,00,00,00,
-1778190032562180,00000381,false,Rx,0,8,05,00,80,3F,00,00,00,00,
-1778190032543345,00000180,false,Rx,0,8,01,00,01,00,00,00,00,00,
-1778190032542374,00000280,false,Rx,0,8,60,1C,EA,3F,00,00,00,00,
-1778190032541446,00000281,false,Rx,0,8,51,0B,DC,42,00,00,34,42,
-1778190032540416,00000380,false,Rx,0,8,00,00,00,00,00,00,00,00,
-1778190032539437,00000381,false,Rx,0,8,05,00,80,3F,00,00,00,00,
-1778190032522736,00000180,false,Rx,0,8,01,00,01,00,00,00,00,00,
-1778190032521772,00000280,false,Rx,0,8,E2,EC,E9,3F,00,00,00,00,
-1778190032520843,00000281,false,Rx,0,8,51,0B,DC,42,00,00,34,42,
-1778190032519815,00000380,false,Rx,0,8,00,00,00,00,00,00,00,00,
-1778190032518836,00000381,false,Rx,0,8,05,00,80,3F,00,00,00,00,
-1778190032499997,00000180,false,Rx,0,8,01,00,01,00,00,00,00,00,
-1778190032499038,00000280,false,Rx,0,8,E2,EC,E9,3F,00,00,00,00,
-1778190032498105,00000281,false,Rx,0,8,51,0B,DC,42,00,00,34,42,
-1778190032497077,00000380,false,Rx,0,8,00,00,00,00,00,00,00,00,
-1778190032496097,00000381,false,Rx,0,8,05,00,80,3F,00,00,00,00,
-1778190032476973,00000180,false,Rx,0,8,01,00,01,00,00,00,00,00,
-1778190032475987,00000280,false,Rx,0,8,C3,BF,E9,3F,00,00,00,00,
-1778190032475058,00000281,false,Rx,0,8,51,0B,DC,42,00,00,34,42,
-1778190032474028,00000380,false,Rx,0,8,00,00,00,00,00,00,00,00,
-1778190032473049,00000381,false,Rx,0,8,05,00,80,3F,00,00,00,00,
-1778190032454239,00000180,false,Rx,0,8,01,00,01,00,00,00,00,00,
-1778190032453249,00000280,false,Rx,0,8,C3,BF,E9,3F,00,00,00,00,
-1778190032452320,00000281,false,Rx,0,8,51,0B,DC,42,00,00,34,42,
-1778190032451290,00000380,false,Rx,0,8,00,00,00,00,00,00,00,00,
-1778190032450312,00000381,false,Rx,0,8,05,00,80,3F,00,00,00,00,
-1778190032431462,00000180,false,Rx,0,8,01,00,01,00,00,00,00,00,
-1778190032430474,00000280,false,Rx,0,8,C3,BF,E9,3F,00,00,00,00,
-1778190032429542,00000281,false,Rx,0,8,51,0B,DC,42,00,00,34,42,
-1778190032428615,00000380,false,Rx,0,8,00,00,00,00,00,00,00,00,
-1778190032427638,00000381,false,Rx,0,8,05,00,80,3F,00,00,00,00,
-1778190032410851,00000180,false,Rx,0,8,01,00,01,00,00,00,00,00,
-1778190032409879,00000280,false,Rx,0,8,E6,94,E9,3F,00,00,00,00,
-1778190032408850,00000281,false,Rx,0,8,51,0B,DC,42,00,00,34,42,
-1778190032407821,00000380,false,Rx,0,8,00,00,00,00,00,00,00,00,
-1778190032406842,00000381,false,Rx,0,8,05,00,80,3F,00,00,00,00,
-1778190032387832,00000180,false,Rx,0,8,01,00,01,00,00,00,00,00,
-1778190032386861,00000280,false,Rx,0,8,E6,94,E9,3F,00,00,00,00,
-1778190032385929,00000281,false,Rx,0,8,51,0B,DC,42,00,00,34,42,
-1778190032384904,00000380,false,Rx,0,8,00,00,00,00,00,00,00,00,
-1778190032383924,00000381,false,Rx,0,8,05,00,80,3F,00,00,00,00,
-1778190032367205,00000180,false,Rx,0,8,01,00,01,00,00,00,00,00,
-1778190032366234,00000280,false,Rx,0,8,2E,6C,E9,3F,00,00,00,00,
-1778190032365305,00000281,false,Rx,0,8,51,0B,DC,42,00,00,34,42,
-1778190032364276,00000380,false,Rx,0,8,00,00,00,00,00,00,00,00,
-1778190032363297,00000381,false,Rx,0,8,05,00,80,3F,00,00,00,00,
-1778190032344286,00000180,false,Rx,0,8,01,00,01,00,00,00,00,00,
-1778190032343314,00000280,false,Rx,0,8,2E,6C,E9,3F,00,00,00,00,
-1778190032342381,00000281,false,Rx,0,8,51,0B,DC,42,00,00,34,42,
-1778190032341356,00000380,false,Rx,0,8,00,00,00,00,00,00,00,00,
-1778190032340378,00000381,false,Rx,0,8,05,00,80,3F,00,00,00,00,
-1778190032321251,00000180,false,Rx,0,8,01,00,01,00,00,00,00,00,
-1778190032320272,00000280,false,Rx,0,8,7E,45,E9,3F,00,00,00,00,
-1778190032319343,00000281,false,Rx,0,8,51,0B,DC,42,00,00,34,42,
-1778190032318314,00000380,false,Rx,0,8,00,00,00,00,00,00,00,00,
-1778190032317335,00000381,false,Rx,0,8,05,00,80,3F,00,00,00,00,
-1778190032298301,00000180,false,Rx,0,8,01,00,01,00,00,00,00,00,
-1778190032297323,00000280,false,Rx,0,8,7E,45,E9,3F,00,00,00,00,
-1778190032296389,00000281,false,Rx,0,8,51,0B,DC,42,00,00,34,42,
-1778190032295361,00000380,false,Rx,0,8,00,00,00,00,00,00,00,00,
-1778190032294381,00000381,false,Rx,0,8,05,00,80,3F,00,00,00,00,
-1778190032275331,00000180,false,Rx,0,8,01,00,01,00,00,00,00,00,
-1778190032274353,00000280,false,Rx,0,8,7E,45,E9,3F,00,00,00,00,
-1778190032273420,00000281,false,Rx,0,8,51,0B,DC,42,00,00,34,42,
-1778190032272391,00000380,false,Rx,0,8,00,00,00,00,00,00,00,00,
-1778190032271415,00000381,false,Rx,0,8,05,00,80,3F,00,00,00,00,
-1778190032254522,00000180,false,Rx,0,8,01,00,01,00,00,00,00,00,
-1778190032253543,00000280,false,Rx,0,8,BE,20,E9,3F,00,00,00,00,
-1778190032252611,00000281,false,Rx,0,8,51,0B,DC,42,00,00,34,42,
-1778190032251585,00000380,false,Rx,0,8,00,00,00,00,00,00,00,00,
-1778190032250606,00000381,false,Rx,0,8,05,00,80,3F,00,00,00,00,
-1778190032231602,00000180,false,Rx,0,8,01,00,01,00,00,00,00,00,
-1778190032230623,00000280,false,Rx,0,8,BE,20,E9,3F,00,00,00,00,
-1778190032229691,00000281,false,Rx,0,8,51,0B,DC,42,00,00,34,42,
-1778190032228665,00000380,false,Rx,0,8,00,00,00,00,00,00,00,00,
-1778190032227585,00000381,false,Rx,0,8,05,00,80,3F,00,00,00,00,
-1778190032210975,00000180,false,Rx,0,8,01,00,01,00,00,00,00,00,
-1778190032209996,00000280,false,Rx,0,8,D5,FD,E8,3F,00,00,00,00,
-1778190032209067,00000281,false,Rx,0,8,51,0B,DC,42,00,00,34,42,
-1778190032208039,00000380,false,Rx,0,8,00,00,00,00,00,00,00,00,
-1778190032206959,00000381,false,Rx,0,8,05,00,80,3F,00,00,00,00,
-1778190032188055,00000180,false,Rx,0,8,01,00,01,00,00,00,00,00,
-1778190032186976,00000280,false,Rx,0,8,D5,FD,E8,3F,00,00,00,00,
-1778190032186044,00000281,false,Rx,0,8,51,0B,DC,42,00,00,34,42,
-1778190032185017,00000380,false,Rx,0,8,00,00,00,00,00,00,00,00,
-1778190032184037,00000381,false,Rx,0,8,05,00,80,3F,00,00,00,00,
-1778190032167429,00000180,false,Rx,0,8,01,00,01,00,00,00,00,00,
-1778190032166357,00000280,false,Rx,0,8,AA,DC,E8,3F,00,00,00,00,
-1778190032165429,00000281,false,Rx,0,8,51,0B,DC,42,00,00,34,42,
-1778190032164399,00000380,false,Rx,0,8,00,00,00,00,00,00,00,00,
-1778190032163422,00000381,false,Rx,0,8,05,00,80,3F,00,00,00,00,
-1778190032141987,00000180,false,Rx,0,8,01,00,01,00,00,00,00,00,
-1778190032141016,00000280,false,Rx,0,8,AA,DC,E8,3F,00,00,00,00,
-1778190032140084,00000281,false,Rx,0,8,51,0B,DC,42,00,00,34,42,
-1778190032139054,00000380,false,Rx,0,8,00,00,00,00,00,00,00,00,
-1778190032138075,00000381,false,Rx,0,8,05,00,80,3F,00,00,00,00,
-1778190032119006,00000180,false,Rx,0,8,01,00,01,00,00,00,00,00,
-1778190032118035,00000280,false,Rx,0,8,AA,DC,E8,3F,00,00,00,00,
-1778190032117106,00000281,false,Rx,0,8,51,0B,DC,42,00,00,34,42,
-1778190032116078,00000380,false,Rx,0,8,00,00,00,00,00,00,00,00,
-1778190032115098,00000381,false,Rx,0,8,05,00,80,3F,00,00,00,00,
-1778190032098201,00000180,false,Rx,0,8,01,00,01,00,00,00,00,00,
-1778190032097211,00000280,false,Rx,0,8,28,BD,E8,3F,00,00,00,00,
-1778190032096282,00000281,false,Rx,0,8,51,0B,DC,42,00,00,34,42,
-1778190032095252,00000380,false,Rx,0,8,00,00,00,00,00,00,00,00,
-1778190032094274,00000381,false,Rx,0,8,05,00,80,3F,00,00,00,00,
-1778190032075278,00000180,false,Rx,0,8,01,00,01,00,00,00,00,00,
-1778190032074290,00000280,false,Rx,0,8,28,BD,E8,3F,00,00,00,00,
-1778190032073362,00000281,false,Rx,0,8,51,0B,DC,42,00,00,34,42,
-1778190032072333,00000380,false,Rx,0,8,00,00,00,00,00,00,00,00,
-1778190032071354,00000381,false,Rx,0,8,05,00,80,3F,00,00,00,00,
-1778190032054645,00000180,false,Rx,0,8,01,00,01,00,00,00,00,00,
-1778190032053651,00000280,false,Rx,0,8,3A,9F,E8,3F,00,00,00,00,
-1778190032052719,00000281,false,Rx,0,8,51,0B,DC,42,00,00,34,42,
-1778190032051693,00000380,false,Rx,0,8,00,00,00,00,00,00,00,00,
-1778190032050714,00000381,false,Rx,0,8,05,00,80,3F,00,00,00,00,
-1778190032031718,00000180,false,Rx,0,8,01,00,01,00,00,00,00,00,
-1778190032030719,00000280,false,Rx,0,8,3A,9F,E8,3F,00,00,00,00,
-1778190032029790,00000281,false,Rx,0,8,51,0B,DC,42,00,00,34,42,
-1778190032028762,00000380,false,Rx,0,8,00,00,00,00,00,00,00,00,
-1778190032027782,00000381,false,Rx,0,8,05,00,80,3F,00,00,00,00,
-1778190032010908,00000180,false,Rx,0,8,01,00,01,00,00,00,00,00,
-1778190032009929,00000280,false,Rx,0,8,CA,82,E8,3F,00,00,00,00,
-1778190032008997,00000281,false,Rx,0,8,51,0B,DC,42,00,00,34,42,
-1778190032007971,00000380,false,Rx,0,8,00,00,00,00,00,00,00,00,
-1778190032006992,00000381,false,Rx,0,8,05,00,80,3F,00,00,00,00,
-1778190031988123,00000180,false,Rx,0,8,01,00,01,00,00,00,00,00,
-1778190031987144,00000280,false,Rx,0,8,CA,82,E8,3F,00,00,00,00,
-1778190031986211,00000281,false,Rx,0,8,51,0B,DC,42,00,00,34,42,
-1778190031985086,00000380,false,Rx,0,8,00,00,00,00,00,00,00,00,
-1778190031984105,00000381,false,Rx,0,8,05,00,80,3F,00,00,00,00,
-1778190031965103,00000180,false,Rx,0,8,01,00,01,00,00,00,00,00,
-1778190031964122,00000280,false,Rx,0,8,CA,82,E8,3F,00,00,00,00,
-1778190031963192,00000281,false,Rx,0,8,51,0B,DC,42,00,00,34,42,
-1778190031962164,00000380,false,Rx,0,8,00,00,00,00,00,00,00,00,
-1778190031961185,00000381,false,Rx,0,8,05,00,80,3F,00,00,00,00,
-1778190031944476,00000180,false,Rx,0,8,01,00,01,00,00,00,00,00,
-1778190031943489,00000280,false,Rx,0,8,C6,67,E8,3F,00,00,00,00,
-1778190031942556,00000281,false,Rx,0,8,51,0B,DC,42,00,00,34,42,
-1778190031941530,00000380,false,Rx,0,8,00,00,00,00,00,00,00,00,
-1778190031940552,00000381,false,Rx,0,8,05,00,80,3F,00,00,00,00,
-1778190031921548,00000180,false,Rx,0,8,01,00,01,00,00,00,00,00,
-1778190031920561,00000280,false,Rx,0,8,C6,67,E8,3F,00,00,00,00,
-1778190031919629,00000281,false,Rx,0,8,51,0B,DC,42,00,00,34,42,
-1778190031918604,00000380,false,Rx,0,8,00,00,00,00,00,00,00,00,
-1778190031917624,00000381,false,Rx,0,8,05,00,80,3F,00,00,00,00,
-1778190031900723,00000180,false,Rx,0,8,01,00,01,00,00,00,00,00,
-1778190031899737,00000280,false,Rx,0,8,1D,4E,E8,3F,00,00,00,00,
-1778190031898803,00000281,false,Rx,0,8,51,0B,DC,42,00,00,34,42,
-1778190031897779,00000380,false,Rx,0,8,00,00,00,00,00,00,00,00,
-1778190031896800,00000381,false,Rx,0,8,05,00,80,3F,00,00,00,00,
-1778190031877776,00000180,false,Rx,0,8,01,00,01,00,00,00,00,00,
-1778190031876790,00000280,false,Rx,0,8,1D,4E,E8,3F,00,00,00,00,
-1778190031875857,00000281,false,Rx,0,8,51,0B,DC,42,00,00,34,42,
-1778190031874831,00000380,false,Rx,0,8,00,00,00,00,00,00,00,00,
-1778190031873853,00000381,false,Rx,0,8,05,00,80,3F,00,00,00,00,
-1778190031854808,00000180,false,Rx,0,8,01,00,01,00,00,00,00,00,
-1778190031853820,00000280,false,Rx,0,8,1D,4E,E8,3F,00,00,00,00,
-1778190031852891,00000281,false,Rx,0,8,51,0B,DC,42,00,00,34,42,
-1778190031851863,00000380,false,Rx,0,8,00,00,00,00,00,00,00,00,
-1778190031850883,00000381,false,Rx,0,8,05,00,80,3F,00,00,00,00,
-1778190031831590,00000180,false,Rx,0,8,01,00,01,00,00,00,00,00,
-1778190031830619,00000280,false,Rx,0,8,BB,35,E8,3F,00,00,00,00,
-1778190031829686,00000281,false,Rx,0,8,51,0B,DC,42,00,00,34,42,
-1778190031828660,00000380,false,Rx,0,8,00,00,00,00,00,00,00,00,
-1778190031827682,00000381,false,Rx,0,8,05,00,80,3F,00,00,00,00,
-1778190031808666,00000180,false,Rx,0,8,01,00,01,00,00,00,00,00,
-1778190031807695,00000280,false,Rx,0,8,BB,35,E8,3F,00,00,00,00,
-1778190031806767,00000281,false,Rx,0,8,51,0B,DC,42,00,00,34,42,
-1778190031805738,00000380,false,Rx,0,8,00,00,00,00,00,00,00,00,
-1778190031804758,00000381,false,Rx,0,8,05,00,80,3F,00,00,00,00,
-1778190031787849,00000180,false,Rx,0,8,01,00,01,00,00,00,00,00,
-1778190031786878,00000280,false,Rx,0,8,92,1E,E8,3F,00,00,00,00,
-1778190031785948,00000281,false,Rx,0,8,51,0B,DC,42,00,00,34,42,
-1778190031784919,00000380,false,Rx,0,8,00,00,00,00,00,00,00,00,
-1778190031783843,00000381,false,Rx,0,8,05,00,80,3F,00,00,00,00,
-1778190031764897,00000180,false,Rx,0,8,01,00,01,00,00,00,00,00,
-1778190031763926,00000280,false,Rx,0,8,92,1E,E8,3F,00,00,00,00,
-1778190031762898,00000281,false,Rx,0,8,51,0B,DC,42,00,00,34,42,
-1778190031761868,00000380,false,Rx,0,8,00,00,00,00,00,00,00,00,
-1778190031760889,00000381,false,Rx,0,8,05,00,80,3F,00,00,00,00,
-1778190031744097,00000180,false,Rx,0,8,01,00,01,00,00,00,00,00,
-1778190031743016,00000280,false,Rx,0,8,92,08,E8,3F,00,00,00,00,
-1778190031742084,00000281,false,Rx,0,8,51,0B,DC,42,00,00,34,42,
-1778190031741058,00000380,false,Rx,0,8,00,00,00,00,00,00,00,00,
-1778190031740077,00000381,false,Rx,0,8,05,00,80,3F,00,00,00,00,
-1778190031721068,00000180,false,Rx,0,8,01,00,01,00,00,00,00,00,
-1778190031720089,00000280,false,Rx,0,8,92,08,E8,3F,00,00,00,00,
-1778190031719156,00000281,false,Rx,0,8,51,0B,DC,42,00,00,34,42,
-1778190031718127,00000380,false,Rx,0,8,00,00,00,00,00,00,00,00,
-1778190031717148,00000381,false,Rx,0,8,05,00,80,3F,00,00,00,00,
-1778190031698114,00000180,false,Rx,0,8,01,00,01,00,00,00,00,00,
-1778190031697135,00000280,false,Rx,0,8,92,08,E8,3F,00,00,00,00,
-1778190031696202,00000281,false,Rx,0,8,51,0B,DC,42,00,00,34,42,
-1778190031695177,00000380,false,Rx,0,8,00,00,00,00,00,00,00,00,
-1778190031694198,00000381,false,Rx,0,8,05,00,80,3F,00,00,00,00,
-1778190031677473,00000180,false,Rx,0,8,01,00,01,00,00,00,00,00,
-1778190031676494,00000280,false,Rx,0,8,AB,F3,E7,3F,00,00,00,00,
-1778190031675562,00000281,false,Rx,0,8,51,0B,DC,42,00,00,34,42,
-1778190031674536,00000380,false,Rx,0,8,00,00,00,00,00,00,00,00,
-1778190031673557,00000381,false,Rx,0,8,05,00,80,3F,00,00,00,00,
-1778190031652128,00000180,false,Rx,0,8,01,00,01,00,00,00,00,00,
-1778190031651149,00000280,false,Rx,0,8,AB,F3,E7,3F,00,00,00,00,
-1778190031650216,00000281,false,Rx,0,8,51,0B,DC,42,00,00,34,42,
-1778190031649191,00000380,false,Rx,0,8,00,00,00,00,00,00,00,00,
-1778190031648212,00000381,false,Rx,0,8,05,00,80,3F,00,00,00,00,
-1778190031631310,00000180,false,Rx,0,8,01,00,01,00,00,00,00,00,
-1778190031630322,00000280,false,Rx,0,8,D0,DF,E7,3F,00,00,00,00,
-1778190031629390,00000281,false,Rx,0,8,51,0B,DC,42,00,00,34,42,
-1778190031628365,00000380,false,Rx,0,8,00,00,00,00,00,00,00,00,
-1778190031627385,00000381,false,Rx,0,8,05,00,80,3F,00,00,00,00,
-1778190031608359,00000180,false,Rx,0,8,01,00,01,00,00,00,00,00,
-1778190031607368,00000280,false,Rx,0,8,D0,DF,E7,3F,00,00,00,00,
-1778190031606439,00000281,false,Rx,0,8,51,0B,DC,42,00,00,34,42,
-1778190031605411,00000380,false,Rx,0,8,00,00,00,00,00,00,00,00,
-1778190031604431,00000381,false,Rx,0,8,05,00,80,3F,00,00,00,00,
-1778190031587564,00000180,false,Rx,0,8,01,00,01,00,00,00,00,00,
-1778190031586601,00000280,false,Rx,0,8,F3,CC,E7,3F,00,00,00,00,
-1778190031585668,00000281,false,Rx,0,8,51,0B,DC,42,00,00,34,42,
-1778190031584642,00000380,false,Rx,0,8,00,00,00,00,00,00,00,00,
-1778190031583660,00000381,false,Rx,0,8,05,00,80,3F,00,00,00,00,
-1778190031567194,00000180,false,Rx,0,8,01,00,01,00,00,00,00,00,
-1778190031566231,00000280,false,Rx,0,8,F3,CC,E7,3F,00,00,00,00,
-1778190031565298,00000281,false,Rx,0,8,51,0B,DC,42,00,00,34,42,
-1778190031564273,00000380,false,Rx,0,8,00,00,00,00,00,00,00,00,
-1778190031563294,00000381,false,Rx,0,8,05,00,80,3F,00,00,00,00,
-1778190031544248,00000180,false,Rx,0,8,01,00,01,00,00,00,00,00,
-1778190031543284,00000280,false,Rx,0,8,F3,CC,E7,3F,00,00,00,00,
-1778190031542352,00000281,false,Rx,0,8,51,0B,DC,42,00,00,34,42,
-1778190031541228,00000380,false,Rx,0,8,00,00,00,00,00,00,00,00,
-1778190031540246,00000381,false,Rx,0,8,05,00,80,3F,00,00,00,00,
-1778190031523446,00000180,false,Rx,0,8,01,00,01,00,00,00,00,00,
-1778190031522452,00000280,false,Rx,0,8,06,BB,E7,3F,00,00,00,00,
-1778190031521422,00000281,false,Rx,0,8,51,0B,DC,42,00,00,34,42,
-1778190031520392,00000380,false,Rx,0,8,00,00,00,00,00,00,00,00,
-1778190031519413,00000381,false,Rx,0,8,05,00,80,3F,00,00,00,00,
-1778190031498002,00000180,false,Rx,0,8,01,00,01,00,00,00,00,00,
-1778190031497007,00000280,false,Rx,0,8,06,BB,E7,3F,00,00,00,00,
-1778190031496075,00000281,false,Rx,0,8,51,0B,DC,42,00,00,34,42,
-1778190031495045,00000380,false,Rx,0,8,00,00,00,00,00,00,00,00,
-1778190031494067,00000381,false,Rx,0,8,05,00,80,3F,00,00,00,00,
-1778190031477191,00000180,false,Rx,0,8,01,00,01,00,00,00,00,00,
-1778190031476212,00000280,false,Rx,0,8,00,AA,E7,3F,00,00,00,00,
-1778190031475279,00000281,false,Rx,0,8,51,0B,DC,42,00,00,34,42,
-1778190031474254,00000380,false,Rx,0,8,00,00,00,00,00,00,00,00,
-1778190031473275,00000381,false,Rx,0,8,05,00,80,3F,00,00,00,00,
-1778190031454252,00000180,false,Rx,0,8,01,00,01,00,00,00,00,00,
-1778190031453273,00000280,false,Rx,0,8,00,AA,E7,3F,00,00,00,00,
-1778190031452344,00000281,false,Rx,0,8,51,0B,DC,42,00,00,34,42,
-1778190031451315,00000380,false,Rx,0,8,00,00,00,00,00,00,00,00,
-1778190031450336,00000381,false,Rx,0,8,05,00,80,3F,00,00,00,00,
-1778190031433213,00000180,false,Rx,0,8,01,00,01,00,00,00,00,00,
-1778190031432250,00000280,false,Rx,0,8,D3,99,E7,3F,00,00,00,00,
-1778190031431318,00000281,false,Rx,0,8,51,0B,DC,42,00,00,34,42,
-1778190031430288,00000380,false,Rx,0,8,00,00,00,00,00,00,00,00,
-1778190031429309,00000381,false,Rx,0,8,05,00,80,3F,00,00,00,00,
-1778190031412874,00000180,false,Rx,0,8,01,00,01,00,00,00,00,00,
-1778190031411911,00000280,false,Rx,0,8,D3,99,E7,3F,00,00,00,00,
-1778190031410982,00000281,false,Rx,0,8,51,0B,DC,42,00,00,34,42,
-1778190031409953,00000380,false,Rx,0,8,00,00,00,00,00,00,00,00,
-1778190031408974,00000381,false,Rx,0,8,05,00,80,3F,00,00,00,00,
-1778190031389928,00000180,false,Rx,0,8,01,00,01,00,00,00,00,00,
-1778190031388965,00000280,false,Rx,0,8,D3,99,E7,3F,00,00,00,00,
-1778190031388036,00000281,false,Rx,0,8,51,0B,DC,42,00,00,34,42,
-1778190031387006,00000380,false,Rx,0,8,00,00,00,00,00,00,00,00,
-1778190031386027,00000381,false,Rx,0,8,05,00,80,3F,00,00,00,00,
-1778190031369325,00000180,false,Rx,0,8,01,00,01,00,00,00,00,00,
-1778190031368361,00000280,false,Rx,0,8,75,8A,E7,3F,00,00,00,00,
-1778190031367433,00000281,false,Rx,0,8,51,0B,DC,42,00,00,34,42,
-1778190031366403,00000380,false,Rx,0,8,00,00,00,00,00,00,00,00,
-1778190031365424,00000381,false,Rx,0,8,05,00,80,3F,00,00,00,00,
-1778190031344172,00000180,false,Rx,0,8,01,00,01,00,00,00,00,00,
-1778190031343208,00000280,false,Rx,0,8,75,8A,E7,3F,00,00,00,00,
-1778190031342280,00000281,false,Rx,0,8,51,0B,DC,42,00,00,34,42,
-1778190031341250,00000380,false,Rx,0,8,00,00,00,00,00,00,00,00,
-1778190031340372,00000381,false,Rx,0,8,05,00,80,3F,00,00,00,00,
-1778190031323560,00000180,false,Rx,0,8,01,00,01,00,00,00,00,00,
-1778190031322589,00000280,false,Rx,0,8,DB,7B,E7,3F,00,00,00,00,
-1778190031321661,00000281,false,Rx,0,8,51,0B,DC,42,00,00,34,42,
-1778190031320733,00000380,false,Rx,0,8,00,00,00,00,00,00,00,00,
-1778190031319754,00000381,false,Rx,0,8,05,00,80,3F,00,00,00,00,
-1778190031300832,00000180,false,Rx,0,8,01,00,01,00,00,00,00,00,
-1778190031299961,00000280,false,Rx,0,8,DB,7B,E7,3F,00,00,00,00,
-1778190031299032,00000281,false,Rx,0,8,51,0B,DC,42,00,00,34,42,
-1778190031298002,00000380,false,Rx,0,8,00,00,00,00,00,00,00,00,
-1778190031297025,00000381,false,Rx,0,8,05,00,80,3F,00,00,00,00,
-1778190031278157,00000180,false,Rx,0,8,01,00,01,00,00,00,00,00,
-1778190031277183,00000280,false,Rx,0,8,DB,7B,E7,3F,00,00,00,00,
-1778190031276254,00000281,false,Rx,0,8,51,0B,DC,42,00,00,34,42,
-1778190031275225,00000380,false,Rx,0,8,00,00,00,00,00,00,00,00,
-1778190031274246,00000381,false,Rx,0,8,05,00,80,3F,00,00,00,00,
-1778190031257537,00000180,false,Rx,0,8,01,00,01,00,00,00,00,00,
-1778190031256565,00000280,false,Rx,0,8,FD,6D,E7,3F,00,00,00,00,
-1778190031255636,00000281,false,Rx,0,8,51,0B,DC,42,00,00,34,42,
-1778190031254608,00000380,false,Rx,0,8,00,00,00,00,00,00,00,00,
-1778190031253628,00000381,false,Rx,0,8,05,00,80,3F,00,00,00,00,
-1778190031234831,00000180,false,Rx,0,8,01,00,01,00,00,00,00,00,
-1778190031233861,00000280,false,Rx,0,8,FD,6D,E7,3F,00,00,00,00,
-1778190031232927,00000281,false,Rx,0,8,51,0B,DC,42,00,00,34,42,
-1778190031231902,00000380,false,Rx,0,8,00,00,00,00,00,00,00,00,
-1778190031230923,00000381,false,Rx,0,8,05,00,80,3F,00,00,00,00,
-1778190031214391,00000180,false,Rx,0,8,01,00,01,00,00,00,00,00,
-1778190031213411,00000280,false,Rx,0,8,D0,60,E7,3F,00,00,00,00,
-1778190031212479,00000281,false,Rx,0,8,51,0B,DC,42,00,00,34,42,
-1778190031211454,00000380,false,Rx,0,8,00,00,00,00,00,00,00,00,
-1778190031210475,00000381,false,Rx,0,8,05,00,80,3F,00,00,00,00,
-1778190031191645,00000180,false,Rx,0,8,01,00,01,00,00,00,00,00,
-1778190031190666,00000280,false,Rx,0,8,D0,60,E7,3F,00,00,00,00,
-1778190031189736,00000281,false,Rx,0,8,51,0B,DC,42,00,00,34,42,
-1778190031188708,00000380,false,Rx,0,8,00,00,00,00,00,00,00,00,
-1778190031187728,00000381,false,Rx,0,8,05,00,80,3F,00,00,00,00,
-1778190031168635,00000180,false,Rx,0,8,01,00,01,00,00,00,00,00,
-1778190031167672,00000280,false,Rx,0,8,4D,54,E7,3F,00,00,00,00,
-1778190031166739,00000281,false,Rx,0,8,51,0B,DC,42,00,00,34,42,
-1778190031165713,00000380,false,Rx,0,8,00,00,00,00,00,00,00,00,
-1778190031164735,00000381,false,Rx,0,8,05,00,80,3F,00,00,00,00,
-1778190031145896,00000180,false,Rx,0,8,01,00,01,00,00,00,00,00,
-1778190031144933,00000280,false,Rx,0,8,4D,54,E7,3F,00,00,00,00,
-1778190031144004,00000281,false,Rx,0,8,51,0B,DC,42,00,00,34,42,
-1778190031142979,00000380,false,Rx,0,8,00,00,00,00,00,00,00,00,
-1778190031141996,00000381,false,Rx,0,8,05,00,80,3F,00,00,00,00,
-1778190031123122,00000180,false,Rx,0,8,01,00,01,00,00,00,00,00,
-1778190031122159,00000280,false,Rx,0,8,4D,54,E7,3F,00,00,00,00,
-1778190031121226,00000281,false,Rx,0,8,51,0B,DC,42,00,00,34,42,
-1778190031120299,00000380,false,Rx,0,8,00,00,00,00,00,00,00,00,
-1778190031119321,00000381,false,Rx,0,8,05,00,80,3F,00,00,00,00,
-1778190031102511,00000180,false,Rx,0,8,01,00,01,00,00,00,00,00,
-1778190031101548,00000280,false,Rx,0,8,6A,48,E7,3F,00,00,00,00,
-1778190031100717,00000281,false,Rx,0,8,51,0B,DC,42,00,00,34,42,
-1778190031099688,00000380,false,Rx,0,8,00,00,00,00,00,00,00,00,
-1778190031098709,00000381,false,Rx,0,8,05,00,80,3F,00,00,00,00,
-1778190031079888,00000180,false,Rx,0,8,01,00,01,00,00,00,00,00,
-1778190031078925,00000280,false,Rx,0,8,6A,48,E7,3F,00,00,00,00,
-1778190031077996,00000281,false,Rx,0,8,51,0B,DC,42,00,00,34,42,
-1778190031076966,00000380,false,Rx,0,8,00,00,00,00,00,00,00,00,
-1778190031075988,00000381,false,Rx,0,8,05,00,80,3F,00,00,00,00,
-1778190031059264,00000180,false,Rx,0,8,01,00,01,00,00,00,00,00,
-1778190031058292,00000280,false,Rx,0,8,1E,3D,E7,3F,00,00,00,00,
-1778190031057363,00000281,false,Rx,0,8,51,0B,DC,42,00,00,34,42,
-1778190031056334,00000380,false,Rx,0,8,00,00,00,00,00,00,00,00,
-1778190031055355,00000381,false,Rx,0,8,05,00,80,3F,00,00,00,00,
-1778190031036528,00000180,false,Rx,0,8,01,00,01,00,00,00,00,00,
-1778190031035557,00000280,false,Rx,0,8,1E,3D,E7,3F,00,00,00,00,
-1778190031034623,00000281,false,Rx,0,8,51,0B,DC,42,00,00,34,42,
-1778190031033598,00000380,false,Rx,0,8,00,00,00,00,00,00,00,00,
-1778190031032620,00000381,false,Rx,0,8,05,00,80,3F,00,00,00,00,
-1778190031013499,00000180,false,Rx,0,8,01,00,01,00,00,00,00,00,
-1778190031012536,00000280,false,Rx,0,8,63,32,E7,3F,00,00,00,00,
-1778190031011607,00000281,false,Rx,0,8,51,0B,DC,42,00,00,34,42,
-1778190031010578,00000380,false,Rx,0,8,00,00,00,00,00,00,00,00,
-1778190031009599,00000381,false,Rx,0,8,05,00,80,3F,00,00,00,00,
-1778190030993333,00000180,false,Rx,0,8,01,00,01,00,00,00,00,00,
-1778190030992370,00000280,false,Rx,0,8,63,32,E7,3F,00,00,00,00,
-1778190030991438,00000281,false,Rx,0,8,51,0B,DC,42,00,00,34,42,
-1778190030990412,00000380,false,Rx,0,8,00,00,00,00,00,00,00,00,
-1778190030989433,00000381,false,Rx,0,8,05,00,80,3F,00,00,00,00,
-1778190030970597,00000180,false,Rx,0,8,01,00,01,00,00,00,00,00,
-1778190030969634,00000280,false,Rx,0,8,63,32,E7,3F,00,00,00,00,
-1778190030968701,00000281,false,Rx,0,8,51,0B,DC,42,00,00,34,42,
-1778190030967676,00000380,false,Rx,0,8,00,00,00,00,00,00,00,00,
-1778190030966697,00000381,false,Rx,0,8,05,00,80,3F,00,00,00,00,
-1778190030949988,00000180,false,Rx,0,8,01,00,01,00,00,00,00,00,
-1778190030949009,00000280,false,Rx,0,8,32,28,E7,3F,00,00,00,00,
-1778190030948077,00000281,false,Rx,0,8,51,0B,DC,42,00,00,34,42,
-1778190030947047,00000380,false,Rx,0,8,00,00,00,00,00,00,00,00,
-1778190030946068,00000381,false,Rx,0,8,05,00,80,3F,00,00,00,00,
-1778190030927249,00000180,false,Rx,0,8,01,00,01,00,00,00,00,00,
-1778190030926270,00000280,false,Rx,0,8,32,28,E7,3F,00,00,00,00,
-1778190030925337,00000281,false,Rx,0,8,51,0B,DC,42,00,00,34,42,
-1778190030924311,00000380,false,Rx,0,8,00,00,00,00,00,00,00,00,
-1778190030923333,00000381,false,Rx,0,8,05,00,80,3F,00,00,00,00,
-1778190030906640,00000180,false,Rx,0,8,01,00,01,00,00,00,00,00,
-1778190030905661,00000280,false,Rx,0,8,83,1E,E7,3F,00,00,00,00,
-1778190030904727,00000281,false,Rx,0,8,51,0B,DC,42,00,00,34,42,
-1778190030903702,00000380,false,Rx,0,8,00,00,00,00,00,00,00,00,
-1778190030902724,00000381,false,Rx,0,8,05,00,80,3F,00,00,00,00,
-1778190030883885,00000180,false,Rx,0,8,01,00,01,00,00,00,00,00,
-1778190030882906,00000280,false,Rx,0,8,83,1E,E7,3F,00,00,00,00,
-1778190030881977,00000281,false,Rx,0,8,51,0B,DC,42,00,00,34,42,
-1778190030881048,00000380,false,Rx,0,8,00,00,00,00,00,00,00,00,
-1778190030880070,00000381,false,Rx,0,8,05,00,80,3F,00,00,00,00,
-1778190030858835,00000180,false,Rx,0,8,01,00,01,00,00,00,00,00,
-1778190030857855,00000280,false,Rx,0,8,83,1E,E7,3F,00,00,00,00,
-1778190030856922,00000281,false,Rx,0,8,51,0B,DC,42,00,00,34,42,
-1778190030855894,00000380,false,Rx,0,8,00,00,00,00,00,00,00,00,
-1778190030854918,00000381,false,Rx,0,8,05,00,80,3F,00,00,00,00,
-1778190030838409,00000180,false,Rx,0,8,01,00,01,00,00,00,00,00,
-1778190030837429,00000280,false,Rx,0,8,50,15,E7,3F,00,00,00,00,
-1778190030836497,00000281,false,Rx,0,8,51,0B,DC,42,00,00,34,42,
-1778190030835472,00000380,false,Rx,0,8,00,00,00,00,00,00,00,00,
-1778190030834493,00000381,false,Rx,0,8,05,00,80,3F,00,00,00,00,
-1778190030815689,00000180,false,Rx,0,8,01,00,01,00,00,00,00,00,
-1778190030814711,00000280,false,Rx,0,8,50,15,E7,3F,00,00,00,00,
-1778190030813778,00000281,false,Rx,0,8,51,0B,DC,42,00,00,34,42,
-1778190030812749,00000380,false,Rx,0,8,00,00,00,00,00,00,00,00,
-1778190030811770,00000381,false,Rx,0,8,05,00,80,3F,00,00,00,00,
-1778190030795253,00000180,false,Rx,0,8,01,00,01,00,00,00,00,00,
-1778190030794275,00000280,false,Rx,0,8,93,0C,E7,3F,00,00,00,00,
-1778190030793346,00000281,false,Rx,0,8,51,0B,DC,42,00,00,34,42,
-1778190030792317,00000380,false,Rx,0,8,00,00,00,00,00,00,00,00,
-1778190030791338,00000381,false,Rx,0,8,05,00,80,3F,00,00,00,00,
-1778190030772519,00000180,false,Rx,0,8,01,00,01,00,00,00,00,00,
-1778190030771540,00000280,false,Rx,0,8,93,0C,E7,3F,00,00,00,00,
-1778190030770607,00000281,false,Rx,0,8,51,0B,DC,42,00,00,34,42,
-1778190030769578,00000380,false,Rx,0,8,00,00,00,00,00,00,00,00,
-1778190030768599,00000381,false,Rx,0,8,05,00,80,3F,00,00,00,00,
-1778190030751902,00000180,false,Rx,0,8,01,00,01,00,00,00,00,00,
-1778190030750911,00000280,false,Rx,0,8,45,04,E7,3F,00,00,00,00,
-1778190030749982,00000281,false,Rx,0,8,51,0B,DC,42,00,00,34,42,
-1778190030748953,00000380,false,Rx,0,8,00,00,00,00,00,00,00,00,
-1778190030747974,00000381,false,Rx,0,8,05,00,80,3F,00,00,00,00,
-1778190030729173,00000180,false,Rx,0,8,01,00,01,00,00,00,00,00,
-1778190030728183,00000280,false,Rx,0,8,45,04,E7,3F,00,00,00,00,
-1778190030727254,00000281,false,Rx,0,8,51,0B,DC,42,00,00,34,42,
-1778190030726225,00000380,false,Rx,0,8,00,00,00,00,00,00,00,00,
-1778190030725246,00000381,false,Rx,0,8,05,00,80,3F,00,00,00,00,
-1778190030703836,00000180,false,Rx,0,8,01,00,01,00,00,00,00,00,
-1778190030702846,00000280,false,Rx,0,8,45,04,E7,3F,00,00,00,00,
-1778190030701916,00000281,false,Rx,0,8,51,0B,DC,42,00,00,34,42,
-1778190030700989,00000380,false,Rx,0,8,00,00,00,00,00,00,00,00,
-1778190030700012,00000381,false,Rx,0,8,05,00,80,3F,00,00,00,00,
-1778190030683370,00000180,false,Rx,0,8,01,00,01,00,00,00,00,00,
-1778190030682399,00000280,false,Rx,0,8,62,FC,E6,3F,00,00,00,00,
-1778190030681569,00000281,false,Rx,0,8,51,0B,DC,42,00,00,34,42,
-1778190030680542,00000380,false,Rx,0,8,00,00,00,00,00,00,00,00,
-1778190030679563,00000381,false,Rx,0,8,05,00,80,3F,00,00,00,00,
-1778190030660752,00000180,false,Rx,0,8,01,00,01,00,00,00,00,00,
-1778190030659780,00000280,false,Rx,0,8,62,FC,E6,3F,00,00,00,00,
-1778190030658847,00000281,false,Rx,0,8,51,0B,DC,42,00,00,34,42,
-1778190030657819,00000380,false,Rx,0,8,00,00,00,00,00,00,00,00,
-1778190030656840,00000381,false,Rx,0,8,05,00,80,3F,00,00,00,00,
-1778190030640323,00000180,false,Rx,0,8,01,00,01,00,00,00,00,00,
-1778190030639352,00000280,false,Rx,0,8,E3,F4,E6,3F,00,00,00,00,
-1778190030638423,00000281,false,Rx,0,8,51,0B,DC,42,00,00,34,42,
-1778190030637393,00000380,false,Rx,0,8,00,00,00,00,00,00,00,00,
-1778190030636414,00000381,false,Rx,0,8,05,00,80,3F,00,00,00,00,
-1778190030617588,00000180,false,Rx,0,8,01,00,01,00,00,00,00,00,
-1778190030616616,00000280,false,Rx,0,8,E3,F4,E6,3F,00,00,00,00,
-1778190030615684,00000281,false,Rx,0,8,51,0B,DC,42,00,00,34,42,
-1778190030614659,00000380,false,Rx,0,8,00,00,00,00,00,00,00,00,
-1778190030613680,00000381,false,Rx,0,8,05,00,80,3F,00,00,00,00,
-1778190030596978,00000180,false,Rx,0,8,01,00,01,00,00,00,00,00,
-1778190030596015,00000280,false,Rx,0,8,C5,ED,E6,3F,00,00,00,00,
-1778190030595082,00000281,false,Rx,0,8,51,0B,DC,42,00,00,34,42,
-1778190030594058,00000380,false,Rx,0,8,00,00,00,00,00,00,00,00,
-1778190030593078,00000381,false,Rx,0,8,05,00,80,3F,00,00,00,00,
-1778190030574259,00000180,false,Rx,0,8,01,00,01,00,00,00,00,00,
-1778190030573296,00000280,false,Rx,0,8,C5,ED,E6,3F,00,00,00,00,
-1778190030572363,00000281,false,Rx,0,8,51,0B,DC,42,00,00,34,42,
-1778190030571337,00000380,false,Rx,0,8,00,00,00,00,00,00,00,00,
-1778190030570355,00000381,false,Rx,0,8,05,00,80,3F,00,00,00,00,
-1778190030551663,00000180,false,Rx,0,8,01,00,01,00,00,00,00,00,
-1778190030550700,00000280,false,Rx,0,8,C5,ED,E6,3F,00,00,00,00,
-1778190030549771,00000281,false,Rx,0,8,51,0B,DC,42,00,00,34,42,
-1778190030548742,00000380,false,Rx,0,8,00,00,00,00,00,00,00,00,
-1778190030547763,00000381,false,Rx,0,8,05,00,80,3F,00,00,00,00,
-1778190030528639,00000180,false,Rx,0,8,01,00,01,00,00,00,00,00,
-1778190030527661,00000280,false,Rx,0,8,02,E7,E6,3F,00,00,00,00,
-1778190030526728,00000281,false,Rx,0,8,51,0B,DC,42,00,00,34,42,
-1778190030525702,00000380,false,Rx,0,8,00,00,00,00,00,00,00,00,
-1778190030524724,00000381,false,Rx,0,8,05,00,80,3F,00,00,00,00,
-1778190030505894,00000180,false,Rx,0,8,01,00,01,00,00,00,00,00,
-1778190030504914,00000280,false,Rx,0,8,02,E7,E6,3F,00,00,00,00,
-1778190030503985,00000281,false,Rx,0,8,51,0B,DC,42,00,00,34,42,
-1778190030502957,00000380,false,Rx,0,8,00,00,00,00,00,00,00,00,
-1778190030502080,00000381,false,Rx,0,8,05,00,80,3F,00,00,00,00,
-1778190030485302,00000180,false,Rx,0,8,01,00,01,00,00,00,00,00,
-1778190030484331,00000280,false,Rx,0,8,95,E0,E6,3F,00,00,00,00,
-1778190030483398,00000281,false,Rx,0,8,51,0B,DC,42,00,00,34,42,
-1778190030482370,00000380,false,Rx,0,8,00,00,00,00,00,00,00,00,
-1778190030481489,00000381,false,Rx,0,8,05,00,80,3F,00,00,00,00,
-1778190030462569,00000180,false,Rx,0,8,01,00,01,00,00,00,00,00,
-1778190030461701,00000280,false,Rx,0,8,95,E0,E6,3F,00,00,00,00,
-1778190030460769,00000281,false,Rx,0,8,51,0B,DC,42,00,00,34,42,
-1778190030459742,00000380,false,Rx,0,8,00,00,00,00,00,00,00,00,
-1778190030458762,00000381,false,Rx,0,8,05,00,80,3F,00,00,00,00,
-1778190030442054,00000180,false,Rx,0,8,01,00,01,00,00,00,00,00,
-1778190030441093,00000280,false,Rx,0,8,7A,DA,E6,3F,00,00,00,00,
-1778190030440161,00000281,false,Rx,0,8,51,0B,DC,42,00,00,34,42,
-1778190030439133,00000380,false,Rx,0,8,00,00,00,00,00,00,00,00,
-1778190030438154,00000381,false,Rx,0,8,05,00,80,3F,00,00,00,00,
-1778190030421888,00000180,false,Rx,0,8,01,00,01,00,00,00,00,00,
-1778190030420926,00000280,false,Rx,0,8,7A,DA,E6,3F,00,00,00,00,
-1778190030419994,00000281,false,Rx,0,8,51,0B,DC,42,00,00,34,42,
-1778190030418968,00000380,false,Rx,0,8,00,00,00,00,00,00,00,00,
-1778190030417988,00000381,false,Rx,0,8,05,00,80,3F,00,00,00,00,
-1778190030399135,00000180,false,Rx,0,8,01,00,01,00,00,00,00,00,
-1778190030398172,00000280,false,Rx,0,8,7A,DA,E6,3F,00,00,00,00,
-1778190030397239,00000281,false,Rx,0,8,51,0B,DC,42,00,00,34,42,
-1778190030396214,00000380,false,Rx,0,8,00,00,00,00,00,00,00,00,
-1778190030395235,00000381,false,Rx,0,8,05,00,80,3F,00,00,00,00,
-1778190030376127,00000180,false,Rx,0,8,01,00,01,00,00,00,00,00,
-1778190030375163,00000280,false,Rx,0,8,AD,D4,E6,3F,00,00,00,00,
-1778190030374231,00000281,false,Rx,0,8,51,0B,DC,42,00,00,34,42,
-1778190030373205,00000380,false,Rx,0,8,00,00,00,00,00,00,00,00,
-1778190030372226,00000381,false,Rx,0,8,05,00,80,3F,00,00,00,00,
-1778190030353197,00000180,false,Rx,0,8,01,00,01,00,00,00,00,00,
-1778190030352233,00000280,false,Rx,0,8,AD,D4,E6,3F,00,00,00,00,
-1778190030351305,00000281,false,Rx,0,8,51,0B,DC,42,00,00,34,42,
-1778190030350275,00000380,false,Rx,0,8,00,00,00,00,00,00,00,00,
-1778190030349296,00000381,false,Rx,0,8,05,00,80,3F,00,00,00,00,
-1778190030332379,00000180,false,Rx,0,8,01,00,01,00,00,00,00,00,
-1778190030331392,00000280,false,Rx,0,8,2B,CF,E6,3F,00,00,00,00,
-1778190030330459,00000281,false,Rx,0,8,51,0B,DC,42,00,00,34,42,
-1778190030329434,00000380,false,Rx,0,8,00,00,00,00,00,00,00,00,
-1778190030328456,00000381,false,Rx,0,8,05,00,80,3F,00,00,00,00,
-1778190030309425,00000180,false,Rx,0,8,01,00,01,00,00,00,00,00,
-1778190030308439,00000280,false,Rx,0,8,2B,CF,E6,3F,00,00,00,00,
-1778190030307510,00000281,false,Rx,0,8,51,0B,DC,42,00,00,34,42,
-1778190030306481,00000380,false,Rx,0,8,00,00,00,00,00,00,00,00,
-1778190030305502,00000381,false,Rx,0,8,05,00,80,3F,00,00,00,00,
-1778190030286475,00000180,false,Rx,0,8,01,00,01,00,00,00,00,00,
-1778190030285489,00000280,false,Rx,0,8,2B,CF,E6,3F,00,00,00,00,
-1778190030284556,00000281,false,Rx,0,8,51,0B,DC,42,00,00,34,42,
-1778190030283530,00000380,false,Rx,0,8,00,00,00,00,00,00,00,00,
-1778190030282548,00000381,false,Rx,0,8,05,00,80,3F,00,00,00,00,
-1778190030265651,00000180,false,Rx,0,8,01,00,01,00,00,00,00,00,
-1778190030264687,00000280,false,Rx,0,8,F0,C9,E6,3F,00,00,00,00,
-1778190030263755,00000281,false,Rx,0,8,51,0B,DC,42,00,00,34,42,
-1778190030262729,00000380,false,Rx,0,8,00,00,00,00,00,00,00,00,
-1778190030261750,00000381,false,Rx,0,8,05,00,80,3F,00,00,00,00,
-1778190030242730,00000180,false,Rx,0,8,01,00,01,00,00,00,00,00,
-1778190030241766,00000280,false,Rx,0,8,F0,C9,E6,3F,00,00,00,00,
-1778190030240732,00000281,false,Rx,0,8,51,0B,DC,42,00,00,34,42,
-1778190030239707,00000380,false,Rx,0,8,00,00,00,00,00,00,00,00,
-1778190030238728,00000381,false,Rx,0,8,05,00,80,3F,00,00,00,00,
-1778190030219796,00000180,false,Rx,0,8,01,00,01,00,00,00,00,00,
-1778190030218824,00000280,false,Rx,0,8,F8,C4,E6,3F,00,00,00,00,
-1778190030217891,00000281,false,Rx,0,8,51,0B,DC,42,00,00,34,42,
-1778190030216866,00000380,false,Rx,0,8,00,00,00,00,00,00,00,00,
-1778190030215888,00000381,false,Rx,0,8,05,00,80,3F,00,00,00,00,
-1778190030196868,00000180,false,Rx,0,8,01,00,01,00,00,00,00,00,
-1778190030195897,00000280,false,Rx,0,8,F8,C4,E6,3F,00,00,00,00,
-1778190030194965,00000281,false,Rx,0,8,51,0B,DC,42,00,00,34,42,
-1778190030193936,00000380,false,Rx,0,8,00,00,00,00,00,00,00,00,
-1778190030192956,00000381,false,Rx,0,8,05,00,80,3F,00,00,00,00,
-1778190030176051,00000180,false,Rx,0,8,01,00,01,00,00,00,00,00,
-1778190030175053,00000280,false,Rx,0,8,3E,C0,E6,3F,00,00,00,00,
-1778190030174124,00000281,false,Rx,0,8,51,0B,DC,42,00,00,34,42,
-1778190030173095,00000380,false,Rx,0,8,00,00,00,00,00,00,00,00,
-1778190030172116,00000381,false,Rx,0,8,05,00,80,3F,00,00,00,00,
-1778190030153121,00000180,false,Rx,0,8,01,00,01,00,00,00,00,00,
-1778190030152127,00000280,false,Rx,0,8,3E,C0,E6,3F,00,00,00,00,
-1778190030151193,00000281,false,Rx,0,8,51,0B,DC,42,00,00,34,42,
-1778190030150164,00000380,false,Rx,0,8,00,00,00,00,00,00,00,00,
-1778190030149186,00000381,false,Rx,0,8,05,00,80,3F,00,00,00,00,
-1778190030130158,00000180,false,Rx,0,8,01,00,01,00,00,00,00,00,
-1778190030129164,00000280,false,Rx,0,8,3E,C0,E6,3F,00,00,00,00,
-1778190030128235,00000281,false,Rx,0,8,51,0B,DC,42,00,00,34,42,
-1778190030127207,00000380,false,Rx,0,8,00,00,00,00,00,00,00,00,
-1778190030126227,00000381,false,Rx,0,8,05,00,80,3F,00,00,00,00,
-1778190030109519,00000180,false,Rx,0,8,01,00,01,00,00,00,00,00,
-1778190030108540,00000280,false,Rx,0,8,C2,BB,E6,3F,00,00,00,00,
-1778190030107611,00000281,false,Rx,0,8,51,0B,DC,42,00,00,34,42,
-1778190030106582,00000380,false,Rx,0,8,00,00,00,00,00,00,00,00,
-1778190030105604,00000381,false,Rx,0,8,05,00,80,3F,00,00,00,00,
-1778190030086607,00000180,false,Rx,0,8,01,00,01,00,00,00,00,00,
-1778190030085628,00000280,false,Rx,0,8,C2,BB,E6,3F,00,00,00,00,
-1778190030084695,00000281,false,Rx,0,8,51,0B,DC,42,00,00,34,42,
-1778190030083671,00000380,false,Rx,0,8,00,00,00,00,00,00,00,00,
-1778190030082687,00000381,false,Rx,0,8,05,00,80,3F,00,00,00,00,
-1778190030065972,00000180,false,Rx,0,8,01,00,01,00,00,00,00,00,
-1778190030064977,00000280,false,Rx,0,8,7E,B7,E6,3F,00,00,00,00,
-1778190030064048,00000281,false,Rx,0,8,51,0B,DC,42,00,00,34,42,
-1778190030063019,00000380,false,Rx,0,8,00,00,00,00,00,00,00,00,
-1778190030062041,00000381,false,Rx,0,8,05,00,80,3F,00,00,00,00,
-1778190030040619,00000180,false,Rx,0,8,01,00,01,00,00,00,00,00,
-1778190030039526,00000280,false,Rx,0,8,7E,B7,E6,3F,00,00,00,00,
-1778190030038595,00000281,false,Rx,0,8,51,0B,DC,42,00,00,34,42,
-1778190030037566,00000380,false,Rx,0,8,00,00,00,00,00,00,00,00,
-1778190030036587,00000381,false,Rx,0,8,05,00,80,3F,00,00,00,00,
-1778190030019826,00000180,false,Rx,0,8,01,00,01,00,00,00,00,00,
-1778190030018748,00000280,false,Rx,0,8,72,B3,E6,3F,00,00,00,00,
-1778190030017815,00000281,false,Rx,0,8,51,0B,DC,42,00,00,34,42,
-1778190030016789,00000380,false,Rx,0,8,00,00,00,00,00,00,00,00,
-1778190030015809,00000381,false,Rx,0,8,05,00,80,3F,00,00,00,00,
-1778190029996804,00000180,false,Rx,0,8,01,00,01,00,00,00,00,00,
-1778190029995825,00000280,false,Rx,0,8,72,B3,E6,3F,00,00,00,00,
-1778190029994892,00000281,false,Rx,0,8,51,0B,DC,42,00,00,34,42,
-1778190029993868,00000380,false,Rx,0,8,00,00,00,00,00,00,00,00,
-1778190029992888,00000381,false,Rx,0,8,05,00,80,3F,00,00,00,00,
-1778190029974011,00000180,false,Rx,0,8,01,00,01,00,00,00,00,00,
-1778190029973032,00000280,false,Rx,0,8,72,B3,E6,3F,00,00,00,00,
-1778190029972103,00000281,false,Rx,0,8,51,0B,DC,42,00,00,34,42,
-1778190029971075,00000380,false,Rx,0,8,00,00,00,00,00,00,00,00,
-1778190029970095,00000381,false,Rx,0,8,05,00,80,3F,00,00,00,00,
-1778190029953194,00000180,false,Rx,0,8,01,00,01,00,00,00,00,00,
-1778190029952208,00000280,false,Rx,0,8,9A,AF,E6,3F,00,00,00,00,
-1778190029951279,00000281,false,Rx,0,8,51,0B,DC,42,00,00,34,42,
-1778190029950249,00000380,false,Rx,0,8,00,00,00,00,00,00,00,00,
-1778190029949271,00000381,false,Rx,0,8,05,00,80,3F,00,00,00,00,
-1778190029930267,00000180,false,Rx,0,8,01,00,01,00,00,00,00,00,
-1778190029929280,00000280,false,Rx,0,8,9A,AF,E6,3F,00,00,00,00,
-1778190029928347,00000281,false,Rx,0,8,51,0B,DC,42,00,00,34,42,
-1778190029927318,00000380,false,Rx,0,8,00,00,00,00,00,00,00,00,
-1778190029926339,00000381,false,Rx,0,8,05,00,80,3F,00,00,00,00,
-1778190029909457,00000180,false,Rx,0,8,01,00,01,00,00,00,00,00,
-1778190029908486,00000280,false,Rx,0,8,F2,AB,E6,3F,00,00,00,00,
-1778190029907553,00000281,false,Rx,0,8,51,0B,DC,42,00,00,34,42,
-1778190029906524,00000380,false,Rx,0,8,00,00,00,00,00,00,00,00,
-1778190029905549,00000381,false,Rx,0,8,05,00,80,3F,00,00,00,00,
-1778190029884112,00000180,false,Rx,0,8,01,00,01,00,00,00,00,00,
-1778190029883140,00000280,false,Rx,0,8,F2,AB,E6,3F,00,00,00,00,
-1778190029882207,00000281,false,Rx,0,8,51,0B,DC,42,00,00,34,42,
-1778190029881182,00000380,false,Rx,0,8,00,00,00,00,00,00,00,00,
-1778190029880203,00000381,false,Rx,0,8,05,00,80,3F,00,00,00,00,
-1778190029863236,00000180,false,Rx,0,8,01,00,01,00,00,00,00,00,
-1778190029862273,00000280,false,Rx,0,8,7A,A8,E6,3F,00,00,00,00,
-1778190029861341,00000281,false,Rx,0,8,51,0B,DC,42,00,00,34,42,
-1778190029860315,00000380,false,Rx,0,8,00,00,00,00,00,00,00,00,
-1778190029859336,00000381,false,Rx,0,8,05,00,80,3F,00,00,00,00,
-1778190029842924,00000180,false,Rx,0,8,01,00,01,00,00,00,00,00,
-1778190029841961,00000280,false,Rx,0,8,7A,A8,E6,3F,00,00,00,00,
-1778190029841028,00000281,false,Rx,0,8,51,0B,DC,42,00,00,34,42,
-1778190029840003,00000380,false,Rx,0,8,00,00,00,00,00,00,00,00,
-1778190029839024,00000381,false,Rx,0,8,05,00,80,3F,00,00,00,00,
-1778190029820001,00000180,false,Rx,0,8,01,00,01,00,00,00,00,00,
-1778190029819036,00000280,false,Rx,0,8,7A,A8,E6,3F,00,00,00,00,
-1778190029818108,00000281,false,Rx,0,8,51,0B,DC,42,00,00,34,42,
-1778190029816979,00000380,false,Rx,0,8,00,00,00,00,00,00,00,00,
-1778190029816001,00000381,false,Rx,0,8,05,00,80,3F,00,00,00,00,
-1778190029799369,00000180,false,Rx,0,8,01,00,01,00,00,00,00,00,
-1778190029798397,00000280,false,Rx,0,8,2D,A5,E6,3F,00,00,00,00,
-1778190029797369,00000281,false,Rx,0,8,51,0B,DC,42,00,00,34,42,
-1778190029796340,00000380,false,Rx,0,8,00,00,00,00,00,00,00,00,
-1778190029795361,00000381,false,Rx,0,8,05,00,80,3F,00,00,00,00,
-1778190029776347,00000180,false,Rx,0,8,01,00,01,00,00,00,00,00,
-1778190029775376,00000280,false,Rx,0,8,2D,A5,E6,3F,00,00,00,00,
-1778190029774448,00000281,false,Rx,0,8,51,0B,DC,42,00,00,34,42,
-1778190029773418,00000380,false,Rx,0,8,00,00,00,00,00,00,00,00,
-1778190029772439,00000381,false,Rx,0,8,05,00,80,3F,00,00,00,00,
-1778190029755723,00000180,false,Rx,0,8,01,00,01,00,00,00,00,00,
-1778190029754744,00000280,false,Rx,0,8,0B,A2,E6,3F,00,00,00,00,
-1778190029753812,00000281,false,Rx,0,8,51,0B,DC,42,00,00,34,42,
-1778190029752786,00000380,false,Rx,0,8,00,00,00,00,00,00,00,00,
-1778190029751807,00000381,false,Rx,0,8,05,00,80,3F,00,00,00,00,
-1778190029730401,00000180,false,Rx,0,8,01,00,01,00,00,00,00,00,
-1778190029729421,00000280,false,Rx,0,8,0B,A2,E6,3F,00,00,00,00,
-1778190029728493,00000281,false,Rx,0,8,51,0B,DC,42,00,00,34,42,
-1778190029727464,00000380,false,Rx,0,8,00,00,00,00,00,00,00,00,
-1778190029726484,00000381,false,Rx,0,8,05,00,80,3F,00,00,00,00,
-1778190029707608,00000180,false,Rx,0,8,01,00,01,00,00,00,00,00,
-1778190029706629,00000280,false,Rx,0,8,0B,A2,E6,3F,00,00,00,00,
-1778190029705696,00000281,false,Rx,0,8,51,0B,DC,42,00,00,34,42,
-1778190029704671,00000380,false,Rx,0,8,00,00,00,00,00,00,00,00,
-1778190029703692,00000381,false,Rx,0,8,05,00,80,3F,00,00,00,00,
-1778190029686791,00000180,false,Rx,0,8,01,00,01,00,00,00,00,00,
-1778190029685803,00000280,false,Rx,0,8,12,9F,E6,3F,00,00,00,00,
-1778190029684871,00000281,false,Rx,0,8,51,0B,DC,42,00,00,34,42,
-1778190029683842,00000380,false,Rx,0,8,00,00,00,00,00,00,00,00,
-1778190029682867,00000381,false,Rx,0,8,05,00,80,3F,00,00,00,00,
-1778190029663867,00000180,false,Rx,0,8,01,00,01,00,00,00,00,00,
-1778190029662880,00000280,false,Rx,0,8,12,9F,E6,3F,00,00,00,00,
-1778190029661952,00000281,false,Rx,0,8,51,0B,DC,42,00,00,34,42,
-1778190029660922,00000380,false,Rx,0,8,00,00,00,00,00,00,00,00,
-1778190029659943,00000381,false,Rx,0,8,05,00,80,3F,00,00,00,00,
-1778190029643254,00000180,false,Rx,0,8,01,00,01,00,00,00,00,00,
-1778190029642275,00000280,false,Rx,0,8,3E,9C,E6,3F,00,00,00,00,
-1778190029641343,00000281,false,Rx,0,8,51,0B,DC,42,00,00,34,42,
-1778190029640317,00000380,false,Rx,0,8,00,00,00,00,00,00,00,00,
-1778190029639334,00000381,false,Rx,0,8,05,00,80,3F,00,00,00,00,
-1778190029620314,00000180,false,Rx,0,8,01,00,01,00,00,00,00,00,
-1778190029619335,00000280,false,Rx,0,8,3E,9C,E6,3F,00,00,00,00,
-1778190029618406,00000281,false,Rx,0,8,51,0B,DC,42,00,00,34,42,
-1778190029617377,00000380,false,Rx,0,8,00,00,00,00,00,00,00,00,
-1778190029616398,00000381,false,Rx,0,8,05,00,80,3F,00,00,00,00,
-1778190029599499,00000180,false,Rx,0,8,01,00,01,00,00,00,00,00,
-1778190029598527,00000280,false,Rx,0,8,8E,99,E6,3F,00,00,00,00,
-1778190029597594,00000281,false,Rx,0,8,51,0B,DC,42,00,00,34,42,
-1778190029596566,00000380,false,Rx,0,8,00,00,00,00,00,00,00,00,
-1778190029595489,00000381,false,Rx,0,8,05,00,80,3F,00,00,00,00,
-1778190029576568,00000180,false,Rx,0,8,01,00,01,00,00,00,00,00,
-1778190029575498,00000280,false,Rx,0,8,8E,99,E6,3F,00,00,00,00,
-1778190029574565,00000281,false,Rx,0,8,51,0B,DC,42,00,00,34,42,
-1778190029573538,00000380,false,Rx,0,8,00,00,00,00,00,00,00,00,
-1778190029572558,00000381,false,Rx,0,8,05,00,80,3F,00,00,00,00,
-1778190029551065,00000180,false,Rx,0,8,01,00,01,00,00,00,00,00,
-1778190029550094,00000280,false,Rx,0,8,8E,99,E6,3F,00,00,00,00,
-1778190029549165,00000281,false,Rx,0,8,51,0B,DC,42,00,00,34,42,
-1778190029548136,00000380,false,Rx,0,8,00,00,00,00,00,00,00,00,
-1778190029547157,00000381,false,Rx,0,8,05,00,80,3F,00,00,00,00,
-1778190029530255,00000180,false,Rx,0,8,01,00,01,00,00,00,00,00,
-1778190029529261,00000280,false,Rx,0,8,00,97,E6,3F,00,00,00,00,
-1778190029528328,00000281,false,Rx,0,8,51,0B,DC,42,00,00,34,42,
-1778190029527302,00000380,false,Rx,0,8,00,00,00,00,00,00,00,00,
-1778190029526324,00000381,false,Rx,0,8,05,00,80,3F,00,00,00,00,
-1778190029507316,00000180,false,Rx,0,8,01,00,01,00,00,00,00,00,
-1778190029506322,00000280,false,Rx,0,8,00,97,E6,3F,00,00,00,00,
-1778190029505393,00000281,false,Rx,0,8,51,0B,DC,42,00,00,34,42,
-1778190029504363,00000380,false,Rx,0,8,00,00,00,00,00,00,00,00,
-1778190029503385,00000381,false,Rx,0,8,05,00,80,3F,00,00,00,00,
-1778190029486518,00000180,false,Rx,0,8,01,00,01,00,00,00,00,00,
-1778190029485546,00000280,false,Rx,0,8,93,94,E6,3F,00,00,00,00,
-1778190029484614,00000281,false,Rx,0,8,51,0B,DC,42,00,00,34,42,
-1778190029483589,00000380,false,Rx,0,8,00,00,00,00,00,00,00,00,
-1778190029482610,00000381,false,Rx,0,8,05,00,80,3F,00,00,00,00,
-1778190029463597,00000180,false,Rx,0,8,01,00,01,00,00,00,00,00,
-1778190029462623,00000280,false,Rx,0,8,93,94,E6,3F,00,00,00,00,
-1778190029461693,00000281,false,Rx,0,8,51,0B,DC,42,00,00,34,42,
-1778190029460664,00000380,false,Rx,0,8,00,00,00,00,00,00,00,00,
-1778190029459686,00000381,false,Rx,0,8,05,00,80,3F,00,00,00,00,
-1778190029442969,00000180,false,Rx,0,8,01,00,01,00,00,00,00,00,
-1778190029442006,00000280,false,Rx,0,8,45,92,E6,3F,00,00,00,00,
-1778190029441076,00000281,false,Rx,0,8,51,0B,DC,42,00,00,34,42,
-1778190029440047,00000380,false,Rx,0,8,00,00,00,00,00,00,00,00,
-1778190029439069,00000381,false,Rx,0,8,05,00,80,3F,00,00,00,00,
-1778190029422602,00000180,false,Rx,0,8,01,00,01,00,00,00,00,00,
-1778190029421638,00000280,false,Rx,0,8,45,92,E6,3F,00,00,00,00,
-1778190029420705,00000281,false,Rx,0,8,51,0B,DC,42,00,00,34,42,
-1778190029419680,00000380,false,Rx,0,8,00,00,00,00,00,00,00,00,
-1778190029418701,00000381,false,Rx,0,8,05,00,80,3F,00,00,00,00,
-1778190029397256,00000180,false,Rx,0,8,01,00,01,00,00,00,00,00,
-1778190029396292,00000280,false,Rx,0,8,45,92,E6,3F,00,00,00,00,
-1778190029395360,00000281,false,Rx,0,8,51,0B,DC,42,00,00,34,42,
-1778190029394335,00000380,false,Rx,0,8,00,00,00,00,00,00,00,00,
-1778190029393255,00000381,false,Rx,0,8,05,00,80,3F,00,00,00,00,
-1778190029376437,00000180,false,Rx,0,8,01,00,01,00,00,00,00,00,
-1778190029375457,00000280,false,Rx,0,8,15,90,E6,3F,00,00,00,00,
-1778190029374525,00000281,false,Rx,0,8,51,0B,DC,42,00,00,34,42,
-1778190029373398,00000380,false,Rx,0,8,00,00,00,00,00,00,00,00,
-1778190029372420,00000381,false,Rx,0,8,05,00,80,3F,00,00,00,00,
-1778190029353391,00000180,false,Rx,0,8,01,00,01,00,00,00,00,00,
-1778190029352409,00000280,false,Rx,0,8,15,90,E6,3F,00,00,00,00,
-1778190029351478,00000281,false,Rx,0,8,51,0B,DC,42,00,00,34,42,
-1778190029350452,00000380,false,Rx,0,8,00,00,00,00,00,00,00,00,
-1778190029349473,00000381,false,Rx,0,8,05,00,80,3F,00,00,00,00,
-1778190029332791,00000180,false,Rx,0,8,01,00,01,00,00,00,00,00,
-1778190029331808,00000280,false,Rx,0,8,00,8E,E6,3F,00,00,00,00,
-1778190029330878,00000281,false,Rx,0,8,51,0B,DC,42,00,00,34,42,
-1778190029329853,00000380,false,Rx,0,8,00,00,00,00,00,00,00,00,
-1778190029328875,00000381,false,Rx,0,8,05,00,80,3F,00,00,00,00,
-1778190029310052,00000180,false,Rx,0,8,01,00,01,00,00,00,00,00,
-1778190029309073,00000280,false,Rx,0,8,00,8E,E6,3F,00,00,00,00,
-1778190029308140,00000281,false,Rx,0,8,51,0B,DC,42,00,00,34,42,
-1778190029307114,00000380,false,Rx,0,8,00,00,00,00,00,00,00,00,
-1778190029306136,00000381,false,Rx,0,8,05,00,80,3F,00,00,00,00,
-1778190029287305,00000180,false,Rx,0,8,01,00,01,00,00,00,00,00,
-1778190029286326,00000280,false,Rx,0,8,00,8E,E6,3F,00,00,00,00,
-1778190029285398,00000281,false,Rx,0,8,51,0B,DC,42,00,00,34,42,
-1778190029284368,00000380,false,Rx,0,8,00,00,00,00,00,00,00,00,
-1778190029283389,00000381,false,Rx,0,8,05,00,80,3F,00,00,00,00,
-1778190029266857,00000180,false,Rx,0,8,01,00,01,00,00,00,00,00,
-1778190029265877,00000280,false,Rx,0,8,06,8C,E6,3F,00,00,00,00,
-1778190029264944,00000281,false,Rx,0,8,51,0B,DC,42,00,00,34,42,
-1778190029263920,00000380,false,Rx,0,8,00,00,00,00,00,00,00,00,
-1778190029262941,00000381,false,Rx,0,8,05,00,80,3F,00,00,00,00,
-1778190029241727,00000180,false,Rx,0,8,01,00,01,00,00,00,00,00,
-1778190029240748,00000280,false,Rx,0,8,06,8C,E6,3F,00,00,00,00,
-1778190029239814,00000281,false,Rx,0,8,51,0B,DC,42,00,00,34,42,
-1778190029238790,00000380,false,Rx,0,8,00,00,00,00,00,00,00,00,
-1778190029237811,00000381,false,Rx,0,8,05,00,80,3F,00,00,00,00,
-1778190029221301,00000180,false,Rx,0,8,01,00,01,00,00,00,00,00,
-1778190029220321,00000280,false,Rx,0,8,26,8A,E6,3F,00,00,00,00,
-1778190029219389,00000281,false,Rx,0,8,51,0B,DC,42,00,00,34,42,
-1778190029218364,00000380,false,Rx,0,8,00,00,00,00,00,00,00,00,
-1778190029217385,00000381,false,Rx,0,8,05,00,80,3F,00,00,00,00,
-1778190029198588,00000180,false,Rx,0,8,01,00,01,00,00,00,00,00,
-1778190029197610,00000280,false,Rx,0,8,26,8A,E6,3F,00,00,00,00,
-1778190029196677,00000281,false,Rx,0,8,51,0B,DC,42,00,00,34,42,
-1778190029195648,00000380,false,Rx,0,8,00,00,00,00,00,00,00,00,
-1778190029194673,00000381,false,Rx,0,8,05,00,80,3F,00,00,00,00,
-1778190029178153,00000180,false,Rx,0,8,01,00,01,00,00,00,00,00,
-1778190029177193,00000280,false,Rx,0,8,5E,88,E6,3F,00,00,00,00,
-1778190029176260,00000281,false,Rx,0,8,51,0B,DC,42,00,00,34,42,
-1778190029175235,00000380,false,Rx,0,8,00,00,00,00,00,00,00,00,
-1778190029174256,00000381,false,Rx,0,8,05,00,80,3F,00,00,00,00,
-1778190029155434,00000180,false,Rx,0,8,01,00,01,00,00,00,00,00,
-1778190029154471,00000280,false,Rx,0,8,5E,88,E6,3F,00,00,00,00,
-1778190029153640,00000281,false,Rx,0,8,51,0B,DC,42,00,00,34,42,
-1778190029152610,00000380,false,Rx,0,8,00,00,00,00,00,00,00,00,
-1778190029151631,00000381,false,Rx,0,8,05,00,80,3F,00,00,00,00,
-1778190029132958,00000180,false,Rx,0,8,01,00,01,00,00,00,00,00,
-1778190029131995,00000280,false,Rx,0,8,5E,88,E6,3F,00,00,00,00,
-1778190029131061,00000281,false,Rx,0,8,51,0B,DC,42,00,00,34,42,
-1778190029130036,00000380,false,Rx,0,8,00,00,00,00,00,00,00,00,
-1778190029129057,00000381,false,Rx,0,8,05,00,80,3F,00,00,00,00,
-1778190029112541,00000180,false,Rx,0,8,01,00,01,00,00,00,00,00,
-1778190029111577,00000280,false,Rx,0,8,AD,86,E6,3F,00,00,00,00,
-1778190029110644,00000281,false,Rx,0,8,51,0B,DC,42,00,00,34,42,
-1778190029109619,00000380,false,Rx,0,8,00,00,00,00,00,00,00,00,
-1778190029108640,00000381,false,Rx,0,8,05,00,80,3F,00,00,00,00,
-1778190029089810,00000180,false,Rx,0,8,01,00,01,00,00,00,00,00,
-1778190029088846,00000280,false,Rx,0,8,AD,86,E6,3F,00,00,00,00,
-1778190029087918,00000281,false,Rx,0,8,51,0B,DC,42,00,00,34,42,
-1778190029086888,00000380,false,Rx,0,8,00,00,00,00,00,00,00,00,
-1778190029085909,00000381,false,Rx,0,8,05,00,80,3F,00,00,00,00,
-1778190029066777,00000180,false,Rx,0,8,01,00,01,00,00,00,00,00,
-1778190029065806,00000280,false,Rx,0,8,12,85,E6,3F,00,00,00,00,
-1778190029064873,00000281,false,Rx,0,8,51,0B,DC,42,00,00,34,42,
-1778190029063848,00000380,false,Rx,0,8,00,00,00,00,00,00,00,00,
-1778190029062869,00000381,false,Rx,0,8,05,00,80,3F,00,00,00,00,
-1778190029044047,00000180,false,Rx,0,8,01,00,01,00,00,00,00,00,
-1778190029043075,00000280,false,Rx,0,8,12,85,E6,3F,00,00,00,00,
-1778190029042146,00000281,false,Rx,0,8,51,0B,DC,42,00,00,34,42,
-1778190029041117,00000380,false,Rx,0,8,00,00,00,00,00,00,00,00,
-1778190029040138,00000381,false,Rx,0,8,05,00,80,3F,00,00,00,00,
-1778190029023420,00000180,false,Rx,0,8,01,00,01,00,00,00,00,00,
-1778190029022441,00000280,false,Rx,0,8,8B,83,E6,3F,00,00,00,00,
-1778190029021512,00000281,false,Rx,0,8,51,0B,DC,42,00,00,34,42,
-1778190029020483,00000380,false,Rx,0,8,00,00,00,00,00,00,00,00,
-1778190029019505,00000381,false,Rx,0,8,05,00,80,3F,00,00,00,00,
-1778190029000701,00000180,false,Rx,0,8,01,00,01,00,00,00,00,00,
-1778190028999722,00000280,false,Rx,0,8,8B,83,E6,3F,00,00,00,00,
-1778190028998789,00000281,false,Rx,0,8,51,0B,DC,42,00,00,34,42,
-1778190028997764,00000380,false,Rx,0,8,00,00,00,00,00,00,00,00,
-1778190028996785,00000381,false,Rx,0,8,05,00,80,3F,00,00,00,00,
-1778190028978131,00000180,false,Rx,0,8,01,00,01,00,00,00,00,00,
-1778190028977152,00000280,false,Rx,0,8,8B,83,E6,3F,00,00,00,00,
-1778190028976220,00000281,false,Rx,0,8,51,0B,DC,42,00,00,34,42,
-1778190028975194,00000380,false,Rx,0,8,00,00,00,00,00,00,00,00,
-1778190028974313,00000381,false,Rx,0,8,05,00,80,3F,00,00,00,00,
-1778190028957706,00000180,false,Rx,0,8,01,00,01,00,00,00,00,00,
-1778190028956720,00000280,false,Rx,0,8,18,82,E6,3F,00,00,00,00,
-1778190028955788,00000281,false,Rx,0,8,51,0B,DC,42,00,00,34,42,
-1778190028954762,00000380,false,Rx,0,8,00,00,00,00,00,00,00,00,
-1778190028953881,00000381,false,Rx,0,8,05,00,80,3F,00,00,00,00,
-1778190028934960,00000180,false,Rx,0,8,01,00,01,00,00,00,00,00,
-1778190028934074,00000280,false,Rx,0,8,18,82,E6,3F,00,00,00,00,
-1778190028933142,00000281,false,Rx,0,8,51,0B,DC,42,00,00,34,42,
-1778190028932117,00000380,false,Rx,0,8,00,00,00,00,00,00,00,00,
-1778190028931135,00000381,false,Rx,0,8,05,00,80,3F,00,00,00,00,
-1778190028912045,00000180,false,Rx,0,8,01,00,01,00,00,00,00,00,
-1778190028911074,00000280,false,Rx,0,8,B6,80,E6,3F,00,00,00,00,
-1778190028910142,00000281,false,Rx,0,8,51,0B,DC,42,00,00,34,42,
-1778190028909116,00000380,false,Rx,0,8,00,00,00,00,00,00,00,00,
-1778190028908133,00000381,false,Rx,0,8,05,00,80,3F,00,00,00,00,
-1778190028889299,00000180,false,Rx,0,8,01,00,01,00,00,00,00,00,
-1778190028888328,00000280,false,Rx,0,8,B6,80,E6,3F,00,00,00,00,
-1778190028887399,00000281,false,Rx,0,8,51,0B,DC,42,00,00,34,42,
-1778190028886369,00000380,false,Rx,0,8,00,00,00,00,00,00,00,00,
-1778190028885391,00000381,false,Rx,0,8,05,00,80,3F,00,00,00,00,
-1778190028868697,00000180,false,Rx,0,8,01,00,01,00,00,00,00,00,
-1778190028867717,00000280,false,Rx,0,8,66,7F,E6,3F,00,00,00,00,
-1778190028866788,00000281,false,Rx,0,8,51,0B,DC,42,00,00,34,42,
-1778190028865760,00000380,false,Rx,0,8,00,00,00,00,00,00,00,00,
-1778190028864781,00000381,false,Rx,0,8,05,00,80,3F,00,00,00,00,
-1778190028848523,00000180,false,Rx,0,8,01,00,01,00,00,00,00,00,
-1778190028847543,00000280,false,Rx,0,8,66,7F,E6,3F,00,00,00,00,
-1778190028846611,00000281,false,Rx,0,8,51,0B,DC,42,00,00,34,42,
-1778190028845586,00000380,false,Rx,0,8,00,00,00,00,00,00,00,00,
-1778190028844607,00000381,false,Rx,0,8,05,00,80,3F,00,00,00,00,
-1778190028825802,00000180,false,Rx,0,8,01,00,01,00,00,00,00,00,
-1778190028824824,00000280,false,Rx,0,8,66,7F,E6,3F,00,00,00,00,
-1778190028823891,00000281,false,Rx,0,8,51,0B,DC,42,00,00,34,42,
-1778190028822861,00000380,false,Rx,0,8,00,00,00,00,00,00,00,00,
-1778190028821883,00000381,false,Rx,0,8,05,00,80,3F,00,00,00,00,
-1778190028805182,00000180,false,Rx,0,8,01,00,01,00,00,00,00,00,
-1778190028804194,00000280,false,Rx,0,8,28,7E,E6,3F,00,00,00,00,
-1778190028803266,00000281,false,Rx,0,8,51,0B,DC,42,00,00,34,42,
-1778190028802237,00000380,false,Rx,0,8,00,00,00,00,00,00,00,00,
-1778190028801258,00000381,false,Rx,0,8,05,00,80,3F,00,00,00,00,
-1778190028782462,00000180,false,Rx,0,8,01,00,01,00,00,00,00,00,
-1778190028781475,00000280,false,Rx,0,8,28,7E,E6,3F,00,00,00,00,
-1778190028780546,00000281,false,Rx,0,8,51,0B,DC,42,00,00,34,42,
-1778190028779517,00000380,false,Rx,0,8,00,00,00,00,00,00,00,00,
-1778190028778538,00000381,false,Rx,0,8,05,00,80,3F,00,00,00,00,
-1778190028759630,00000180,false,Rx,0,8,01,00,01,00,00,00,00,00,
-1778190028758648,00000280,false,Rx,0,8,FA,7C,E6,3F,00,00,00,00,
-1778190028757719,00000281,false,Rx,0,8,51,0B,DC,42,00,00,34,42,
-1778190028756690,00000380,false,Rx,0,8,00,00,00,00,00,00,00,00,
-1778190028755711,00000381,false,Rx,0,8,05,00,80,3F,00,00,00,00,
-1778190028736900,00000180,false,Rx,0,8,01,00,01,00,00,00,00,00,
-1778190028735921,00000280,false,Rx,0,8,FA,7C,E6,3F,00,00,00,00,
-1778190028734989,00000281,false,Rx,0,8,51,0B,DC,42,00,00,34,42,
-1778190028734062,00000380,false,Rx,0,8,00,00,00,00,00,00,00,00,
-1778190028733085,00000381,false,Rx,0,8,05,00,80,3F,00,00,00,00,
-1778190028714200,00000180,false,Rx,0,8,01,00,01,00,00,00,00,00,
-1778190028713219,00000280,false,Rx,0,8,FA,7C,E6,3F,00,00,00,00,
-1778190028712291,00000281,false,Rx,0,8,51,0B,DC,42,00,00,34,42,
-1778190028711261,00000380,false,Rx,0,8,00,00,00,00,00,00,00,00,
-1778190028710282,00000381,false,Rx,0,8,05,00,80,3F,00,00,00,00,
-1778190028693597,00000180,false,Rx,0,8,01,00,01,00,00,00,00,00,
-1778190028692626,00000280,false,Rx,0,8,DA,7B,E6,3F,00,00,00,00,
-1778190028691697,00000281,false,Rx,0,8,51,0B,DC,42,00,00,34,42,
-1778190028690667,00000380,false,Rx,0,8,00,00,00,00,00,00,00,00,
-1778190028689689,00000381,false,Rx,0,8,05,00,80,3F,00,00,00,00,
-1778190028670876,00000180,false,Rx,0,8,01,00,01,00,00,00,00,00,
-1778190028669905,00000280,false,Rx,0,8,DA,7B,E6,3F,00,00,00,00,
-1778190028668973,00000281,false,Rx,0,8,51,0B,DC,42,00,00,34,42,
-1778190028667948,00000380,false,Rx,0,8,00,00,00,00,00,00,00,00,
-1778190028666968,00000381,false,Rx,0,8,05,00,80,3F,00,00,00,00,
-1778190028650453,00000180,false,Rx,0,8,01,00,01,00,00,00,00,00,
-1778190028649469,00000280,false,Rx,0,8,C8,7A,E6,3F,00,00,00,00,
-1778190028648540,00000281,false,Rx,0,8,51,0B,DC,42,00,00,34,42,
-1778190028647512,00000380,false,Rx,0,8,00,00,00,00,00,00,00,00,
-1778190028646533,00000381,false,Rx,0,8,05,00,80,3F,00,00,00,00,
-1778190028627747,00000180,false,Rx,0,8,01,00,01,00,00,00,00,00,
-1778190028626769,00000280,false,Rx,0,8,C8,7A,E6,3F,00,00,00,00,
-1778190028625836,00000281,false,Rx,0,8,51,0B,DC,42,00,00,34,42,
-1778190028624811,00000380,false,Rx,0,8,00,00,00,00,00,00,00,00,
-1778190028623832,00000381,false,Rx,0,8,05,00,80,3F,00,00,00,00,
-1778190028607305,00000180,false,Rx,0,8,01,00,01,00,00,00,00,00,
-1778190028606344,00000280,false,Rx,0,8,C5,79,E6,3F,00,00,00,00,
-1778190028605412,00000281,false,Rx,0,8,51,0B,DC,42,00,00,34,42,
-1778190028604387,00000380,false,Rx,0,8,00,00,00,00,00,00,00,00,
-1778190028603404,00000381,false,Rx,0,8,05,00,80,3F,00,00,00,00,
-1778190028581970,00000180,false,Rx,0,8,01,00,01,00,00,00,00,00,
-1778190028581006,00000280,false,Rx,0,8,C5,79,E6,3F,00,00,00,00,
-1778190028580073,00000281,false,Rx,0,8,51,0B,DC,42,00,00,34,42,
-1778190028579049,00000380,false,Rx,0,8,00,00,00,00,00,00,00,00,
-1778190028578070,00000381,false,Rx,0,8,05,00,80,3F,00,00,00,00,
